2026-03-06 13:19:47,626 DEBUG Using selector: EpollSelector
2026-03-06 13:19:47,645 DEBUG entering code: StateBlock(line=0,level=0,tokens=0), 0, 1, False
2026-03-06 13:19:47,656 DEBUG entering fence: StateBlock(line=0,level=0,tokens=0), 0, 1, False
2026-03-06 13:19:47,673 DEBUG entering blockquote: StateBlock(line=0,level=0,tokens=0), 0, 1, False
2026-03-06 13:19:47,683 DEBUG entering hr: StateBlock(line=0,level=0,tokens=0), 0, 1, False
2026-03-06 13:19:47,699 DEBUG entering list: StateBlock(line=0,level=0,tokens=0), 0, 1, False
2026-03-06 13:19:47,706 DEBUG entering reference: StateBlock(line=0,level=0,tokens=0), 0, 1, False
2026-03-06 13:19:47,706 DEBUG entering html_block: StateBlock(line=0,level=0,tokens=0), 0, 1, False
2026-03-06 13:19:47,706 DEBUG entering heading: StateBlock(line=0,level=0,tokens=0), 0, 1, False
2026-03-06 13:19:47,706 DEBUG entering lheading: StateBlock(line=0,level=0,tokens=0), 0, 1, False
2026-03-06 13:19:47,706 DEBUG entering paragraph: StateBlock(line=0,level=0,tokens=0), 0, 1, False
2026-03-06 13:19:47,798 DEBUG entering code: StateBlock(line=0,level=0,tokens=0), 0, 1, False
2026-03-06 13:19:47,810 DEBUG entering fence: StateBlock(line=0,level=0,tokens=0), 0, 1, False
2026-03-06 13:19:47,823 DEBUG entering blockquote: StateBlock(line=0,level=0,tokens=0), 0, 1, False
2026-03-06 13:19:47,825 DEBUG entering hr: StateBlock(line=0,level=0,tokens=0), 0, 1, False
2026-03-06 13:19:47,827 DEBUG entering list: StateBlock(line=0,level=0,tokens=0), 0, 1, False
2026-03-06 13:19:47,828 DEBUG entering reference: StateBlock(line=0,level=0,tokens=0), 0, 1, False
2026-03-06 13:19:47,828 DEBUG entering html_block: StateBlock(line=0,level=0,tokens=0), 0, 1, False
2026-03-06 13:19:47,828 DEBUG entering heading: StateBlock(line=0,level=0,tokens=0), 0, 1, False
2026-03-06 13:19:47,828 DEBUG entering lheading: StateBlock(line=0,level=0,tokens=0), 0, 1, False
2026-03-06 13:19:47,828 DEBUG entering paragraph: StateBlock(line=0,level=0,tokens=0), 0, 1, False
2026-03-06 13:19:47,871 DEBUG = connection is CONNECTING
2026-03-06 13:19:47,925 DEBUG > GET /ws HTTP/1.1
2026-03-06 13:19:47,925 DEBUG > Host: mad.goteamup.io
2026-03-06 13:19:47,925 DEBUG > Upgrade: websocket
2026-03-06 13:19:47,925 DEBUG > Connection: Upgrade
2026-03-06 13:19:47,925 DEBUG > Sec-WebSocket-Key: 4Dflj+2oTG8KRimvpo/xqg==
2026-03-06 13:19:47,925 DEBUG > Sec-WebSocket-Version: 13
2026-03-06 13:19:47,925 DEBUG > Sec-WebSocket-Extensions: permessage-deflate; client_max_window_bits
2026-03-06 13:19:47,925 DEBUG > Authorization: Bearer 9505ddd5b9a59795bfcd2e32b37e97f7a2c52913d0cbd5f0
2026-03-06 13:19:47,925 DEBUG > User-Agent: Python/3.12 websockets/16.0
2026-03-06 13:19:47,960 DEBUG < HTTP/1.1 101 Switching Protocols
2026-03-06 13:19:47,961 DEBUG < Connection: Upgrade
2026-03-06 13:19:47,961 DEBUG < Sec-Websocket-Accept: dDulEvHGHGmSw0x3y6kJQDHUX00=
2026-03-06 13:19:47,961 DEBUG < Server: Caddy
2026-03-06 13:19:47,961 DEBUG < Upgrade: websocket
2026-03-06 13:19:47,962 DEBUG = connection is OPEN
2026-03-06 13:19:47,962 DEBUG > TEXT '{"type": "register", "client_id": "wsl-mad-cwd"...e97f7a2c52913d0cbd5f0"}' [111 bytes]
2026-03-06 13:19:47,995 DEBUG < TEXT '{"type":"ack"}' [14 bytes]
2026-03-06 13:19:47,995 INFO Connected to server as 'wsl-mad-cwd'
2026-03-06 13:19:48,000 DEBUG > TEXT '{"type": "state_update", "client_id": "wsl-mad-...se, "auto_impl": false}' [55358 bytes]
2026-03-06 13:19:52,732 DEBUG > TEXT '{"type": "state_update", "client_id": "wsl-mad-...se, "auto_impl": false}' [55358 bytes]
2026-03-06 13:19:57,758 DEBUG > TEXT '{"type": "state_update", "client_id": "wsl-mad-...se, "auto_impl": false}' [55358 bytes]
2026-03-06 13:19:57,762 DEBUG > TEXT '{"type": "state_update", "client_id": "wsl-mad-...se, "auto_impl": false}' [55358 bytes]
2026-03-06 13:20:02,732 DEBUG > TEXT '{"type": "state_update", "client_id": "wsl-mad-...se, "auto_impl": false}' [55358 bytes]
2026-03-06 13:20:07,731 DEBUG > TEXT '{"type": "state_update", "client_id": "wsl-mad-...se, "auto_impl": false}' [55358 bytes]
2026-03-06 13:20:07,963 DEBUG > PING 31 aa f2 b0 [binary, 4 bytes]
2026-03-06 13:20:07,963 DEBUG % sent keepalive ping
2026-03-06 13:20:07,993 DEBUG < PONG 31 aa f2 b0 [binary, 4 bytes]
2026-03-06 13:20:07,994 DEBUG % received keepalive pong
2026-03-06 13:20:12,732 DEBUG > TEXT '{"type": "state_update", "client_id": "wsl-mad-...se, "auto_impl": false}' [55358 bytes]
2026-03-06 13:20:17,730 DEBUG > TEXT '{"type": "state_update", "client_id": "wsl-mad-...se, "auto_impl": false}' [55358 bytes]
2026-03-06 13:20:22,730 DEBUG > TEXT '{"type": "state_update", "client_id": "wsl-mad-...se, "auto_impl": false}' [55358 bytes]
2026-03-06 13:20:27,729 DEBUG > TEXT '{"type": "state_update", "client_id": "wsl-mad-...se, "auto_impl": false}' [55358 bytes]
2026-03-06 13:20:27,961 DEBUG > PING 6d d3 ec 2b [binary, 4 bytes]
2026-03-06 13:20:27,962 DEBUG % sent keepalive ping
2026-03-06 13:20:27,994 DEBUG < PONG 6d d3 ec 2b [binary, 4 bytes]
2026-03-06 13:20:27,995 DEBUG % received keepalive pong
2026-03-06 13:20:32,730 DEBUG > TEXT '{"type": "state_update", "client_id": "wsl-mad-...se, "auto_impl": false}' [55358 bytes]
2026-03-06 13:20:37,729 DEBUG > TEXT '{"type": "state_update", "client_id": "wsl-mad-...se, "auto_impl": false}' [55358 bytes]
2026-03-06 13:20:41,960 DEBUG < PING '' [0 bytes]
2026-03-06 13:20:41,960 DEBUG > PONG '' [0 bytes]
2026-03-06 13:20:42,729 DEBUG > TEXT '{"type": "state_update", "client_id": "wsl-mad-...se, "auto_impl": false}' [55358 bytes]
2026-03-06 13:20:47,728 DEBUG > TEXT '{"type": "state_update", "client_id": "wsl-mad-...se, "auto_impl": false}' [55358 bytes]
2026-03-06 13:20:47,961 DEBUG > PING 7a ad 97 ce [binary, 4 bytes]
2026-03-06 13:20:47,962 DEBUG % sent keepalive ping
2026-03-06 13:20:47,993 DEBUG < PONG 7a ad 97 ce [binary, 4 bytes]
2026-03-06 13:20:47,993 DEBUG % received keepalive pong
2026-03-06 13:20:52,728 DEBUG > TEXT '{"type": "state_update", "client_id": "wsl-mad-...se, "auto_impl": false}' [55358 bytes]
2026-03-06 13:20:57,728 DEBUG > TEXT '{"type": "state_update", "client_id": "wsl-mad-...se, "auto_impl": false}' [55358 bytes]
2026-03-06 13:21:02,728 DEBUG > TEXT '{"type": "state_update", "client_id": "wsl-mad-...se, "auto_impl": false}' [55358 bytes]
2026-03-06 13:21:07,728 DEBUG > TEXT '{"type": "state_update", "client_id": "wsl-mad-...se, "auto_impl": false}' [55358 bytes]
2026-03-06 13:21:07,963 DEBUG > PING 0d a6 e6 b7 [binary, 4 bytes]
2026-03-06 13:21:07,963 DEBUG % sent keepalive ping
2026-03-06 13:21:07,995 DEBUG < PONG 0d a6 e6 b7 [binary, 4 bytes]
2026-03-06 13:21:07,996 DEBUG % received keepalive pong
2026-03-06 13:21:12,728 DEBUG > TEXT '{"type": "state_update", "client_id": "wsl-mad-...se, "auto_impl": false}' [55358 bytes]
2026-03-06 13:21:17,723 DEBUG > TEXT '{"type": "state_update", "client_id": "wsl-mad-...se, "auto_impl": false}' [55358 bytes]
2026-03-06 13:21:22,722 DEBUG > TEXT '{"type": "state_update", "client_id": "wsl-mad-...se, "auto_impl": false}' [55358 bytes]
2026-03-06 13:21:27,723 DEBUG > TEXT '{"type": "state_update", "client_id": "wsl-mad-...se, "auto_impl": false}' [55358 bytes]
2026-03-06 13:21:27,959 DEBUG > PING 87 01 3a 11 [binary, 4 bytes]
2026-03-06 13:21:27,959 DEBUG % sent keepalive ping
2026-03-06 13:21:27,994 DEBUG < PONG 87 01 3a 11 [binary, 4 bytes]
2026-03-06 13:21:27,994 DEBUG % received keepalive pong
2026-03-06 13:21:32,722 DEBUG > TEXT '{"type": "state_update", "client_id": "wsl-mad-...se, "auto_impl": false}' [55358 bytes]
2026-03-06 13:21:34,839 DEBUG > TEXT '{"type": "disconnect", "client_id": "wsl-mad-cwd"}' [50 bytes]
2026-03-06 13:21:34,839 DEBUG > CLOSE 1000 (OK) [2 bytes]
2026-03-06 13:21:34,839 DEBUG = connection is CLOSING
2026-03-06 13:21:35,042 DEBUG < CLOSE 1000 (OK) [2 bytes]
2026-03-06 13:21:35,043 DEBUG < EOF
2026-03-06 13:21:35,043 DEBUG > EOF
2026-03-06 13:21:35,043 DEBUG = connection is CLOSED
2026-03-06 13:21:35,043 DEBUG x closing TCP connection
2026-03-06 13:21:36,469 INFO Connected to server as 'wsl-mad-cwd'
2026-03-06 13:21:41,115 INFO Connected to server as 'wsl-mad-cwd'
2026-03-06 13:21:44,606 INFO Starting kilo with cmd: ['kilo', 'run', '--auto', '--format', 'json']
2026-03-06 13:21:44,606 INFO status.feature_slug = 'webui-key-prompt'
2026-03-06 13:21:44,606 INFO Logging to: /home/paule/MAD/logs/kilo-webui-key-prompt-1772832104.log
2026-03-06 13:23:29,144 INFO Starting kilo with cmd: ['kilo', 'run', '--auto', '--format', 'json']
2026-03-06 13:23:29,144 INFO status.feature_slug = 'webui-key-prompt'
2026-03-06 13:23:29,144 INFO Logging to: /home/paule/MAD/logs/kilo-webui-key-prompt-1772832209.log
2026-03-06 13:24:50,871 INFO Starting kilo with cmd: ['kilo', 'run', '--auto', '--format', 'json']
2026-03-06 13:24:50,871 INFO status.feature_slug = 'add-ability-to-control-auto-plan-and-auto-impl-from-web-ui'
2026-03-06 13:24:50,871 INFO Logging to: /home/paule/MAD/logs/kilo-add-ability-to-control-auto-plan-and-auto-impl-from-web-ui-1772832290.log
2026-03-06 13:25:34,118 INFO Starting kilo with cmd: ['kilo', 'run', '--auto', '--format', 'json']
2026-03-06 13:25:34,118 INFO status.feature_slug = 'add-ability-to-control-auto-plan-and-auto-impl-from-web-ui'
2026-03-06 13:25:34,118 INFO Logging to: /home/paule/MAD/logs/kilo-add-ability-to-control-auto-plan-and-auto-impl-from-web-ui-1772832334.log
2026-03-06 13:27:39,945 INFO Starting kilo with cmd: ['kilo', 'run', '--auto', '--format', 'json']
2026-03-06 13:27:39,946 INFO status.feature_slug = 'add-ability-to-control-auto-plan-and-auto-impl-from-web-ui'
2026-03-06 13:27:39,946 INFO Logging to: /home/paule/MAD/logs/kilo-add-ability-to-control-auto-plan-and-auto-impl-from-web-ui-1772832459.log
2026-03-06 13:29:06,756 INFO Starting kilo with cmd: ['kilo', 'run', '--auto', '--format', 'json']
2026-03-06 13:29:06,756 INFO status.feature_slug = 'add-ability-to-control-auto-plan-and-auto-impl-from-web-ui'
2026-03-06 13:29:06,756 INFO Logging to: /home/paule/MAD/logs/kilo-add-ability-to-control-auto-plan-and-auto-impl-from-web-ui-1772832546.log
2026-03-06 13:38:37,306 INFO Starting kilo with cmd: ['kilo', 'run', '--auto', '--format', 'json']
2026-03-06 13:38:37,306 INFO status.feature_slug = 'add-ability-to-control-auto-plan-and-auto-impl-from-web-ui'
2026-03-06 13:38:37,306 INFO Logging to: /home/paule/MAD/logs/kilo-add-ability-to-control-auto-plan-and-auto-impl-from-web-ui-1772833117.log
2026-03-06 13:42:51,468 INFO Starting kilo with cmd: ['kilo', 'run', '--auto', '--format', 'json']
2026-03-06 13:42:51,478 INFO status.feature_slug = 'add-ability-to-control-auto-plan-and-auto-impl-from-web-ui'
2026-03-06 13:42:51,494 INFO Logging to: /home/paule/MAD/logs/kilo-add-ability-to-control-auto-plan-and-auto-impl-from-web-ui-1772833371.log
2026-03-06 13:43:50,972 INFO Starting kilo with cmd: ['kilo', 'run', '--auto', '--format', 'json']
2026-03-06 13:43:50,972 INFO status.feature_slug = 'add-ability-to-control-auto-plan-and-auto-impl-from-web-ui'
2026-03-06 13:43:50,973 INFO Logging to: /home/paule/MAD/logs/kilo-add-ability-to-control-auto-plan-and-auto-impl-from-web-ui-1772833430.log
2026-03-06 13:44:37,290 INFO Connected to server as 'wsl-mad-cwd'
2026-03-06 13:46:26,987 INFO Starting kilo with cmd: ['kilo', 'run', '--auto', '--format', 'json']
2026-03-06 13:46:26,987 INFO status.feature_slug = 'webui-key-prompt'
2026-03-06 13:46:26,987 INFO Logging to: /home/paule/MAD/logs/kilo-webui-key-prompt-1772833586.log
2026-03-06 13:49:53,017 INFO Starting kilo with cmd: ['kilo', 'run', '--auto', '--format', 'json']
2026-03-06 13:49:53,017 INFO status.feature_slug = 'webui-key-prompt'
2026-03-06 13:49:53,017 INFO Logging to: /home/paule/MAD/logs/kilo-webui-key-prompt-1772833793.log
2026-03-06 13:51:03,362 INFO Connected to server as 'wsl-mad-cwd'
2026-03-06 13:54:52,798 INFO Server connection lost, will reconnect...
2026-03-06 13:54:52,799 WARNING Failed to push state: no close frame received or sent
2026-03-06 13:54:52,800 WARNING Failed to push state: no close frame received or sent
2026-03-06 13:54:52,821 INFO Starting kilo with cmd: ['kilo', 'run', '--auto', '--format', 'json']
2026-03-06 13:54:52,839 INFO status.feature_slug = 'webui-key-prompt'
2026-03-06 13:54:52,854 INFO Logging to: /home/paule/MAD/logs/kilo-webui-key-prompt-1772834092.log
2026-03-06 13:54:54,032 INFO Connected to server as 'wsl-mad-cwd'
2026-03-06 13:55:03,775 INFO Connected to server as 'wsl-mad-cwd'
2026-03-06 14:05:45,140 INFO Server connection lost, will reconnect...
2026-03-06 14:05:45,141 WARNING Failed to push state: no close frame received or sent
2026-03-06 14:05:45,142 WARNING Failed to push state: no close frame received or sent
2026-03-06 14:05:45,198 INFO Starting kilo with cmd: ['kilo', 'run', '--auto', '--format', 'json']
2026-03-06 14:05:45,205 INFO status.feature_slug = 'webui-key-prompt'
2026-03-06 14:05:45,205 INFO Logging to: /home/paule/MAD/logs/kilo-webui-key-prompt-1772834745.log
2026-03-06 14:05:46,364 INFO Connected to server as 'wsl-mad-cwd'
2026-03-06 14:06:22,801 INFO Connected to server as 'wsl-mad-cwd'
2026-03-06 14:06:32,559 INFO Starting kilo with cmd: ['kilo', '--prompt', 'Read /home/paule/MAD/.tmp/webui-key-prompt.instructions and follow the instructions exactly.', '--auto', '--format', 'json']
2026-03-06 14:06:32,559 INFO status.feature_slug = 'webui-key-prompt'
2026-03-06 14:06:32,559 INFO Logging to: /home/paule/MAD/logs/kilo-webui-key-prompt-1772834792.log
2026-03-06 14:10:38,628 INFO Connected to server as 'wsl-mad-cwd'
2026-03-06 14:10:41,268 INFO Starting kilo with cmd: ['kilo', 'json', 'run', 'Read /home/paule/MAD/.tmp/webui-key-prompt.instructions and follow the instructions exactly.', '--auto', '--format']
2026-03-06 14:10:41,268 INFO status.feature_slug = 'webui-key-prompt'
2026-03-06 14:10:41,268 INFO Logging to: /home/paule/MAD/logs/kilo-webui-key-prompt-1772835041.log
2026-03-06 14:12:03,316 INFO Connected to server as 'wsl-mad-cwd'
2026-03-06 14:12:05,731 INFO Starting kilo with cmd: ['kilo', 'json', 'run', 'Read /home/paule/MAD/.tmp/webui-key-prompt.instructions and follow the instructions exactly.', '--auto', '--format']
2026-03-06 14:12:05,731 INFO status.feature_slug = 'webui-key-prompt'
2026-03-06 14:12:05,731 INFO Logging to: /home/paule/MAD/logs/kilo-webui-key-prompt-1772835125.log
2026-03-06 14:12:36,079 INFO Connected to server as 'wsl-mad-cwd'
2026-03-06 14:12:38,384 INFO Starting kilo with cmd: ['kilo', 'json', 'run', 'Read /home/paule/MAD/.tmp/webui-key-prompt.instructions and follow the instructions exactly.', '--auto', '--format']
2026-03-06 14:12:38,384 INFO status.feature_slug = 'webui-key-prompt'
2026-03-06 14:12:38,384 INFO Logging to: /home/paule/MAD/logs/kilo-webui-key-prompt-1772835158.log
2026-03-06 14:12:41,242 INFO Starting kilo with cmd: ['kilo', 'json', 'run', 'Read /home/paule/MAD/.tmp/webui-key-prompt.instructions and follow the instructions exactly.', '--auto', '--format']
2026-03-06 14:12:41,242 INFO status.feature_slug = 'webui-key-prompt'
2026-03-06 14:12:41,242 INFO Logging to: /home/paule/MAD/logs/kilo-webui-key-prompt-1772835161.log
2026-03-06 14:12:42,865 INFO Starting kilo with cmd: ['kilo', 'json', 'run', 'Read /home/paule/MAD/.tmp/webui-key-prompt.instructions and follow the instructions exactly.', '--auto', '--format']
2026-03-06 14:12:42,865 INFO status.feature_slug = 'webui-key-prompt'
2026-03-06 14:12:42,865 INFO Logging to: /home/paule/MAD/logs/kilo-webui-key-prompt-1772835162.log
2026-03-06 14:12:44,359 INFO Starting kilo with cmd: ['kilo', 'json', 'run', 'Read /home/paule/MAD/.tmp/webui-key-prompt.instructions and follow the instructions exactly.', '--auto', '--format']
2026-03-06 14:12:44,359 INFO status.feature_slug = 'webui-key-prompt'
2026-03-06 14:12:44,359 INFO Logging to: /home/paule/MAD/logs/kilo-webui-key-prompt-1772835164.log
2026-03-06 14:12:45,580 INFO Starting kilo with cmd: ['kilo', 'json', 'run', 'Read /home/paule/MAD/.tmp/webui-key-prompt.instructions and follow the instructions exactly.', '--auto', '--format']
2026-03-06 14:12:45,580 INFO status.feature_slug = 'webui-key-prompt'
2026-03-06 14:12:45,580 INFO Logging to: /home/paule/MAD/logs/kilo-webui-key-prompt-1772835165.log
2026-03-06 14:12:47,890 INFO Starting kilo with cmd: ['kilo', 'json', 'run', 'Read /home/paule/MAD/.tmp/webui-key-prompt.instructions and follow the instructions exactly.', '--auto', '--format']
2026-03-06 14:12:47,890 INFO status.feature_slug = 'webui-key-prompt'
2026-03-06 14:12:47,890 INFO Logging to: /home/paule/MAD/logs/kilo-webui-key-prompt-1772835167.log
2026-03-06 14:12:49,274 INFO Starting kilo with cmd: ['kilo', 'json', 'run', 'Read /home/paule/MAD/.tmp/webui-key-prompt.instructions and follow the instructions exactly.', '--auto', '--format']
2026-03-06 14:12:49,274 INFO status.feature_slug = 'webui-key-prompt'
2026-03-06 14:12:49,274 INFO Logging to: /home/paule/MAD/logs/kilo-webui-key-prompt-1772835169.log
2026-03-06 14:12:50,487 INFO Starting kilo with cmd: ['kilo', 'json', 'run', 'Read /home/paule/MAD/.tmp/webui-key-prompt.instructions and follow the instructions exactly.', '--auto', '--format']
2026-03-06 14:12:50,487 INFO status.feature_slug = 'webui-key-prompt'
2026-03-06 14:12:50,487 INFO Logging to: /home/paule/MAD/logs/kilo-webui-key-prompt-1772835170.log
2026-03-06 14:13:48,931 INFO Connected to server as 'wsl-mad-cwd'
2026-03-06 14:14:09,862 INFO Connected to server as 'wsl-mad-cwd'
2026-03-06 14:14:14,930 INFO Starting kilo with cmd: ['kilo', 'json', 'run', 'Read /home/paule/MAD/.tmp/webui-key-prompt.instructions and follow the instructions exactly.', '--auto', '--format']
2026-03-06 14:14:14,930 INFO status.feature_slug = 'webui-key-prompt'
2026-03-06 14:14:14,930 INFO Logging to: /home/paule/MAD/logs/kilo-webui-key-prompt-1772835254.log
2026-03-06 14:21:04,754 INFO Connected to server as 'wsl-mad-cwd'
2026-03-06 14:21:14,479 INFO Starting kilo with cmd: ['kilo', 'run', '--auto', '--format=json', 'Read /home/paule/MAD/.tmp/webui-key-prompt.instructions and follow the instructions exactly.']
2026-03-06 14:21:14,479 INFO status.feature_slug = 'webui-key-prompt'
2026-03-06 14:21:14,479 INFO Logging to: /home/paule/MAD/logs/kilo-webui-key-prompt-1772835674.log
2026-03-06 14:22:31,782 INFO Starting kilo with cmd: ['kilo', 'run', '--auto', '--format=json', 'Read /home/paule/MAD/.tmp/webui-key-prompt.instructions and follow the instructions exactly.']
2026-03-06 14:22:31,782 INFO status.feature_slug = 'webui-key-prompt'
2026-03-06 14:22:31,782 INFO Logging to: /home/paule/MAD/logs/kilo-webui-key-prompt-1772835751.log
2026-03-06 14:23:08,345 INFO Starting kilo with cmd: ['kilo', 'run', '--auto', '--format=json', 'Read /home/paule/MAD/.tmp/webui-key-prompt.instructions and follow the instructions exactly.']
2026-03-06 14:23:08,345 INFO status.feature_slug = 'webui-key-prompt'
2026-03-06 14:23:08,345 INFO Logging to: /home/paule/MAD/logs/kilo-webui-key-prompt-1772835788.log
2026-03-06 14:28:11,877 INFO Server connection lost, will reconnect...
2026-03-06 14:28:11,878 WARNING Failed to push state: no close frame received or sent
2026-03-06 14:28:11,878 WARNING Failed to push state: no close frame received or sent
2026-03-06 14:28:13,197 INFO Connected to server as 'wsl-mad-cwd'
2026-03-06 14:32:12,690 INFO Server connection lost, will reconnect...
2026-03-06 14:32:12,690 WARNING Failed to push state: no close frame received or sent
2026-03-06 14:32:12,690 WARNING Failed to push state: no close frame received or sent
2026-03-06 14:32:13,904 INFO Connected to server as 'wsl-mad-cwd'
2026-03-06 14:32:37,952 INFO Connected to server as 'wsl-mad-cwd'
2026-03-06 14:32:47,686 INFO Starting kilo with cmd: ['kilo', 'run', '--auto', '--format=json', 'Read /home/paule/MAD/.tmp/add-code-path-to-board.instructions and follow the instructions exactly.']
2026-03-06 14:32:47,687 INFO status.feature_slug = 'add-code-path-to-board'
2026-03-06 14:32:47,710 INFO Logging to: /home/paule/MAD/logs/kilo-add-code-path-to-board-1772836367.log
2026-03-06 14:32:47,722 INFO Starting kilo with cmd: ['kilo', 'run', '--auto', '--format=json', 'Read /home/paule/MAD/.tmp/add-ability-to-create-new-ideas-from-the-server-view.instructions and follow the instructions exactly.']
2026-03-06 14:32:47,722 INFO status.feature_slug = 'add-ability-to-create-new-ideas-from-the-server-view'
2026-03-06 14:32:47,723 INFO Logging to: /home/paule/MAD/logs/kilo-add-ability-to-create-new-ideas-from-the-server-view-1772836367.log
2026-03-06 14:33:07,968 INFO Starting kilo with cmd: ['kilo', 'run', '--auto', '--format=json', 'Read /home/paule/MAD/.tmp/add-code-path-to-board.instructions and follow the instructions exactly.']
2026-03-06 14:33:07,968 INFO status.feature_slug = 'add-code-path-to-board'
2026-03-06 14:33:07,968 INFO Logging to: /home/paule/MAD/logs/kilo-add-code-path-to-board-1772836387.log
2026-03-06 14:35:33,297 INFO Connected to server as 'wsl-mad-cwd'
2026-03-06 14:35:42,939 INFO Starting kilo with cmd: ['kilo', 'run', '--auto', 'Read /home/paule/MAD/.tmp/slimmer-item-details.instructions and follow the instructions exactly.']
2026-03-06 14:35:42,939 INFO status.feature_slug = 'slimmer-item-details'
2026-03-06 14:35:42,941 INFO Logging to: /home/paule/MAD/logs/kilo-slimmer-item-details-1772836542.log
2026-03-06 14:35:43,024 INFO Starting kilo with cmd: ['kilo', 'run', '--auto', 'Read /home/paule/MAD/.tmp/ability-to-start-planning-or-implementing-a-specific-item-from-the-web-ui.instructions and follow the instructions exactly.']
2026-03-06 14:35:43,024 INFO status.feature_slug = 'ability-to-start-planning-or-implementing-a-specific-item-from-the-web-ui'
2026-03-06 14:35:43,024 INFO Logging to: /home/paule/MAD/logs/kilo-ability-to-start-planning-or-implementing-a-specific-item-from-the-web-ui-1772836543.log
2026-03-06 14:38:25,202 INFO Starting kilo with cmd: ['kilo', 'run', '--auto', 'Read /home/paule/MAD/.tmp/ability-to-start-planning-or-implementing-a-specific-item-from-the-web-ui.instructions and follow the instructions exactly.']
2026-03-06 14:38:25,202 INFO status.feature_slug = 'ability-to-start-planning-or-implementing-a-specific-item-from-the-web-ui'
2026-03-06 14:38:25,202 INFO Logging to: /home/paule/MAD/logs/kilo-ability-to-start-planning-or-implementing-a-specific-item-from-the-web-ui-1772836705.log
2026-03-06 14:38:53,308 INFO Starting kilo with cmd: ['kilo', 'run', '--auto', 'Read /home/paule/MAD/.tmp/slimmer-item-details.instructions and follow the instructions exactly.']
2026-03-06 14:38:53,308 INFO status.feature_slug = 'slimmer-item-details'
2026-03-06 14:38:53,309 INFO Logging to: /home/paule/MAD/logs/kilo-slimmer-item-details-1772836733.log
2026-03-06 14:41:49,915 INFO Connected to server as 'wsl-mad-cwd'
2026-03-06 14:41:59,700 INFO Starting kilo with cmd: ['kilo', 'run', '--auto', 'Read /home/paule/MAD/.tmp/add-code-path-to-board.instructions and follow the instructions exactly.']
2026-03-06 14:41:59,707 INFO status.feature_slug = 'add-code-path-to-board'
2026-03-06 14:41:59,709 INFO Logging to: /home/paule/MAD/logs/kilo-add-code-path-to-board-1772836919.log
2026-03-06 14:41:59,712 INFO Starting kilo with cmd: ['kilo', 'run', '--auto', 'Read /home/paule/MAD/.tmp/ability-to-start-planning-or-implementing-a-specific-item-from-the-web-ui.instructions and follow the instructions exactly.']
2026-03-06 14:41:59,712 INFO status.feature_slug = 'ability-to-start-planning-or-implementing-a-specific-item-from-the-web-ui'
2026-03-06 14:41:59,712 INFO Logging to: /home/paule/MAD/logs/kilo-ability-to-start-planning-or-implementing-a-specific-item-from-the-web-ui-1772836919.log
2026-03-06 14:42:32,239 INFO Starting kilo with cmd: ['kilo', 'run', '--auto', 'Read /home/paule/MAD/.tmp/add-code-path-to-board.instructions and follow the instructions exactly.']
2026-03-06 14:42:32,239 INFO status.feature_slug = 'add-code-path-to-board'
2026-03-06 14:42:32,239 INFO Logging to: /home/paule/MAD/logs/kilo-add-code-path-to-board-1772836952.log
2026-03-06 14:43:09,886 INFO Starting kilo with cmd: ['kilo', 'run', '--auto', 'Read /home/paule/MAD/.tmp/add-code-path-to-board.instructions and follow the instructions exactly.']
2026-03-06 14:43:09,896 INFO status.feature_slug = 'add-code-path-to-board'
2026-03-06 14:43:09,928 INFO Logging to: /home/paule/MAD/logs/kilo-add-code-path-to-board-1772836989.log
2026-03-06 14:43:45,242 INFO Starting kilo with cmd: ['kilo', 'run', '--auto', 'Read /home/paule/MAD/.tmp/add-code-path-to-board.instructions and follow the instructions exactly.']
2026-03-06 14:43:45,242 INFO status.feature_slug = 'add-code-path-to-board'
2026-03-06 14:43:45,242 INFO Logging to: /home/paule/MAD/logs/kilo-add-code-path-to-board-1772837025.log
2026-03-06 14:45:19,841 INFO Starting kilo with cmd: ['kilo', 'run', '--auto', 'Read /home/paule/MAD/.tmp/add-code-path-to-board.instructions and follow the instructions exactly.']
2026-03-06 14:45:19,880 INFO status.feature_slug = 'add-code-path-to-board'
2026-03-06 14:45:19,896 INFO Logging to: /home/paule/MAD/logs/kilo-add-code-path-to-board-1772837119.log
2026-03-06 14:45:51,916 INFO Starting kilo with cmd: ['kilo', 'run', '--auto', 'Read /home/paule/MAD/.tmp/ability-to-start-planning-or-implementing-a-specific-item-from-the-web-ui.instructions and follow the instructions exactly.']
2026-03-06 14:45:51,916 INFO status.feature_slug = 'ability-to-start-planning-or-implementing-a-specific-item-from-the-web-ui'
2026-03-06 14:45:51,916 INFO Logging to: /home/paule/MAD/logs/kilo-ability-to-start-planning-or-implementing-a-specific-item-from-the-web-ui-1772837151.log
2026-03-06 14:46:20,862 INFO Starting kilo with cmd: ['kilo', 'run', '--auto', 'Read /home/paule/MAD/.tmp/add-code-path-to-board.instructions and follow the instructions exactly.']
2026-03-06 14:46:20,862 INFO status.feature_slug = 'add-code-path-to-board'
2026-03-06 14:46:20,862 INFO Logging to: /home/paule/MAD/logs/kilo-add-code-path-to-board-1772837180.log
2026-03-06 14:46:50,158 INFO Starting kilo with cmd: ['kilo', 'run', '--auto', 'Read /home/paule/MAD/.tmp/add-code-path-to-board.instructions and follow the instructions exactly.']
2026-03-06 14:46:50,168 INFO status.feature_slug = 'add-code-path-to-board'
2026-03-06 14:46:50,185 INFO Logging to: /home/paule/MAD/logs/kilo-add-code-path-to-board-1772837210.log
2026-03-06 14:46:51,566 INFO Starting kilo with cmd: ['kilo', 'run', '--auto', 'Read /home/paule/MAD/.tmp/ability-to-start-planning-or-implementing-a-specific-item-from-the-web-ui.instructions and follow the instructions exactly.']
2026-03-06 14:46:51,566 INFO status.feature_slug = 'ability-to-start-planning-or-implementing-a-specific-item-from-the-web-ui'
2026-03-06 14:46:51,566 INFO Logging to: /home/paule/MAD/logs/kilo-ability-to-start-planning-or-implementing-a-specific-item-from-the-web-ui-1772837211.log
2026-03-06 14:47:59,725 INFO Starting kilo with cmd: ['kilo', 'run', '--auto', 'Read /home/paule/MAD/.tmp/slimmer-item-details.instructions and follow the instructions exactly.']
2026-03-06 14:47:59,725 INFO status.feature_slug = 'slimmer-item-details'
2026-03-06 14:47:59,725 INFO Logging to: /home/paule/MAD/logs/kilo-slimmer-item-details-1772837279.log
2026-03-06 14:50:27,661 INFO Starting kilo with cmd: ['kilo', 'run', '--auto', 'Read /home/paule/MAD/.tmp/slimmer-item-details.instructions and follow the instructions exactly.']
2026-03-06 14:50:27,661 INFO status.feature_slug = 'slimmer-item-details'
2026-03-06 14:50:27,661 INFO Logging to: /home/paule/MAD/logs/kilo-slimmer-item-details-1772837427.log
2026-03-06 14:50:39,787 INFO Starting kilo with cmd: ['kilo', 'run', '--auto', 'Read /home/paule/MAD/.tmp/slimmer-item-details.instructions and follow the instructions exactly.']
2026-03-06 14:50:39,787 INFO status.feature_slug = 'slimmer-item-details'
2026-03-06 14:50:39,787 INFO Logging to: /home/paule/MAD/logs/kilo-slimmer-item-details-1772837439.log
2026-03-06 14:51:49,820 INFO Starting kilo with cmd: ['kilo', 'run', '--auto', 'Read /home/paule/MAD/.tmp/add-code-path-to-board.instructions and follow the instructions exactly.']
2026-03-06 14:51:49,820 INFO status.feature_slug = 'add-code-path-to-board'
2026-03-06 14:51:49,821 INFO Logging to: /home/paule/MAD/logs/kilo-add-code-path-to-board-1772837509.log
2026-03-06 14:55:04,059 INFO Starting kilo with cmd: ['kilo', 'run', '--auto', 'Read /home/paule/MAD/.tmp/add-code-path-to-board.instructions and follow the instructions exactly.']
2026-03-06 14:55:04,059 INFO status.feature_slug = 'add-code-path-to-board'
2026-03-06 14:55:04,059 INFO Logging to: /home/paule/MAD/logs/kilo-add-code-path-to-board-1772837704.log
2026-03-06 14:55:49,905 INFO Starting kilo with cmd: ['kilo', 'run', '--auto', 'Read /home/paule/MAD/.tmp/add-code-path-to-board.instructions and follow the instructions exactly.']
2026-03-06 14:55:49,911 INFO status.feature_slug = 'add-code-path-to-board'
2026-03-06 14:55:49,937 INFO Logging to: /home/paule/MAD/logs/kilo-add-code-path-to-board-1772837749.log
2026-03-06 14:56:30,794 INFO Starting kilo with cmd: ['kilo', 'run', '--auto', 'Read /home/paule/MAD/.tmp/add-code-path-to-board.instructions and follow the instructions exactly.']
2026-03-06 14:56:30,795 INFO status.feature_slug = 'add-code-path-to-board'
2026-03-06 14:56:30,795 INFO Logging to: /home/paule/MAD/logs/kilo-add-code-path-to-board-1772837790.log
2026-03-06 14:56:59,582 INFO Starting kilo with cmd: ['kilo', 'run', '--auto', 'Read /home/paule/MAD/.tmp/add-code-path-to-board.instructions and follow the instructions exactly.']
2026-03-06 14:56:59,583 INFO status.feature_slug = 'add-code-path-to-board'
2026-03-06 14:56:59,583 INFO Logging to: /home/paule/MAD/logs/kilo-add-code-path-to-board-1772837819.log
2026-03-06 14:57:53,005 INFO Starting kilo with cmd: ['kilo', 'run', '--auto', 'Read /home/paule/MAD/.tmp/add-code-path-to-board.instructions and follow the instructions exactly.']
2026-03-06 14:57:53,005 INFO status.feature_slug = 'add-code-path-to-board'
2026-03-06 14:57:53,005 INFO Logging to: /home/paule/MAD/logs/kilo-add-code-path-to-board-1772837873.log
2026-03-06 14:58:19,555 INFO Starting kilo with cmd: ['kilo', 'run', '--auto', 'Read /home/paule/MAD/.tmp/add-code-path-to-board.instructions and follow the instructions exactly.']
2026-03-06 14:58:19,555 INFO status.feature_slug = 'add-code-path-to-board'
2026-03-06 14:58:19,555 INFO Logging to: /home/paule/MAD/logs/kilo-add-code-path-to-board-1772837899.log
2026-03-06 14:58:41,854 INFO Starting kilo with cmd: ['kilo', 'run', '--auto', 'Read /home/paule/MAD/.tmp/add-code-path-to-board.instructions and follow the instructions exactly.']
2026-03-06 14:58:41,855 INFO status.feature_slug = 'add-code-path-to-board'
2026-03-06 14:58:41,855 INFO Logging to: /home/paule/MAD/logs/kilo-add-code-path-to-board-1772837921.log
2026-03-06 15:01:20,226 INFO Starting kilo with cmd: ['kilo', 'run', '--auto', 'Read /home/paule/MAD/.tmp/add-code-path-to-board.instructions and follow the instructions exactly.']
2026-03-06 15:01:20,226 INFO status.feature_slug = 'add-code-path-to-board'
2026-03-06 15:01:20,226 INFO Logging to: /home/paule/MAD/logs/kilo-add-code-path-to-board-1772838080.log
2026-03-06 15:01:52,788 INFO Starting kilo with cmd: ['kilo', 'run', '--auto', 'Read /home/paule/MAD/.tmp/add-code-path-to-board.instructions and follow the instructions exactly.']
2026-03-06 15:01:52,789 INFO status.feature_slug = 'add-code-path-to-board'
2026-03-06 15:01:52,789 INFO Logging to: /home/paule/MAD/logs/kilo-add-code-path-to-board-1772838112.log
2026-03-06 15:03:01,252 INFO Server connection lost, will reconnect...
2026-03-06 15:03:02,464 WARNING Failed to connect to server: server rejected WebSocket connection: HTTP 502
2026-03-06 15:03:04,742 WARNING Failed to connect to server: server rejected WebSocket connection: HTTP 502
2026-03-06 15:03:09,000 WARNING Failed to connect to server: server rejected WebSocket connection: HTTP 502
2026-03-06 15:03:17,206 WARNING Failed to connect to server: server rejected WebSocket connection: HTTP 502
2026-03-06 15:03:33,451 WARNING Failed to connect to server: server rejected WebSocket connection: HTTP 502
2026-03-06 15:04:03,625 WARNING Failed to connect to server: server rejected WebSocket connection: HTTP 502
2026-03-06 15:04:33,825 WARNING Failed to connect to server: server rejected WebSocket connection: HTTP 502
2026-03-06 15:05:04,391 WARNING Failed to connect to server: server rejected WebSocket connection: HTTP 502
2026-03-06 15:05:19,487 INFO Starting kilo with cmd: ['kilo', 'run', '--auto', 'Read /home/paule/MAD/.tmp/ability-to-start-planning-or-implementing-a-specific-item-from-the-web-ui.instructions and follow the instructions exactly.']
2026-03-06 15:05:19,487 INFO status.feature_slug = 'ability-to-start-planning-or-implementing-a-specific-item-from-the-web-ui'
2026-03-06 15:05:19,487 INFO Logging to: /home/paule/MAD/logs/kilo-ability-to-start-planning-or-implementing-a-specific-item-from-the-web-ui-1772838319.log
2026-03-06 15:05:34,662 WARNING Failed to connect to server: server rejected WebSocket connection: HTTP 502
2026-03-06 15:05:42,639 WARNING Failed to connect to server: server rejected WebSocket connection: HTTP 502
2026-03-06 15:05:43,792 WARNING Failed to connect to server: server rejected WebSocket connection: HTTP 502
2026-03-06 15:05:45,981 WARNING Failed to connect to server: server rejected WebSocket connection: HTTP 502
2026-03-06 15:05:50,158 WARNING Failed to connect to server: server rejected WebSocket connection: HTTP 502
2026-03-06 15:05:58,423 WARNING Failed to connect to server: server rejected WebSocket connection: HTTP 502
2026-03-06 15:06:14,588 WARNING Failed to connect to server: server rejected WebSocket connection: HTTP 502
2026-03-06 15:06:44,732 WARNING Failed to connect to server: server rejected WebSocket connection: HTTP 502
2026-03-06 15:07:14,859 WARNING Failed to connect to server: server rejected WebSocket connection: HTTP 502
2026-03-06 15:07:45,048 WARNING Failed to connect to server: server rejected WebSocket connection: HTTP 502
2026-03-06 15:08:15,220 WARNING Failed to connect to server: server rejected WebSocket connection: HTTP 502
2026-03-06 15:08:45,370 WARNING Failed to connect to server: server rejected WebSocket connection: HTTP 502
2026-03-06 15:09:15,544 WARNING Failed to connect to server: server rejected WebSocket connection: HTTP 502
2026-03-06 15:09:45,692 WARNING Failed to connect to server: server rejected WebSocket connection: HTTP 502
2026-03-06 15:10:15,858 WARNING Failed to connect to server: server rejected WebSocket connection: HTTP 502
2026-03-06 15:10:41,332 INFO [planning] Starting: slimmer-item-details
2026-03-06 15:10:41,335 INFO [runner] Wrote instructions for 'slimmer-item-details': 5657 chars
2026-03-06 15:10:41,335 INFO [runner] Instructions preview: # Design Planning: slimmer-item-details

**Description:** Update the details pane (in both the TUI and web UI) to have collapsible show/hide sections. Title and description are always visible. History...
2026-03-06 15:10:41,335 INFO Starting kilo with cmd: ['kilo', 'run', '--auto', 'Read /home/paule/MAD/.tmp/slimmer-item-details.instructions and follow the instructions exactly.']
2026-03-06 15:10:41,335 INFO status.feature_slug = 'slimmer-item-details'
2026-03-06 15:10:41,336 INFO Logging to: /home/paule/MAD/logs/kilo-slimmer-item-details-1772838641.log
2026-03-06 15:10:45,997 WARNING Failed to connect to server: server rejected WebSocket connection: HTTP 502
2026-03-06 15:11:16,174 WARNING Failed to connect to server: server rejected WebSocket connection: HTTP 502
2026-03-06 15:11:46,319 WARNING Failed to connect to server: server rejected WebSocket connection: HTTP 502
2026-03-06 15:12:16,503 WARNING Failed to connect to server: server rejected WebSocket connection: HTTP 502
2026-03-06 15:12:46,652 WARNING Failed to connect to server: server rejected WebSocket connection: HTTP 502
2026-03-06 15:13:16,800 WARNING Failed to connect to server: server rejected WebSocket connection: HTTP 502
2026-03-06 15:13:47,018 WARNING Failed to connect to server: server rejected WebSocket connection: HTTP 502
2026-03-06 15:14:15,972 INFO [plan-review] Starting: slimmer-item-details
2026-03-06 15:14:15,973 INFO [runner] Wrote instructions for 'slimmer-item-details': 4428 chars
2026-03-06 15:14:15,973 INFO [runner] Instructions preview: You are a senior software architect reviewing a feature plan.

## Feature: slimmer-item-details

### Original Description:
Update the details pane (in both the TUI and web UI) to have collapsible show...
2026-03-06 15:14:15,973 INFO Starting kilo with cmd: ['kilo', 'run', '--auto', 'Read /home/paule/MAD/.tmp/slimmer-item-details.instructions and follow the instructions exactly.']
2026-03-06 15:14:15,973 INFO status.feature_slug = 'slimmer-item-details'
2026-03-06 15:14:15,973 INFO Logging to: /home/paule/MAD/logs/kilo-slimmer-item-details-1772838855.log
2026-03-06 15:14:17,184 WARNING Failed to connect to server: server rejected WebSocket connection: HTTP 502
2026-03-06 15:14:47,409 WARNING Failed to connect to server: server rejected WebSocket connection: HTTP 502
2026-03-06 15:14:56,492 INFO [spec-writing] Starting: add code path to board
2026-03-06 15:14:56,495 INFO [runner] Wrote instructions for 'add-code-path-to-board': 3404 chars
2026-03-06 15:14:56,495 INFO [runner] Instructions preview: You are an implementer breaking down a feature plan into concrete coding tasks.

Feature: add code path to board

Plan:
Based on the feature description and previous Q&A, here is the implementation pl...
2026-03-06 15:14:56,496 INFO Starting kilo with cmd: ['kilo', 'run', '--auto', 'Read /home/paule/MAD/.tmp/add-code-path-to-board.instructions and follow the instructions exactly.']
2026-03-06 15:14:56,496 INFO status.feature_slug = 'add-code-path-to-board'
2026-03-06 15:14:56,496 INFO Logging to: /home/paule/MAD/logs/kilo-add-code-path-to-board-1772838896.log
2026-03-06 15:15:17,560 WARNING Failed to connect to server: server rejected WebSocket connection: HTTP 502
2026-03-06 15:15:47,763 WARNING Failed to connect to server: server rejected WebSocket connection: HTTP 502
2026-03-06 15:16:17,897 WARNING Failed to connect to server: server rejected WebSocket connection: HTTP 502
2026-03-06 15:16:25,317 INFO [runner] Wrote instructions for 'add-code-path-to-board': 3869 chars
2026-03-06 15:16:25,317 INFO [runner] Instructions preview: You are a QA engineer writing a test specification from a feature plan.

## Feature: add code path to board

### Plan:
Based on the feature description and previous Q&A, here is the implementation pla...
2026-03-06 15:16:25,317 INFO Starting kilo with cmd: ['kilo', 'run', '--auto', 'Read /home/paule/MAD/.tmp/add-code-path-to-board.instructions and follow the instructions exactly.']
2026-03-06 15:16:25,317 INFO status.feature_slug = 'add-code-path-to-board'
2026-03-06 15:16:25,317 INFO Logging to: /home/paule/MAD/logs/kilo-add-code-path-to-board-1772838985.log
2026-03-06 15:16:48,095 WARNING Failed to connect to server: server rejected WebSocket connection: HTTP 502
2026-03-06 15:17:18,356 WARNING Failed to connect to server: server rejected WebSocket connection: HTTP 502
2026-03-06 15:17:48,524 WARNING Failed to connect to server: server rejected WebSocket connection: HTTP 502
2026-03-06 15:18:18,666 WARNING Failed to connect to server: server rejected WebSocket connection: HTTP 502
2026-03-06 15:18:48,815 WARNING Failed to connect to server: server rejected WebSocket connection: HTTP 502
2026-03-06 15:19:18,998 WARNING Failed to connect to server: server rejected WebSocket connection: HTTP 502
2026-03-06 15:19:49,220 WARNING Failed to connect to server: server rejected WebSocket connection: HTTP 502
2026-03-06 15:20:19,372 WARNING Failed to connect to server: server rejected WebSocket connection: HTTP 502
2026-03-06 15:20:49,752 WARNING Failed to connect to server: server rejected WebSocket connection: HTTP 502
2026-03-06 15:21:19,927 WARNING Failed to connect to server: server rejected WebSocket connection: HTTP 502
2026-03-06 15:21:50,073 WARNING Failed to connect to server: server rejected WebSocket connection: HTTP 502
2026-03-06 15:22:20,249 WARNING Failed to connect to server: server rejected WebSocket connection: HTTP 502
2026-03-06 15:22:50,396 WARNING Failed to connect to server: server rejected WebSocket connection: HTTP 502
2026-03-06 15:23:20,551 WARNING Failed to connect to server: server rejected WebSocket connection: HTTP 502
2026-03-06 15:23:50,697 WARNING Failed to connect to server: server rejected WebSocket connection: HTTP 502
2026-03-06 15:24:20,851 WARNING Failed to connect to server: server rejected WebSocket connection: HTTP 502
2026-03-06 15:24:51,024 WARNING Failed to connect to server: server rejected WebSocket connection: HTTP 502
2026-03-06 15:25:21,177 WARNING Failed to connect to server: server rejected WebSocket connection: HTTP 502
2026-03-06 15:25:51,326 WARNING Failed to connect to server: server rejected WebSocket connection: HTTP 502
2026-03-06 15:26:21,474 WARNING Failed to connect to server: server rejected WebSocket connection: HTTP 502
2026-03-06 15:26:51,618 WARNING Failed to connect to server: server rejected WebSocket connection: HTTP 502
2026-03-06 15:27:21,769 WARNING Failed to connect to server: server rejected WebSocket connection: HTTP 502
2026-03-06 15:27:51,935 WARNING Failed to connect to server: server rejected WebSocket connection: HTTP 502
2026-03-06 15:28:22,160 WARNING Failed to connect to server: server rejected WebSocket connection: HTTP 502
2026-03-06 15:28:52,298 WARNING Failed to connect to server: server rejected WebSocket connection: HTTP 502
2026-03-06 15:29:22,462 WARNING Failed to connect to server: server rejected WebSocket connection: HTTP 502
2026-03-06 15:29:52,638 WARNING Failed to connect to server: server rejected WebSocket connection: HTTP 502
2026-03-06 15:30:22,815 WARNING Failed to connect to server: server rejected WebSocket connection: HTTP 502
2026-03-06 15:30:52,965 WARNING Failed to connect to server: server rejected WebSocket connection: HTTP 502
2026-03-06 15:31:23,148 WARNING Failed to connect to server: server rejected WebSocket connection: HTTP 502
2026-03-06 15:31:53,308 WARNING Failed to connect to server: server rejected WebSocket connection: HTTP 502
2026-03-06 15:32:23,506 WARNING Failed to connect to server: server rejected WebSocket connection: HTTP 502
2026-03-06 15:32:53,724 WARNING Failed to connect to server: server rejected WebSocket connection: HTTP 502
2026-03-06 15:33:20,147 WARNING Failed to connect to server: server rejected WebSocket connection: HTTP 502
2026-03-06 15:33:21,371 WARNING Failed to connect to server: server rejected WebSocket connection: HTTP 502
2026-03-06 15:33:23,600 WARNING Failed to connect to server: server rejected WebSocket connection: HTTP 502
2026-03-06 15:33:27,752 WARNING Failed to connect to server: server rejected WebSocket connection: HTTP 502
2026-03-06 15:33:29,919 INFO [auto-plan] Checking boards: ['mad']
2026-03-06 15:33:29,919 INFO [auto-plan] mad: plan-inbox=1, reviewing-plan=0, approved=0
2026-03-06 15:33:29,920 INFO [auto-plan] Starting: slimmer-item-details (plan-inbox)
2026-03-06 15:33:29,930 INFO [planning] Starting: slimmer-item-details
2026-03-06 15:33:29,945 INFO [runner] Wrote instructions for 'slimmer-item-details': 8887 chars
2026-03-06 15:33:29,945 INFO [runner] Instructions preview: # Design Planning: slimmer-item-details

**Description:** Update the details pane (in both the TUI and web UI) to have collapsible show/hide sections. Title and description are always visible. History...
2026-03-06 15:33:29,947 INFO Starting kilo with cmd: ['kilo', 'run', '--auto', 'Read /home/paule/MAD/.tmp/slimmer-item-details.instructions and follow the instructions exactly.']
2026-03-06 15:33:29,947 INFO status.feature_slug = 'slimmer-item-details'
2026-03-06 15:33:29,947 INFO Logging to: /home/paule/MAD/logs/kilo-slimmer-item-details-1772840009.log
2026-03-06 15:33:35,930 WARNING Failed to connect to server: server rejected WebSocket connection: HTTP 502
2026-03-06 15:33:39,904 INFO [auto-plan] Skipping - planning already in progress
2026-03-06 15:33:49,901 INFO [auto-plan] Skipping - planning already in progress
2026-03-06 15:33:52,070 WARNING Failed to connect to server: server rejected WebSocket connection: HTTP 502
2026-03-06 15:33:59,900 INFO [auto-plan] Skipping - planning already in progress
2026-03-06 15:34:09,899 INFO [auto-plan] Skipping - planning already in progress
2026-03-06 15:34:19,901 INFO [auto-plan] Skipping - planning already in progress
2026-03-06 15:34:22,242 WARNING Failed to connect to server: server rejected WebSocket connection: HTTP 502
2026-03-06 15:34:29,898 INFO [auto-plan] Skipping - planning already in progress
2026-03-06 15:34:39,895 INFO [auto-plan] Skipping - planning already in progress
2026-03-06 15:34:49,893 INFO [auto-plan] Skipping - planning already in progress
2026-03-06 15:34:52,433 WARNING Failed to connect to server: server rejected WebSocket connection: HTTP 502
2026-03-06 15:34:59,892 INFO [auto-plan] Skipping - planning already in progress
2026-03-06 15:35:09,893 INFO [auto-plan] Skipping - planning already in progress
2026-03-06 15:35:19,889 INFO [auto-plan] Skipping - planning already in progress
2026-03-06 15:35:22,603 INFO Connected to server as 'wsl-mad-cwd'
2026-03-06 15:35:29,890 INFO [auto-plan] Skipping - planning already in progress
2026-03-06 15:35:35,787 INFO [plan-review] Starting: slimmer-item-details
2026-03-06 15:35:35,787 INFO [runner] Wrote instructions for 'slimmer-item-details': 6008 chars
2026-03-06 15:35:35,787 INFO [runner] Instructions preview: You are a senior software architect reviewing a feature plan.

## Feature: slimmer-item-details

### Original Description:
Update the details pane (in both the TUI and web UI) to have collapsible show...
2026-03-06 15:35:35,787 INFO Starting kilo with cmd: ['kilo', 'run', '--auto', 'Read /home/paule/MAD/.tmp/slimmer-item-details.instructions and follow the instructions exactly.']
2026-03-06 15:35:35,787 INFO status.feature_slug = 'slimmer-item-details'
2026-03-06 15:35:35,788 INFO Logging to: /home/paule/MAD/logs/kilo-slimmer-item-details-1772840135.log
2026-03-06 15:35:39,905 INFO [auto-plan] Skipping - planning already in progress
2026-03-06 15:35:49,885 INFO [auto-plan] Skipping - planning already in progress
2026-03-06 15:35:59,883 INFO [auto-plan] Skipping - planning already in progress
2026-03-06 15:36:09,883 INFO [auto-plan] Skipping - planning already in progress
2026-03-06 15:36:19,885 INFO [auto-plan] Skipping - planning already in progress
2026-03-06 15:36:29,882 INFO [auto-plan] Skipping - planning already in progress
2026-03-06 15:36:39,886 INFO [auto-plan] Skipping - planning already in progress
2026-03-06 15:36:49,881 INFO [auto-plan] Skipping - planning already in progress
2026-03-06 15:36:59,884 INFO [auto-plan] Skipping - planning already in progress
2026-03-06 15:37:09,880 INFO [auto-plan] Skipping - planning already in progress
2026-03-06 15:37:19,878 INFO [auto-plan] Skipping - planning already in progress
2026-03-06 15:37:29,876 INFO [auto-plan] Skipping - planning already in progress
2026-03-06 15:37:39,881 INFO [auto-plan] Skipping - planning already in progress
2026-03-06 15:37:49,886 INFO [auto-plan] Checking boards: ['mad']
2026-03-06 15:37:49,924 INFO [auto-plan] mad: plan-inbox=0, reviewing-plan=0, approved=1
2026-03-06 15:37:49,924 INFO [auto-plan] Starting: slimmer-item-details (approved)
2026-03-06 15:38:59,866 INFO [auto-plan] Checking boards: ['mad']
2026-03-06 15:38:59,866 INFO [auto-plan] mad: plan-inbox=0, reviewing-plan=0, approved=1
2026-03-06 15:38:59,866 INFO [auto-plan] Starting: slimmer-item-details (approved)
2026-03-06 15:40:00,080 INFO [auto-plan] Checking boards: ['mad']
2026-03-06 15:40:00,080 INFO [auto-plan] mad: plan-inbox=0, reviewing-plan=0, approved=1
2026-03-06 15:40:00,080 INFO [auto-plan] Starting: slimmer-item-details (approved)
2026-03-06 15:40:11,948 INFO [spec-writing] Starting: add code path to board
2026-03-06 15:40:11,951 INFO [runner] Wrote instructions for 'add-code-path-to-board': 3404 chars
2026-03-06 15:40:11,952 INFO [runner] Instructions preview: You are an implementer breaking down a feature plan into concrete coding tasks.

Feature: add code path to board

Plan:
Based on the feature description and previous Q&A, here is the implementation pl...
2026-03-06 15:40:11,952 INFO Starting kilo with cmd: ['kilo', 'run', '--auto', 'Read /home/paule/MAD/.tmp/add-code-path-to-board.instructions and follow the instructions exactly.']
2026-03-06 15:40:11,952 INFO status.feature_slug = 'add-code-path-to-board'
2026-03-06 15:40:11,952 INFO Logging to: /home/paule/MAD/logs/kilo-add-code-path-to-board-1772840411.log
2026-03-06 15:41:09,848 INFO [auto-plan] Checking boards: ['mad']
2026-03-06 15:41:09,848 INFO [auto-plan] mad: plan-inbox=0, reviewing-plan=0, approved=1
2026-03-06 15:41:09,848 INFO [auto-plan] Starting: slimmer-item-details (approved)
2026-03-06 15:41:31,541 INFO [runner] Wrote instructions for 'add-code-path-to-board': 3869 chars
2026-03-06 15:41:31,541 INFO [runner] Instructions preview: You are a QA engineer writing a test specification from a feature plan.

## Feature: add code path to board

### Plan:
Based on the feature description and previous Q&A, here is the implementation pla...
2026-03-06 15:41:31,541 INFO Starting kilo with cmd: ['kilo', 'run', '--auto', 'Read /home/paule/MAD/.tmp/add-code-path-to-board.instructions and follow the instructions exactly.']
2026-03-06 15:41:31,542 INFO status.feature_slug = 'add-code-path-to-board'
2026-03-06 15:41:31,542 INFO Logging to: /home/paule/MAD/logs/kilo-add-code-path-to-board-1772840491.log
2026-03-06 15:42:19,841 INFO [auto-plan] Checking boards: ['mad']
2026-03-06 15:42:19,842 INFO [auto-plan] mad: plan-inbox=0, reviewing-plan=0, approved=1
2026-03-06 15:42:19,843 INFO [auto-plan] Starting: slimmer-item-details (approved)
2026-03-06 15:42:32,228 INFO [implementing] Starting: add code path to board
2026-03-06 15:42:32,229 INFO [runner] Wrote instructions for 'add-code-path-to-board': 5613 chars
2026-03-06 15:42:32,229 INFO [runner] Instructions preview: Implement the following feature.

Feature: add code path to board

Plan:
Based on the feature description and previous Q&A, here is the implementation plan:

## 1. Config Schema Changes

### Add to <p...
2026-03-06 15:42:32,229 INFO Starting kilo with cmd: ['kilo', 'run', '--auto', 'Read /home/paule/MAD/.tmp/add-code-path-to-board.instructions and follow the instructions exactly.']
2026-03-06 15:42:32,229 INFO status.feature_slug = 'add-code-path-to-board'
2026-03-06 15:42:32,229 INFO Logging to: /home/paule/MAD/logs/kilo-add-code-path-to-board-1772840552.log
2026-03-06 15:43:29,837 INFO [auto-plan] Checking boards: ['mad']
2026-03-06 15:43:29,837 INFO [auto-plan] mad: plan-inbox=0, reviewing-plan=0, approved=1
2026-03-06 15:43:29,838 INFO [auto-plan] Starting: slimmer-item-details (approved)
2026-03-06 15:44:14,828 INFO [git] Committed: MAD: webui key prompt - test commit
2026-03-06 15:44:39,832 INFO [auto-plan] Checking boards: ['mad']
2026-03-06 15:44:39,833 INFO [auto-plan] mad: plan-inbox=0, reviewing-plan=0, approved=1
2026-03-06 15:44:39,833 INFO [auto-plan] Starting: slimmer-item-details (approved)
2026-03-06 15:45:49,820 INFO [auto-plan] Checking boards: ['mad']
2026-03-06 15:45:49,820 INFO [auto-plan] mad: plan-inbox=0, reviewing-plan=0, approved=1
2026-03-06 15:45:49,821 INFO [auto-plan] Starting: slimmer-item-details (approved)
2026-03-06 15:46:59,811 INFO [auto-plan] Checking boards: ['mad']
2026-03-06 15:46:59,811 INFO [auto-plan] mad: plan-inbox=0, reviewing-plan=0, approved=1
2026-03-06 15:46:59,811 INFO [auto-plan] Starting: slimmer-item-details (approved)
2026-03-06 15:47:59,816 INFO [auto-plan] Checking boards: ['mad']
2026-03-06 15:47:59,816 INFO [auto-plan] mad: plan-inbox=0, reviewing-plan=0, approved=1
2026-03-06 15:47:59,816 INFO [auto-plan] Starting: slimmer-item-details (approved)
2026-03-06 15:49:09,798 INFO [auto-plan] Checking boards: ['mad']
2026-03-06 15:49:09,799 INFO [auto-plan] mad: plan-inbox=0, reviewing-plan=0, approved=1
2026-03-06 15:49:09,799 INFO [auto-plan] Starting: slimmer-item-details (approved)
2026-03-06 15:50:19,789 INFO [auto-plan] Checking boards: ['mad']
2026-03-06 15:50:19,789 INFO [auto-plan] mad: plan-inbox=0, reviewing-plan=0, approved=1
2026-03-06 15:50:19,789 INFO [auto-plan] Starting: slimmer-item-details (approved)
2026-03-06 15:51:29,777 INFO [auto-plan] Checking boards: ['mad']
2026-03-06 15:51:29,777 INFO [auto-plan] mad: plan-inbox=0, reviewing-plan=0, approved=1
2026-03-06 15:51:29,777 INFO [auto-plan] Starting: slimmer-item-details (approved)
2026-03-06 15:52:02,323 INFO Server connection lost, will reconnect...
2026-03-06 15:52:03,541 WARNING Failed to connect to server: server rejected WebSocket connection: HTTP 502
2026-03-06 15:52:05,761 WARNING Failed to connect to server: server rejected WebSocket connection: HTTP 502
2026-03-06 15:52:07,433 INFO [runner] Wrote instructions for 'add-code-path-to-board': 3896 chars
2026-03-06 15:52:07,433 INFO [runner] Instructions preview: Write tests for the following implemented feature.

Feature: add code path to board

Test Spec (behaviors to verify):
I'll write a comprehensive test specification based on the feature plan provided i...
2026-03-06 15:52:07,434 INFO Starting kilo with cmd: ['kilo', 'run', '--auto', 'Read /home/paule/MAD/.tmp/add-code-path-to-board.instructions and follow the instructions exactly.']
2026-03-06 15:52:07,434 INFO status.feature_slug = 'add-code-path-to-board'
2026-03-06 15:52:07,434 INFO Logging to: /home/paule/MAD/logs/kilo-add-code-path-to-board-1772841127.log
2026-03-06 15:52:10,427 INFO Connected to server as 'wsl-mad-cwd'
2026-03-06 15:52:39,760 INFO [auto-plan] Checking boards: ['mad']
2026-03-06 15:52:39,761 INFO [auto-plan] mad: plan-inbox=0, reviewing-plan=0, approved=1
2026-03-06 15:52:39,761 INFO [auto-plan] Starting: slimmer-item-details (approved)
2026-03-06 15:53:11,460 INFO Server connection lost, will reconnect...
2026-03-06 15:53:12,681 WARNING Failed to connect to server: server rejected WebSocket connection: HTTP 502
2026-03-06 15:53:14,844 WARNING Failed to connect to server: server rejected WebSocket connection: HTTP 502
2026-03-06 15:53:19,111 INFO Connected to server as 'wsl-mad-cwd'
2026-03-06 15:53:49,740 INFO [auto-plan] Checking boards: ['mad']
2026-03-06 15:53:49,740 INFO [auto-plan] mad: plan-inbox=0, reviewing-plan=0, approved=1
2026-03-06 15:53:49,740 INFO [auto-plan] Starting: slimmer-item-details (approved)
2026-03-06 15:54:59,731 INFO [auto-plan] Checking boards: ['mad']
2026-03-06 15:54:59,732 INFO [auto-plan] mad: plan-inbox=0, reviewing-plan=0, approved=1
2026-03-06 15:54:59,732 INFO [auto-plan] Starting: slimmer-item-details (approved)
2026-03-06 15:56:09,725 INFO [auto-plan] Checking boards: ['mad']
2026-03-06 15:56:09,726 INFO [auto-plan] mad: plan-inbox=0, reviewing-plan=0, approved=1
2026-03-06 15:56:09,726 INFO [auto-plan] Starting: slimmer-item-details (approved)
2026-03-06 15:56:13,587 INFO Server connection lost, will reconnect...
2026-03-06 15:56:14,845 WARNING Failed to connect to server: server rejected WebSocket connection: HTTP 502
2026-03-06 15:56:17,083 WARNING Failed to connect to server: server rejected WebSocket connection: HTTP 502
2026-03-06 15:56:21,392 INFO Connected to server as 'wsl-mad-cwd'
2026-03-06 15:57:19,706 INFO [auto-plan] Checking boards: ['mad']
2026-03-06 15:57:19,706 INFO [auto-plan] mad: plan-inbox=0, reviewing-plan=0, approved=1
2026-03-06 15:57:19,707 INFO [auto-plan] Starting: slimmer-item-details (approved)
2026-03-06 15:57:48,859 INFO [runner] Wrote instructions for 'add-code-path-to-board': 9112 chars
2026-03-06 15:57:48,859 INFO [runner] Instructions preview: You are a senior code reviewer tasked with critically evaluating an implementation.

## Feature: add code path to board

### Original Plan:
Based on the feature description and previous Q&A, here is t...
2026-03-06 15:57:48,860 INFO Starting kilo with cmd: ['kilo', 'run', '--auto', 'Read /home/paule/MAD/.tmp/add-code-path-to-board.instructions and follow the instructions exactly.']
2026-03-06 15:57:48,860 INFO status.feature_slug = 'add-code-path-to-board'
2026-03-06 15:57:48,860 INFO Logging to: /home/paule/MAD/logs/kilo-add-code-path-to-board-1772841468.log
2026-03-06 15:58:29,706 INFO [auto-plan] Checking boards: ['mad']
2026-03-06 15:58:29,896 INFO [auto-plan] mad: plan-inbox=0, reviewing-plan=0, approved=1
2026-03-06 15:58:29,896 INFO [auto-plan] Starting: slimmer-item-details (approved)
2026-03-06 15:59:39,686 INFO [auto-plan] Checking boards: ['mad']
2026-03-06 15:59:39,687 INFO [auto-plan] mad: plan-inbox=0, reviewing-plan=0, approved=1
2026-03-06 15:59:39,687 INFO [auto-plan] Starting: slimmer-item-details (approved)
2026-03-06 16:00:49,662 INFO [auto-plan] Checking boards: ['mad']
2026-03-06 16:00:49,663 INFO [auto-plan] mad: plan-inbox=0, reviewing-plan=0, approved=1
2026-03-06 16:00:49,663 INFO [auto-plan] Starting: slimmer-item-details (approved)
2026-03-06 16:01:59,659 INFO [auto-plan] Checking boards: ['mad']
2026-03-06 16:01:59,661 INFO [auto-plan] mad: plan-inbox=0, reviewing-plan=0, approved=1
2026-03-06 16:01:59,661 INFO [auto-plan] Starting: slimmer-item-details (approved)
2026-03-06 16:03:09,654 INFO [auto-plan] Checking boards: ['mad']
2026-03-06 16:03:09,655 INFO [auto-plan] mad: plan-inbox=0, reviewing-plan=0, approved=1
2026-03-06 16:03:09,655 INFO [auto-plan] Starting: slimmer-item-details (approved)
2026-03-06 16:04:19,652 INFO [auto-plan] Checking boards: ['mad']
2026-03-06 16:04:19,653 INFO [auto-plan] mad: plan-inbox=0, reviewing-plan=0, approved=1
2026-03-06 16:04:19,653 INFO [auto-plan] Starting: slimmer-item-details (approved)
2026-03-06 16:05:29,635 INFO [auto-plan] Checking boards: ['mad']
2026-03-06 16:05:29,635 INFO [auto-plan] mad: plan-inbox=0, reviewing-plan=0, approved=1
2026-03-06 16:05:29,635 INFO [auto-plan] Starting: slimmer-item-details (approved)
2026-03-06 16:06:39,630 INFO [auto-plan] Checking boards: ['mad']
2026-03-06 16:06:39,631 INFO [auto-plan] mad: plan-inbox=0, reviewing-plan=0, approved=1
2026-03-06 16:06:39,632 INFO [auto-plan] Starting: slimmer-item-details (approved)
2026-03-06 16:07:49,609 INFO [auto-plan] Checking boards: ['mad']
2026-03-06 16:07:49,610 INFO [auto-plan] mad: plan-inbox=0, reviewing-plan=0, approved=1
2026-03-06 16:07:49,610 INFO [auto-plan] Starting: slimmer-item-details (approved)
2026-03-06 16:08:01,761 INFO Connected to server as 'wsl-mad-cwd'
2026-03-06 16:08:03,482 INFO [implementing] Starting: add code path to board
2026-03-06 16:08:03,483 INFO [runner] Wrote instructions for 'add-code-path-to-board': 22476 chars
2026-03-06 16:08:03,483 INFO [runner] Instructions preview: Code Path: /home/paule/MAD
Context File: /home/paule/MAD/.mad/CONTEXT.md

Implement the following feature.

Feature: add code path to board

Plan:
Based on the feature description and previous Q&A, he...
2026-03-06 16:08:03,484 INFO Starting kilo with cmd: ['kilo', 'run', '--auto', 'Read /home/paule/MAD/.tmp/add-code-path-to-board.instructions and follow the instructions exactly.']
2026-03-06 16:08:03,484 INFO status.feature_slug = 'add-code-path-to-board'
2026-03-06 16:08:03,484 INFO Logging to: /home/paule/MAD/logs/kilo-add-code-path-to-board-1772842083.log
2026-03-06 16:11:49,430 INFO [git] Committed: MAD: add code path to board - implementation complete
2026-03-06 16:11:49,431 INFO [runner] Wrote instructions for 'add-code-path-to-board': 1958 chars
2026-03-06 16:11:49,431 INFO [runner] Instructions preview: Code Path: /home/paule/MAD
Context File: /home/paule/MAD/.mad/CONTEXT.md

Write tests for the following implemented feature.

Feature: add code path to board

Test Spec (behaviors to verify):
I'll wri...
2026-03-06 16:11:49,432 INFO Starting kilo with cmd: ['kilo', 'run', '--auto', 'Read /home/paule/MAD/.tmp/add-code-path-to-board.instructions and follow the instructions exactly.']
2026-03-06 16:11:49,432 INFO status.feature_slug = 'add-code-path-to-board'
2026-03-06 16:11:49,432 INFO Logging to: /home/paule/MAD/logs/kilo-add-code-path-to-board-1772842309.log
2026-03-06 16:14:32,203 INFO [runner] Wrote instructions for 'add-code-path-to-board': 7747 chars
2026-03-06 16:14:32,203 INFO [runner] Instructions preview: Code Path: /home/paule/MAD
Context File: /home/paule/MAD/.mad/CONTEXT.md

You are a senior code reviewer tasked with critically evaluating an implementation.

## Feature: add code path to board

### O...
2026-03-06 16:14:32,204 INFO Starting kilo with cmd: ['kilo', 'run', '--auto', 'Read /home/paule/MAD/.tmp/add-code-path-to-board.instructions and follow the instructions exactly.']
2026-03-06 16:14:32,204 INFO status.feature_slug = 'add-code-path-to-board'
2026-03-06 16:14:32,204 INFO Logging to: /home/paule/MAD/logs/kilo-add-code-path-to-board-1772842472.log
2026-03-06 16:16:23,832 INFO [runner] Wrote instructions for 'add-code-path-to-board': 25843 chars
2026-03-06 16:16:23,832 INFO [runner] Instructions preview: Code Path: /home/paule/MAD
Context File: /home/paule/MAD/.mad/CONTEXT.md

You are an AI coding agent tasked with fixing specific issues found in a code review.

## Feature: add code path to board

###...
2026-03-06 16:16:23,833 INFO Starting kilo with cmd: ['kilo', 'run', '--auto', 'Read /home/paule/MAD/.tmp/add-code-path-to-board.instructions and follow the instructions exactly.']
2026-03-06 16:16:23,833 INFO status.feature_slug = 'add-code-path-to-board'
2026-03-06 16:16:23,833 INFO Logging to: /home/paule/MAD/logs/kilo-add-code-path-to-board-1772842583.log
2026-03-06 16:17:33,968 INFO [runner] Wrote instructions for 'add-code-path-to-board': 2182 chars
2026-03-06 16:17:33,968 INFO [runner] Instructions preview: Code Path: /home/paule/MAD
Context File: /home/paule/MAD/.mad/CONTEXT.md

Write tests for the following implemented feature.

Feature: add code path to board

Test Spec (behaviors to verify):
I'll wri...
2026-03-06 16:17:33,969 INFO Starting kilo with cmd: ['kilo', 'run', '--auto', 'Read /home/paule/MAD/.tmp/add-code-path-to-board.instructions and follow the instructions exactly.']
2026-03-06 16:17:33,969 INFO status.feature_slug = 'add-code-path-to-board'
2026-03-06 16:17:33,969 INFO Logging to: /home/paule/MAD/logs/kilo-add-code-path-to-board-1772842653.log
2026-03-06 16:18:17,876 INFO [runner] Wrote instructions for 'add-code-path-to-board': 7102 chars
2026-03-06 16:18:17,876 INFO [runner] Instructions preview: Code Path: /home/paule/MAD
Context File: /home/paule/MAD/.mad/CONTEXT.md

You are a senior code reviewer tasked with critically evaluating an implementation.

## Feature: add code path to board

### O...
2026-03-06 16:18:17,877 INFO Starting kilo with cmd: ['kilo', 'run', '--auto', 'Read /home/paule/MAD/.tmp/add-code-path-to-board.instructions and follow the instructions exactly.']
2026-03-06 16:18:17,877 INFO status.feature_slug = 'add-code-path-to-board'
2026-03-06 16:18:17,877 INFO Logging to: /home/paule/MAD/logs/kilo-add-code-path-to-board-1772842697.log
2026-03-06 16:26:54,790 INFO [spec-writing] Starting: webui key prompt
2026-03-06 16:26:54,795 INFO [runner] Wrote instructions for 'webui-key-prompt': 11050 chars
2026-03-06 16:26:54,795 INFO [runner] Instructions preview: Code Path: /home/paule/MAD
Context File: /home/paule/MAD/.mad/CONTEXT.md

You are an implementer breaking down a feature plan into concrete coding tasks.

Feature: webui key prompt

Plan:
I'll explore...
2026-03-06 16:26:54,796 INFO Starting kilo with cmd: ['kilo', 'run', '--auto', 'Read /home/paule/MAD/.tmp/webui-key-prompt.instructions and follow the instructions exactly.']
2026-03-06 16:26:54,796 INFO status.feature_slug = 'webui-key-prompt'
2026-03-06 16:26:54,796 INFO Logging to: /home/paule/MAD/logs/kilo-webui-key-prompt-1772843214.log
2026-03-06 16:27:51,802 INFO Connected to server as 'wsl-chickentracks'
2026-03-06 16:27:53,967 INFO [runner] Wrote instructions for 'webui-key-prompt': 11515 chars
2026-03-06 16:27:53,967 INFO [runner] Instructions preview: Code Path: /home/paule/MAD
Context File: /home/paule/MAD/.mad/CONTEXT.md

You are a QA engineer writing a test specification from a feature plan.

## Feature: webui key prompt

### Plan:
I'll explore ...
2026-03-06 16:27:53,967 INFO Starting kilo with cmd: ['kilo', 'run', '--auto', 'Read /home/paule/MAD/.tmp/webui-key-prompt.instructions and follow the instructions exactly.']
2026-03-06 16:27:53,967 INFO status.feature_slug = 'webui-key-prompt'
2026-03-06 16:27:53,968 INFO Logging to: /home/paule/MAD/logs/kilo-webui-key-prompt-1772843273.log
2026-03-06 16:28:01,484 INFO [auto-plan] Checking boards: ['chickencity']
2026-03-06 16:28:01,485 INFO [auto-plan] chickencity: plan-inbox=0, reviewing-plan=1, approved=1
2026-03-06 16:28:01,485 INFO [auto-plan] Starting: Seasonal Events (Phase 6d) (reviewing-plan)
2026-03-06 16:28:01,487 INFO [auto-impl] Checking boards: ['chickencity']
2026-03-06 16:28:01,489 INFO [plan-review] Starting: Seasonal Events (Phase 6d)
2026-03-06 16:28:01,490 INFO [auto-impl] Board 'chickencity', stage 'review': 0 features
2026-03-06 16:28:01,490 INFO [auto-impl] Board 'chickencity', stage 'testing': 0 features
2026-03-06 16:28:01,490 INFO [auto-impl] Board 'chickencity', stage 'implementing': 1 features
2026-03-06 16:28:01,491 INFO [auto-impl] Starting: Full analysis of automated testing (implementing)
2026-03-06 16:28:01,518 INFO [spec-writing] Starting: Full analysis of automated testing
2026-03-06 16:28:01,522 INFO [runner] Wrote instructions for 'seasonal-events': 17214 chars
2026-03-06 16:28:01,522 INFO [runner] Instructions preview: Code Path: /home/paule/chicken-tracking/chickentracks.app
Context File: /home/paule/chicken-tracking/chickentracks.app/.mad/CONTEXT.md

You are a senior software architect reviewing a feature plan.

#...
2026-03-06 16:28:01,523 INFO [runner] Wrote instructions for 'full-analysis-of-automated-testing': 7556 chars
2026-03-06 16:28:01,523 INFO Starting claude with cmd: ['claude', '-p', 'Read /home/paule/chicken-tracking/chickentracks.app/.tmp/seasonal-events.instructions and follow the instructions exactly.', '--dangerously-skip-permissions']
2026-03-06 16:28:01,523 INFO [runner] Instructions preview: Code Path: /home/paule/chicken-tracking/chickentracks.app
Context File: /home/paule/chicken-tracking/chickentracks.app/.mad/CONTEXT.md

You are an implementer breaking down a feature plan into concret...
2026-03-06 16:28:01,523 INFO status.feature_slug = 'seasonal-events'
2026-03-06 16:28:01,524 INFO Starting claude with cmd: ['claude', '-p', 'Read /home/paule/chicken-tracking/chickentracks.app/.tmp/full-analysis-of-automated-testing.instructions and follow the instructions exactly.', '--dangerously-skip-permissions']
2026-03-06 16:28:01,524 INFO status.feature_slug = 'full-analysis-of-automated-testing'
2026-03-06 16:28:01,524 INFO Logging to: /home/paule/chicken-tracking/chickentracks.app/logs/claude-seasonal-events-1772843281.log
2026-03-06 16:28:01,524 INFO Logging to: /home/paule/chicken-tracking/chickentracks.app/logs/claude-full-analysis-of-automated-testing-1772843281.log
2026-03-06 16:28:11,485 INFO [auto-plan] Skipping - planning already in progress
2026-03-06 16:28:11,485 INFO [auto-impl] Skipping - implementation already in progress
2026-03-06 16:28:21,473 INFO [auto-plan] Skipping - planning already in progress
2026-03-06 16:28:21,473 INFO [auto-impl] Skipping - implementation already in progress
2026-03-06 16:28:31,474 INFO [auto-plan] Skipping - planning already in progress
2026-03-06 16:28:31,474 INFO [auto-impl] Skipping - implementation already in progress
2026-03-06 16:28:41,220 INFO [auto-plan] Checking boards: ['mad']
2026-03-06 16:28:41,221 INFO [auto-plan] mad: plan-inbox=0, reviewing-plan=0, approved=1
2026-03-06 16:28:41,221 INFO [auto-plan] Starting: slimmer-item-details (approved)
2026-03-06 16:28:41,469 INFO [auto-plan] Skipping - planning already in progress
2026-03-06 16:28:41,469 INFO [auto-impl] Skipping - implementation already in progress
2026-03-06 16:28:51,466 INFO [auto-plan] Skipping - planning already in progress
2026-03-06 16:28:51,466 INFO [auto-impl] Skipping - implementation already in progress
2026-03-06 16:29:01,468 INFO [auto-plan] Skipping - planning already in progress
2026-03-06 16:29:01,468 INFO [auto-impl] Skipping - implementation already in progress
2026-03-06 16:29:10,991 INFO [implementing] Starting: webui key prompt
2026-03-06 16:29:10,992 INFO [runner] Wrote instructions for 'webui-key-prompt': 29169 chars
2026-03-06 16:29:10,992 INFO [runner] Instructions preview: Code Path: /home/paule/MAD
Context File: /home/paule/MAD/.mad/CONTEXT.md

Implement the following feature.

Feature: webui key prompt

Plan:
I'll explore the codebase to understand the current impleme...
2026-03-06 16:29:10,992 INFO Starting kilo with cmd: ['kilo', 'run', '--auto', 'Read /home/paule/MAD/.tmp/webui-key-prompt.instructions and follow the instructions exactly.']
2026-03-06 16:29:10,992 INFO status.feature_slug = 'webui-key-prompt'
2026-03-06 16:29:10,992 INFO Logging to: /home/paule/MAD/logs/kilo-webui-key-prompt-1772843350.log
2026-03-06 16:29:11,488 INFO [auto-plan] Checking boards: ['chickencity']
2026-03-06 16:29:11,534 INFO [auto-plan] chickencity: plan-inbox=1, reviewing-plan=0, approved=1
2026-03-06 16:29:11,534 INFO [auto-plan] Starting: Seasonal Events (Phase 6d) (plan-inbox)
2026-03-06 16:29:11,535 INFO [auto-impl] Skipping - implementation already in progress
2026-03-06 16:29:11,540 INFO [planning] Starting: Seasonal Events (Phase 6d)
2026-03-06 16:29:11,910 INFO [runner] Wrote instructions for 'seasonal-events': 144397 chars
2026-03-06 16:29:11,915 INFO [runner] Instructions preview: Code Path: /home/paule/chicken-tracking/chickentracks.app
Context File: /home/paule/chicken-tracking/chickentracks.app/.mad/CONTEXT.md

# Design Planning: Seasonal Events (Phase 6d)

**Description:** ...
2026-03-06 16:29:11,947 INFO Starting claude with cmd: ['claude', '-p', 'Read /home/paule/chicken-tracking/chickentracks.app/.tmp/seasonal-events.instructions and follow the instructions exactly.', '--dangerously-skip-permissions']
2026-03-06 16:29:11,947 INFO status.feature_slug = 'seasonal-events'
2026-03-06 16:29:11,973 INFO Logging to: /home/paule/chicken-tracking/chickentracks.app/logs/claude-seasonal-events-1772843351.log
2026-03-06 16:29:21,482 INFO [auto-plan] Skipping - planning already in progress
2026-03-06 16:29:21,492 INFO [auto-impl] Skipping - implementation already in progress
2026-03-06 16:29:31,467 INFO [auto-plan] Skipping - planning already in progress
2026-03-06 16:29:31,467 INFO [auto-impl] Skipping - implementation already in progress
2026-03-06 16:29:41,465 INFO [auto-plan] Skipping - planning already in progress
2026-03-06 16:29:41,465 INFO [auto-impl] Skipping - implementation already in progress
2026-03-06 16:29:51,210 INFO [auto-plan] Checking boards: ['mad']
2026-03-06 16:29:51,211 INFO [auto-plan] mad: plan-inbox=0, reviewing-plan=0, approved=1
2026-03-06 16:29:51,211 INFO [auto-plan] Starting: slimmer-item-details (approved)
2026-03-06 16:29:51,459 INFO [auto-plan] Skipping - planning already in progress
2026-03-06 16:29:51,459 INFO [auto-impl] Skipping - implementation already in progress
2026-03-06 16:30:01,459 INFO [auto-plan] Skipping - planning already in progress
2026-03-06 16:30:01,459 INFO [auto-impl] Skipping - implementation already in progress
2026-03-06 16:30:11,458 INFO [auto-plan] Skipping - planning already in progress
2026-03-06 16:30:11,458 INFO [auto-impl] Skipping - implementation already in progress
2026-03-06 16:30:21,456 INFO [auto-plan] Skipping - planning already in progress
2026-03-06 16:30:21,456 INFO [auto-impl] Skipping - implementation already in progress
2026-03-06 16:30:31,457 INFO [auto-plan] Skipping - planning already in progress
2026-03-06 16:30:31,457 INFO [auto-impl] Skipping - implementation already in progress
2026-03-06 16:30:41,455 INFO [auto-plan] Skipping - planning already in progress
2026-03-06 16:30:41,455 INFO [auto-impl] Skipping - implementation already in progress
2026-03-06 16:30:51,454 INFO [auto-plan] Skipping - planning already in progress
2026-03-06 16:30:51,454 INFO [auto-impl] Skipping - implementation already in progress
2026-03-06 16:31:01,204 INFO [auto-plan] Checking boards: ['mad']
2026-03-06 16:31:01,205 INFO [auto-plan] mad: plan-inbox=0, reviewing-plan=0, approved=1
2026-03-06 16:31:01,205 INFO [auto-plan] Starting: slimmer-item-details (approved)
2026-03-06 16:31:01,449 INFO [auto-plan] Skipping - planning already in progress
2026-03-06 16:31:01,449 INFO [auto-impl] Skipping - implementation already in progress
2026-03-06 16:31:11,449 INFO [auto-plan] Skipping - planning already in progress
2026-03-06 16:31:11,449 INFO [auto-impl] Skipping - implementation already in progress
2026-03-06 16:31:21,445 INFO [auto-plan] Skipping - planning already in progress
2026-03-06 16:31:21,445 INFO [auto-impl] Skipping - implementation already in progress
2026-03-06 16:31:31,444 INFO [auto-plan] Skipping - planning already in progress
2026-03-06 16:31:31,444 INFO [auto-impl] Skipping - implementation already in progress
2026-03-06 16:31:41,444 INFO [auto-plan] Skipping - planning already in progress
2026-03-06 16:31:41,444 INFO [auto-impl] Skipping - implementation already in progress
2026-03-06 16:31:51,442 INFO [auto-plan] Skipping - planning already in progress
2026-03-06 16:31:51,442 INFO [auto-impl] Skipping - implementation already in progress
2026-03-06 16:32:01,442 INFO [auto-plan] Skipping - planning already in progress
2026-03-06 16:32:01,442 INFO [auto-impl] Skipping - implementation already in progress
2026-03-06 16:32:11,197 INFO [auto-plan] Checking boards: ['mad']
2026-03-06 16:32:11,198 INFO [auto-plan] mad: plan-inbox=0, reviewing-plan=0, approved=1
2026-03-06 16:32:11,199 INFO [auto-plan] Starting: slimmer-item-details (approved)
2026-03-06 16:32:11,442 INFO [auto-plan] Skipping - planning already in progress
2026-03-06 16:32:11,442 INFO [auto-impl] Skipping - implementation already in progress
2026-03-06 16:32:21,435 INFO [auto-plan] Skipping - planning already in progress
2026-03-06 16:32:21,435 INFO [auto-impl] Skipping - implementation already in progress
2026-03-06 16:32:31,435 INFO [auto-plan] Skipping - planning already in progress
2026-03-06 16:32:31,435 INFO [auto-impl] Skipping - implementation already in progress
2026-03-06 16:32:41,435 INFO [auto-plan] Skipping - planning already in progress
2026-03-06 16:32:41,436 INFO [auto-impl] Skipping - implementation already in progress
2026-03-06 16:32:51,434 INFO [auto-plan] Skipping - planning already in progress
2026-03-06 16:32:51,434 INFO [auto-impl] Skipping - implementation already in progress
2026-03-06 16:33:01,433 INFO [auto-plan] Skipping - planning already in progress
2026-03-06 16:33:01,433 INFO [auto-impl] Skipping - implementation already in progress
2026-03-06 16:33:11,433 INFO [auto-plan] Skipping - planning already in progress
2026-03-06 16:33:11,433 INFO [auto-impl] Skipping - implementation already in progress
2026-03-06 16:33:21,184 INFO [auto-plan] Checking boards: ['mad']
2026-03-06 16:33:21,185 INFO [auto-plan] mad: plan-inbox=0, reviewing-plan=0, approved=1
2026-03-06 16:33:21,185 INFO [auto-plan] Starting: slimmer-item-details (approved)
2026-03-06 16:33:21,429 INFO [auto-plan] Skipping - planning already in progress
2026-03-06 16:33:21,429 INFO [auto-impl] Skipping - implementation already in progress
2026-03-06 16:33:31,430 INFO [auto-plan] Skipping - planning already in progress
2026-03-06 16:33:31,430 INFO [auto-impl] Skipping - implementation already in progress
2026-03-06 16:33:41,429 INFO [auto-plan] Skipping - planning already in progress
2026-03-06 16:33:41,430 INFO [auto-impl] Skipping - implementation already in progress
2026-03-06 16:33:51,425 INFO [auto-plan] Skipping - planning already in progress
2026-03-06 16:33:51,425 INFO [auto-impl] Skipping - implementation already in progress
2026-03-06 16:34:01,425 INFO [auto-plan] Skipping - planning already in progress
2026-03-06 16:34:01,425 INFO [auto-impl] Skipping - implementation already in progress
2026-03-06 16:34:11,426 INFO [auto-plan] Skipping - planning already in progress
2026-03-06 16:34:11,426 INFO [auto-impl] Skipping - implementation already in progress
2026-03-06 16:34:21,419 INFO [auto-plan] Skipping - planning already in progress
2026-03-06 16:34:21,419 INFO [auto-impl] Skipping - implementation already in progress
2026-03-06 16:34:31,172 INFO [auto-plan] Checking boards: ['mad']
2026-03-06 16:34:31,172 INFO [auto-plan] mad: plan-inbox=0, reviewing-plan=0, approved=1
2026-03-06 16:34:31,173 INFO [auto-plan] Starting: slimmer-item-details (approved)
2026-03-06 16:34:31,419 INFO [auto-plan] Skipping - planning already in progress
2026-03-06 16:34:31,419 INFO [auto-impl] Skipping - implementation already in progress
2026-03-06 16:34:41,422 INFO [auto-plan] Skipping - planning already in progress
2026-03-06 16:34:41,422 INFO [auto-impl] Skipping - implementation already in progress
2026-03-06 16:45:32,840 INFO Connected to server as 'wsl-mad-cwd'
2026-03-06 16:45:42,556 INFO [auto-impl] Checking boards: ['mad']
2026-03-06 16:45:42,561 INFO [auto-impl] Board 'mad', stage 'review': 0 features
2026-03-06 16:45:42,563 INFO [auto-impl] Board 'mad', stage 'testing': 1 features
2026-03-06 16:45:42,563 INFO [auto-impl] Starting: webui key prompt (testing)
2026-03-06 16:45:42,695 INFO [bold blue]Spec Writing:[/bold blue] webui key prompt
2026-03-06 16:45:42,706 INFO [spec-writing] Starting: webui key prompt
2026-03-06 16:45:42,841 INFO Agent A: Generating implementation spec...
2026-03-06 16:45:42,890 INFO [runner] Wrote instructions for 'webui-key-prompt': 11050 chars
2026-03-06 16:45:42,891 INFO [runner] Instructions preview: Code Path: /home/paule/MAD
Context File: /home/paule/MAD/.mad/CONTEXT.md

You are an implementer breaking down a feature plan into concrete coding tasks.

Feature: webui key prompt

Plan:
I'll explore...
2026-03-06 16:45:42,891 INFO Starting claude with cmd: ['claude', '-p', 'Read /home/paule/MAD/.tmp/webui-key-prompt.instructions and follow the instructions exactly.', '--dangerously-skip-permissions']
2026-03-06 16:45:42,891 INFO status.feature_slug = 'webui-key-prompt'
2026-03-06 16:45:42,891 INFO Logging to: /home/paule/MAD/logs/claude-webui-key-prompt-1772844342.log
2026-03-06 16:45:52,555 INFO [auto-plan] Checking boards: ['mad']
2026-03-06 16:45:52,561 INFO [auto-plan] mad: plan-inbox=0, reviewing-plan=0
2026-03-06 16:45:52,561 INFO [auto-impl] Skipping - implementation already in progress
2026-03-06 16:46:02,539 INFO [auto-plan] Checking boards: ['mad']
2026-03-06 16:46:02,539 INFO [auto-plan] mad: plan-inbox=0, reviewing-plan=0
2026-03-06 16:46:02,539 INFO [auto-impl] Skipping - implementation already in progress
2026-03-06 16:46:12,541 INFO [auto-plan] Checking boards: ['mad']
2026-03-06 16:46:12,541 INFO [auto-plan] mad: plan-inbox=0, reviewing-plan=0
2026-03-06 16:46:12,542 INFO [auto-impl] Skipping - implementation already in progress
2026-03-06 16:46:22,536 INFO [auto-plan] Checking boards: ['mad']
2026-03-06 16:46:22,536 INFO [auto-plan] mad: plan-inbox=0, reviewing-plan=0
2026-03-06 16:46:22,536 INFO [auto-impl] Skipping - implementation already in progress
2026-03-06 16:46:32,532 INFO [auto-plan] Checking boards: ['mad']
2026-03-06 16:46:32,533 INFO [auto-plan] mad: plan-inbox=0, reviewing-plan=0
2026-03-06 16:46:32,533 INFO [auto-impl] Skipping - implementation already in progress
2026-03-06 16:46:42,532 INFO [auto-plan] Checking boards: ['mad']
2026-03-06 16:46:42,533 INFO [auto-plan] mad: plan-inbox=0, reviewing-plan=0
2026-03-06 16:46:42,533 INFO [auto-impl] Skipping - implementation already in progress
2026-03-06 16:46:52,530 INFO [auto-plan] Checking boards: ['mad']
2026-03-06 16:46:52,530 INFO [auto-plan] mad: plan-inbox=0, reviewing-plan=0
2026-03-06 16:46:52,530 INFO [auto-impl] Skipping - implementation already in progress
2026-03-06 16:47:02,527 INFO [auto-plan] Checking boards: ['mad']
2026-03-06 16:47:02,527 INFO [auto-plan] mad: plan-inbox=0, reviewing-plan=0
2026-03-06 16:47:02,527 INFO [auto-impl] Skipping - implementation already in progress
2026-03-06 16:47:12,527 INFO [auto-plan] Checking boards: ['mad']
2026-03-06 16:47:12,528 INFO [auto-plan] mad: plan-inbox=0, reviewing-plan=0
2026-03-06 16:47:12,528 INFO [auto-impl] Skipping - implementation already in progress
2026-03-06 16:47:22,523 INFO [auto-plan] Checking boards: ['mad']
2026-03-06 16:47:22,523 INFO [auto-plan] mad: plan-inbox=0, reviewing-plan=0
2026-03-06 16:47:22,523 INFO [auto-impl] Skipping - implementation already in progress
2026-03-06 16:47:32,528 INFO [auto-plan] Checking boards: ['mad']
2026-03-06 16:47:32,528 INFO [auto-plan] mad: plan-inbox=0, reviewing-plan=0
2026-03-06 16:47:32,530 INFO [auto-impl] Skipping - implementation already in progress
2026-03-06 16:47:41,632 INFO Agent B: Generating test spec...
2026-03-06 16:47:41,633 INFO [runner] Wrote instructions for 'webui-key-prompt': 11515 chars
2026-03-06 16:47:41,633 INFO [runner] Instructions preview: Code Path: /home/paule/MAD
Context File: /home/paule/MAD/.mad/CONTEXT.md

You are a QA engineer writing a test specification from a feature plan.

## Feature: webui key prompt

### Plan:
I'll explore ...
2026-03-06 16:47:41,633 INFO Starting claude with cmd: ['claude', '-p', 'Read /home/paule/MAD/.tmp/webui-key-prompt.instructions and follow the instructions exactly.', '--dangerously-skip-permissions']
2026-03-06 16:47:41,633 INFO status.feature_slug = 'webui-key-prompt'
2026-03-06 16:47:41,634 INFO Logging to: /home/paule/MAD/logs/claude-webui-key-prompt-1772844461.log
2026-03-06 16:47:42,537 INFO [auto-plan] Checking boards: ['mad']
2026-03-06 16:47:42,543 INFO [auto-plan] mad: plan-inbox=0, reviewing-plan=0
2026-03-06 16:47:42,543 INFO [auto-impl] Skipping - implementation already in progress
2026-03-06 16:47:52,515 INFO [auto-plan] Checking boards: ['mad']
2026-03-06 16:47:52,515 INFO [auto-plan] mad: plan-inbox=0, reviewing-plan=0
2026-03-06 16:47:52,515 INFO [auto-impl] Skipping - implementation already in progress
2026-03-06 16:48:02,514 INFO [auto-plan] Checking boards: ['mad']
2026-03-06 16:48:02,514 INFO [auto-plan] mad: plan-inbox=0, reviewing-plan=0
2026-03-06 16:48:02,514 INFO [auto-impl] Skipping - implementation already in progress
2026-03-06 16:48:12,513 INFO [auto-plan] Checking boards: ['mad']
2026-03-06 16:48:12,514 INFO [auto-plan] mad: plan-inbox=0, reviewing-plan=0
2026-03-06 16:48:12,514 INFO [auto-impl] Skipping - implementation already in progress
2026-03-06 16:48:22,511 INFO [auto-plan] Checking boards: ['mad']
2026-03-06 16:48:22,512 INFO [auto-plan] mad: plan-inbox=0, reviewing-plan=0
2026-03-06 16:48:22,513 INFO [auto-impl] Skipping - implementation already in progress
2026-03-06 16:48:32,511 INFO [auto-plan] Checking boards: ['mad']
2026-03-06 16:48:32,511 INFO [auto-plan] mad: plan-inbox=0, reviewing-plan=0
2026-03-06 16:48:32,511 INFO [auto-impl] Skipping - implementation already in progress
2026-03-06 16:48:42,513 INFO [auto-plan] Checking boards: ['mad']
2026-03-06 16:48:42,513 INFO [auto-plan] mad: plan-inbox=0, reviewing-plan=0
2026-03-06 16:48:42,513 INFO [auto-impl] Skipping - implementation already in progress
2026-03-06 16:48:52,511 INFO [auto-plan] Checking boards: ['mad']
2026-03-06 16:48:52,511 INFO [auto-plan] mad: plan-inbox=0, reviewing-plan=0
2026-03-06 16:48:52,512 INFO [auto-impl] Skipping - implementation already in progress
2026-03-06 16:49:02,509 INFO [auto-plan] Checking boards: ['mad']
2026-03-06 16:49:02,509 INFO [auto-plan] mad: plan-inbox=0, reviewing-plan=0
2026-03-06 16:49:02,510 INFO [auto-impl] Skipping - implementation already in progress
2026-03-06 16:49:12,508 INFO [auto-plan] Checking boards: ['mad']
2026-03-06 16:49:12,508 INFO [auto-plan] mad: plan-inbox=0, reviewing-plan=0
2026-03-06 16:49:12,508 INFO [auto-impl] Skipping - implementation already in progress
2026-03-06 16:49:22,505 INFO [auto-plan] Checking boards: ['mad']
2026-03-06 16:49:22,506 INFO [auto-plan] mad: plan-inbox=0, reviewing-plan=0
2026-03-06 16:49:22,506 INFO [auto-impl] Skipping - implementation already in progress
2026-03-06 16:49:32,506 INFO [auto-plan] Checking boards: ['mad']
2026-03-06 16:49:32,506 INFO [auto-plan] mad: plan-inbox=0, reviewing-plan=0
2026-03-06 16:49:32,506 INFO [auto-impl] Skipping - implementation already in progress
2026-03-06 16:49:42,506 INFO [auto-plan] Checking boards: ['mad']
2026-03-06 16:49:42,506 INFO [auto-plan] mad: plan-inbox=0, reviewing-plan=0
2026-03-06 16:49:42,506 INFO [auto-impl] Skipping - implementation already in progress
2026-03-06 16:49:52,500 INFO [auto-plan] Checking boards: ['mad']
2026-03-06 16:49:52,500 INFO [auto-plan] mad: plan-inbox=0, reviewing-plan=0
2026-03-06 16:49:52,500 INFO [auto-impl] Skipping - implementation already in progress
2026-03-06 16:50:02,502 INFO [auto-plan] Checking boards: ['mad']
2026-03-06 16:50:02,502 INFO [auto-plan] mad: plan-inbox=0, reviewing-plan=0
2026-03-06 16:50:02,502 INFO [auto-impl] Skipping - implementation already in progress
2026-03-06 16:50:12,500 INFO [auto-plan] Checking boards: ['mad']
2026-03-06 16:50:12,501 INFO [auto-plan] mad: plan-inbox=0, reviewing-plan=0
2026-03-06 16:50:12,501 INFO [auto-impl] Skipping - implementation already in progress
2026-03-06 16:50:22,493 INFO [auto-plan] Checking boards: ['mad']
2026-03-06 16:50:22,493 INFO [auto-plan] mad: plan-inbox=0, reviewing-plan=0
2026-03-06 16:50:22,493 INFO [auto-impl] Skipping - implementation already in progress
2026-03-06 16:50:31,467 INFO Specs generated. Feature moved to implementing.
2026-03-06 16:50:31,481 INFO [bold blue]Implementing:[/bold blue] webui key prompt
2026-03-06 16:50:31,482 INFO [implementing] Starting: webui key prompt
2026-03-06 16:50:31,483 INFO [runner] Wrote instructions for 'webui-key-prompt': 26647 chars
2026-03-06 16:50:31,483 INFO [runner] Instructions preview: Code Path: /home/paule/MAD
Context File: /home/paule/MAD/.mad/CONTEXT.md

Implement the following feature.

Feature: webui key prompt

Plan:
I'll explore the codebase to understand the current impleme...
2026-03-06 16:50:31,483 INFO Starting claude with cmd: ['claude', '-p', 'Read /home/paule/MAD/.tmp/webui-key-prompt.instructions and follow the instructions exactly.', '--dangerously-skip-permissions']
2026-03-06 16:50:31,484 INFO status.feature_slug = 'webui-key-prompt'
2026-03-06 16:50:31,484 INFO Logging to: /home/paule/MAD/logs/claude-webui-key-prompt-1772844631.log
2026-03-06 16:50:32,508 INFO [auto-plan] Checking boards: ['mad']
2026-03-06 16:50:32,515 INFO [auto-plan] mad: plan-inbox=0, reviewing-plan=0
2026-03-06 16:50:32,515 INFO [auto-impl] Skipping - implementation already in progress
2026-03-06 16:50:42,493 INFO [auto-plan] Checking boards: ['mad']
2026-03-06 16:50:42,493 INFO [auto-plan] mad: plan-inbox=0, reviewing-plan=0
2026-03-06 16:50:42,493 INFO [auto-impl] Skipping - implementation already in progress
2026-03-06 16:50:52,493 INFO [auto-plan] Checking boards: ['mad']
2026-03-06 16:50:52,493 INFO [auto-plan] mad: plan-inbox=0, reviewing-plan=0
2026-03-06 16:50:52,493 INFO [auto-impl] Skipping - implementation already in progress
2026-03-06 16:51:02,495 INFO [auto-plan] Checking boards: ['mad']
2026-03-06 16:51:02,495 INFO [auto-plan] mad: plan-inbox=0, reviewing-plan=0
2026-03-06 16:51:02,496 INFO [auto-impl] Skipping - implementation already in progress
2026-03-06 16:51:12,491 INFO [auto-plan] Checking boards: ['mad']
2026-03-06 16:51:12,491 INFO [auto-plan] mad: plan-inbox=0, reviewing-plan=0
2026-03-06 16:51:12,491 INFO [auto-impl] Skipping - implementation already in progress
2026-03-06 16:51:22,489 INFO [auto-plan] Checking boards: ['mad']
2026-03-06 16:51:22,489 INFO [auto-plan] mad: plan-inbox=0, reviewing-plan=0
2026-03-06 16:51:22,489 INFO [auto-impl] Skipping - implementation already in progress
2026-03-06 16:51:32,491 INFO [auto-plan] Checking boards: ['mad']
2026-03-06 16:51:32,491 INFO [auto-plan] mad: plan-inbox=0, reviewing-plan=0
2026-03-06 16:51:32,491 INFO [auto-impl] Skipping - implementation already in progress
2026-03-06 16:51:42,491 INFO [auto-plan] Checking boards: ['mad']
2026-03-06 16:51:42,491 INFO [auto-plan] mad: plan-inbox=0, reviewing-plan=0
2026-03-06 16:51:42,491 INFO [auto-impl] Skipping - implementation already in progress
2026-03-06 16:51:52,484 INFO [auto-plan] Checking boards: ['mad']
2026-03-06 16:51:52,484 INFO [auto-plan] mad: plan-inbox=0, reviewing-plan=0
2026-03-06 16:51:52,484 INFO [auto-impl] Skipping - implementation already in progress
2026-03-06 16:52:02,484 INFO [auto-plan] Checking boards: ['mad']
2026-03-06 16:52:02,484 INFO [auto-plan] mad: plan-inbox=0, reviewing-plan=0
2026-03-06 16:52:02,484 INFO [auto-impl] Skipping - implementation already in progress
2026-03-06 16:52:12,483 INFO [auto-plan] Checking boards: ['mad']
2026-03-06 16:52:12,484 INFO [auto-plan] mad: plan-inbox=0, reviewing-plan=0
2026-03-06 16:52:12,484 INFO [auto-impl] Skipping - implementation already in progress
2026-03-06 16:52:22,481 INFO [auto-plan] Checking boards: ['mad']
2026-03-06 16:52:22,481 INFO [auto-plan] mad: plan-inbox=0, reviewing-plan=0
2026-03-06 16:52:22,481 INFO [auto-impl] Skipping - implementation already in progress
2026-03-06 16:52:32,485 INFO [auto-plan] Checking boards: ['mad']
2026-03-06 16:52:32,486 INFO [auto-plan] mad: plan-inbox=0, reviewing-plan=0
2026-03-06 16:52:32,486 INFO [auto-impl] Skipping - implementation already in progress
2026-03-06 16:52:42,481 INFO [auto-plan] Checking boards: ['mad']
2026-03-06 16:52:42,481 INFO [auto-plan] mad: plan-inbox=0, reviewing-plan=0
2026-03-06 16:52:42,481 INFO [auto-impl] Skipping - implementation already in progress
2026-03-06 16:52:52,494 INFO [auto-plan] Checking boards: ['mad']
2026-03-06 16:52:52,495 INFO [auto-plan] mad: plan-inbox=0, reviewing-plan=0
2026-03-06 16:52:52,497 INFO [auto-impl] Skipping - implementation already in progress
2026-03-06 16:53:02,468 INFO [auto-plan] Checking boards: ['mad']
2026-03-06 16:53:02,468 INFO [auto-plan] mad: plan-inbox=0, reviewing-plan=0
2026-03-06 16:53:02,468 INFO [auto-impl] Skipping - implementation already in progress
2026-03-06 16:53:12,468 INFO [auto-plan] Checking boards: ['mad']
2026-03-06 16:53:12,468 INFO [auto-plan] mad: plan-inbox=0, reviewing-plan=0
2026-03-06 16:53:12,468 INFO [auto-impl] Skipping - implementation already in progress
2026-03-06 16:53:22,474 INFO [auto-plan] Checking boards: ['mad']
2026-03-06 16:53:22,474 INFO [auto-plan] mad: plan-inbox=0, reviewing-plan=0
2026-03-06 16:53:22,474 INFO [auto-impl] Skipping - implementation already in progress
2026-03-06 16:53:32,474 INFO [auto-plan] Checking boards: ['mad']
2026-03-06 16:53:32,475 INFO [auto-plan] mad: plan-inbox=0, reviewing-plan=0
2026-03-06 16:53:32,475 INFO [auto-impl] Skipping - implementation already in progress
2026-03-06 16:53:42,479 INFO [auto-plan] Checking boards: ['mad']
2026-03-06 16:53:42,479 INFO [auto-plan] mad: plan-inbox=0, reviewing-plan=0
2026-03-06 16:53:42,479 INFO [auto-impl] Skipping - implementation already in progress
2026-03-06 16:53:52,468 INFO [auto-plan] Checking boards: ['mad']
2026-03-06 16:53:52,469 INFO [auto-plan] mad: plan-inbox=0, reviewing-plan=0
2026-03-06 16:53:52,469 INFO [auto-impl] Skipping - implementation already in progress
2026-03-06 16:54:02,469 INFO [auto-plan] Checking boards: ['mad']
2026-03-06 16:54:02,470 INFO [auto-plan] mad: plan-inbox=0, reviewing-plan=0
2026-03-06 16:54:02,470 INFO [auto-impl] Skipping - implementation already in progress
2026-03-06 16:54:12,468 INFO [auto-plan] Checking boards: ['mad']
2026-03-06 16:54:12,468 INFO [auto-plan] mad: plan-inbox=0, reviewing-plan=0
2026-03-06 16:54:12,468 INFO [auto-impl] Skipping - implementation already in progress
2026-03-06 16:54:22,464 INFO [auto-plan] Checking boards: ['mad']
2026-03-06 16:54:22,464 INFO [auto-plan] mad: plan-inbox=0, reviewing-plan=0
2026-03-06 16:54:22,464 INFO [auto-impl] Skipping - implementation already in progress
2026-03-06 16:54:32,463 INFO [auto-plan] Checking boards: ['mad']
2026-03-06 16:54:32,464 INFO [auto-plan] mad: plan-inbox=0, reviewing-plan=0
2026-03-06 16:54:32,464 INFO [auto-impl] Skipping - implementation already in progress
2026-03-06 16:54:42,464 INFO [auto-plan] Checking boards: ['mad']
2026-03-06 16:54:42,464 INFO [auto-plan] mad: plan-inbox=0, reviewing-plan=0
2026-03-06 16:54:42,464 INFO [auto-impl] Skipping - implementation already in progress
2026-03-06 16:54:52,462 INFO [auto-plan] Checking boards: ['mad']
2026-03-06 16:54:52,462 INFO [auto-plan] mad: plan-inbox=0, reviewing-plan=0
2026-03-06 16:54:52,462 INFO [auto-impl] Skipping - implementation already in progress
2026-03-06 16:55:02,465 INFO [auto-plan] Checking boards: ['mad']
2026-03-06 16:55:02,465 INFO [auto-plan] mad: plan-inbox=0, reviewing-plan=0
2026-03-06 16:55:02,465 INFO [auto-impl] Skipping - implementation already in progress
2026-03-06 16:55:12,465 INFO [auto-plan] Checking boards: ['mad']
2026-03-06 16:55:12,465 INFO [auto-plan] mad: plan-inbox=0, reviewing-plan=0
2026-03-06 16:55:12,465 INFO [auto-impl] Skipping - implementation already in progress
2026-03-06 16:55:22,455 INFO [auto-plan] Checking boards: ['mad']
2026-03-06 16:55:22,455 INFO [auto-plan] mad: plan-inbox=0, reviewing-plan=0
2026-03-06 16:55:22,455 INFO [auto-impl] Skipping - implementation already in progress
2026-03-06 16:55:32,455 INFO [auto-plan] Checking boards: ['mad']
2026-03-06 16:55:32,455 INFO [auto-plan] mad: plan-inbox=0, reviewing-plan=0
2026-03-06 16:55:32,455 INFO [auto-impl] Skipping - implementation already in progress
2026-03-06 16:55:42,478 INFO [auto-plan] Checking boards: ['mad']
2026-03-06 16:55:42,482 INFO [auto-plan] mad: plan-inbox=0, reviewing-plan=0
2026-03-06 16:55:42,483 INFO [auto-impl] Skipping - implementation already in progress
2026-03-06 16:55:52,451 INFO [auto-plan] Checking boards: ['mad']
2026-03-06 16:55:52,452 INFO [auto-plan] mad: plan-inbox=0, reviewing-plan=0
2026-03-06 16:55:52,452 INFO [auto-impl] Skipping - implementation already in progress
2026-03-06 16:56:02,447 INFO [auto-plan] Checking boards: ['mad']
2026-03-06 16:56:02,447 INFO [auto-plan] mad: plan-inbox=0, reviewing-plan=0
2026-03-06 16:56:02,448 INFO [auto-impl] Skipping - implementation already in progress
2026-03-06 16:56:12,449 INFO [auto-plan] Checking boards: ['mad']
2026-03-06 16:56:12,450 INFO [auto-plan] mad: plan-inbox=0, reviewing-plan=0
2026-03-06 16:56:12,450 INFO [auto-impl] Skipping - implementation already in progress
2026-03-06 16:56:22,446 INFO [auto-plan] Checking boards: ['mad']
2026-03-06 16:56:22,447 INFO [auto-plan] mad: plan-inbox=0, reviewing-plan=0
2026-03-06 16:56:22,447 INFO [auto-impl] Skipping - implementation already in progress
2026-03-06 16:56:32,443 INFO [auto-plan] Checking boards: ['mad']
2026-03-06 16:56:32,443 INFO [auto-plan] mad: plan-inbox=0, reviewing-plan=0
2026-03-06 16:56:32,444 INFO [auto-impl] Skipping - implementation already in progress
2026-03-06 16:56:42,444 INFO [auto-plan] Checking boards: ['mad']
2026-03-06 16:56:42,444 INFO [auto-plan] mad: plan-inbox=0, reviewing-plan=0
2026-03-06 16:56:42,444 INFO [auto-impl] Skipping - implementation already in progress
2026-03-06 16:56:52,440 INFO [auto-plan] Checking boards: ['mad']
2026-03-06 16:56:52,440 INFO [auto-plan] mad: plan-inbox=0, reviewing-plan=0
2026-03-06 16:56:52,440 INFO [auto-impl] Skipping - implementation already in progress
2026-03-06 16:57:02,442 INFO [auto-plan] Checking boards: ['mad']
2026-03-06 16:57:02,443 INFO [auto-plan] mad: plan-inbox=0, reviewing-plan=0
2026-03-06 16:57:02,443 INFO [auto-impl] Skipping - implementation already in progress
2026-03-06 16:57:12,439 INFO [auto-plan] Checking boards: ['mad']
2026-03-06 16:57:12,440 INFO [auto-plan] mad: plan-inbox=0, reviewing-plan=0
2026-03-06 16:57:12,440 INFO [auto-impl] Skipping - implementation already in progress
2026-03-06 16:57:22,434 INFO [auto-plan] Checking boards: ['mad']
2026-03-06 16:57:22,435 INFO [auto-plan] mad: plan-inbox=0, reviewing-plan=0
2026-03-06 16:57:22,435 INFO [auto-impl] Skipping - implementation already in progress
2026-03-06 16:57:32,434 INFO [auto-plan] Checking boards: ['mad']
2026-03-06 16:57:32,435 INFO [auto-plan] mad: plan-inbox=0, reviewing-plan=0
2026-03-06 16:57:32,435 INFO [auto-impl] Skipping - implementation already in progress
2026-03-06 16:57:42,434 INFO [auto-plan] Checking boards: ['mad']
2026-03-06 16:57:42,434 INFO [auto-plan] mad: plan-inbox=0, reviewing-plan=0
2026-03-06 16:57:42,436 INFO [auto-impl] Skipping - implementation already in progress
2026-03-06 16:57:52,430 INFO [auto-plan] Checking boards: ['mad']
2026-03-06 16:57:52,431 INFO [auto-plan] mad: plan-inbox=0, reviewing-plan=0
2026-03-06 16:57:52,432 INFO [auto-impl] Skipping - implementation already in progress
2026-03-06 16:58:02,490 INFO [auto-plan] Checking boards: ['mad']
2026-03-06 16:58:02,492 INFO [auto-plan] mad: plan-inbox=0, reviewing-plan=0
2026-03-06 16:58:02,500 INFO [auto-impl] Skipping - implementation already in progress
2026-03-06 17:00:06,212 INFO Connected to server as 'wsl-mad-cwd'
2026-03-06 17:00:15,877 INFO [auto-plan] Checking boards: ['mad']
2026-03-06 17:00:15,878 INFO [auto-plan] mad: plan-inbox=0, reviewing-plan=0
2026-03-06 17:00:15,878 INFO [auto-impl] Checking boards: ['mad']
2026-03-06 17:00:15,878 INFO [auto-impl] Board 'mad', stage 'review': 0 features
2026-03-06 17:00:15,878 INFO [auto-impl] Board 'mad', stage 'testing': 0 features
2026-03-06 17:00:15,878 INFO [auto-impl] Board 'mad', stage 'implementing': 2 features
2026-03-06 17:00:15,878 INFO [auto-impl] Starting: webui key prompt (implementing)
2026-03-06 17:00:15,904 INFO [bold blue]Implementing:[/bold blue] webui key prompt
2026-03-06 17:00:15,904 INFO [implementing] Starting: webui key prompt
2026-03-06 17:00:15,907 INFO [runner] Wrote instructions for 'webui-key-prompt': 26708 chars
2026-03-06 17:00:15,907 INFO [runner] Instructions preview: Code Path: /home/paule/MAD
Context File: /home/paule/MAD/.mad/CONTEXT.md

Implement the following feature.

Feature: webui key prompt

Plan:
I'll explore the codebase to understand the current impleme...
2026-03-06 17:00:15,907 INFO Starting claude with cmd: ['claude', '-p', 'Read /home/paule/MAD/.tmp/webui-key-prompt.instructions and follow the instructions exactly.', '--dangerously-skip-permissions']
2026-03-06 17:00:15,908 INFO status.feature_slug = 'webui-key-prompt'
2026-03-06 17:00:15,908 INFO Logging to: /home/paule/MAD/logs/claude-webui-key-prompt-1772845215.log
2026-03-06 17:00:19,127 INFO Connected to server as 'wsl-chickentracks'
2026-03-06 17:00:25,873 INFO [auto-plan] Checking boards: ['mad']
2026-03-06 17:00:25,874 INFO [auto-plan] mad: plan-inbox=0, reviewing-plan=0
2026-03-06 17:00:25,874 INFO [auto-impl] Skipping - implementation already in progress
2026-03-06 17:00:28,889 INFO [auto-plan] Checking boards: ['chickencity']
2026-03-06 17:00:28,890 INFO [auto-plan] chickencity: plan-inbox=0, reviewing-plan=0
2026-03-06 17:00:28,890 INFO [auto-impl] Checking boards: ['chickencity']
2026-03-06 17:00:28,890 INFO [auto-impl] Board 'chickencity', stage 'review': 0 features
2026-03-06 17:00:28,890 INFO [auto-impl] Board 'chickencity', stage 'testing': 1 features
2026-03-06 17:00:28,890 INFO [auto-impl] Starting: Full analysis of automated testing (testing)
2026-03-06 17:00:28,917 INFO [bold blue]Writing Tests:[/bold blue] Full analysis of automated testing
2026-03-06 17:00:28,921 INFO [runner] Wrote instructions for 'full-analysis-of-automated-testing': 2281 chars
2026-03-06 17:00:28,921 INFO [runner] Instructions preview: Code Path: /home/paule/chicken-tracking/chickentracks.app
Context File: /home/paule/chicken-tracking/chickentracks.app/.mad/CONTEXT.md

Write tests for the following implemented feature.

Feature: Ful...
2026-03-06 17:00:28,921 INFO Starting claude with cmd: ['claude', '-p', 'Read /home/paule/chicken-tracking/chickentracks.app/.tmp/full-analysis-of-automated-testing.instructions and follow the instructions exactly.', '--dangerously-skip-permissions']
2026-03-06 17:00:28,921 INFO status.feature_slug = 'full-analysis-of-automated-testing'
2026-03-06 17:00:28,922 INFO Logging to: /home/paule/chicken-tracking/chickentracks.app/logs/claude-full-analysis-of-automated-testing-1772845228.log
2026-03-06 17:00:35,859 INFO [auto-plan] Checking boards: ['mad']
2026-03-06 17:00:35,860 INFO [auto-plan] mad: plan-inbox=0, reviewing-plan=0
2026-03-06 17:00:35,860 INFO [auto-impl] Skipping - implementation already in progress
2026-03-06 17:00:38,899 INFO [auto-plan] Checking boards: ['chickencity']
2026-03-06 17:00:38,900 INFO [auto-plan] chickencity: plan-inbox=0, reviewing-plan=0
2026-03-06 17:00:38,900 INFO [auto-impl] Skipping - implementation already in progress
2026-03-06 17:00:45,860 INFO [auto-plan] Checking boards: ['mad']
2026-03-06 17:00:45,860 INFO [auto-plan] mad: plan-inbox=0, reviewing-plan=0
2026-03-06 17:00:45,860 INFO [auto-impl] Skipping - implementation already in progress
2026-03-06 17:00:48,876 INFO [auto-plan] Checking boards: ['chickencity']
2026-03-06 17:00:48,877 INFO [auto-plan] chickencity: plan-inbox=0, reviewing-plan=0
2026-03-06 17:00:48,877 INFO [auto-impl] Skipping - implementation already in progress
2026-03-06 17:01:20,967 INFO Connected to server as 'wsl-mad-cwd'
2026-03-06 17:01:27,210 INFO Connected to server as 'wsl-chickentracks'
2026-03-06 17:01:30,749 INFO [auto-plan] Checking boards: ['mad']
2026-03-06 17:01:30,749 INFO [auto-plan] mad: plan-inbox=0, reviewing-plan=0
2026-03-06 17:01:30,749 INFO [auto-impl] Checking boards: ['mad']
2026-03-06 17:01:30,749 INFO [auto-impl] Board 'mad', stage 'review': 0 features
2026-03-06 17:01:30,750 INFO [auto-impl] Board 'mad', stage 'testing': 0 features
2026-03-06 17:01:30,750 INFO [auto-impl] Board 'mad', stage 'implementing': 2 features
2026-03-06 17:01:30,750 INFO [auto-impl] Starting: webui key prompt (implementing)
2026-03-06 17:01:30,775 INFO [bold blue]Implementing:[/bold blue] webui key prompt
2026-03-06 17:01:30,775 INFO [implementing] Starting: webui key prompt
2026-03-06 17:01:30,779 INFO [runner] Wrote instructions for 'webui-key-prompt': 26769 chars
2026-03-06 17:01:30,779 INFO [runner] Instructions preview: Code Path: /home/paule/MAD
Context File: /home/paule/MAD/.mad/CONTEXT.md

Implement the following feature.

Feature: webui key prompt

Plan:
I'll explore the codebase to understand the current impleme...
2026-03-06 17:01:30,780 INFO Starting claude with cmd: ['claude', '-p', 'Read /home/paule/MAD/.tmp/webui-key-prompt.instructions and follow the instructions exactly.', '--dangerously-skip-permissions']
2026-03-06 17:01:30,780 INFO status.feature_slug = 'webui-key-prompt'
2026-03-06 17:01:30,781 INFO Logging to: /home/paule/MAD/logs/claude-webui-key-prompt-1772845290.log
2026-03-06 17:01:36,951 INFO [auto-plan] Checking boards: ['chickencity']
2026-03-06 17:01:36,951 INFO [auto-plan] chickencity: plan-inbox=0, reviewing-plan=0
2026-03-06 17:01:36,951 INFO [auto-impl] Checking boards: ['chickencity']
2026-03-06 17:01:36,951 INFO [auto-impl] Board 'chickencity', stage 'review': 0 features
2026-03-06 17:01:36,952 INFO [auto-impl] Board 'chickencity', stage 'testing': 1 features
2026-03-06 17:01:36,952 INFO [auto-impl] Starting: Full analysis of automated testing (testing)
2026-03-06 17:01:36,978 INFO [bold blue]Writing Tests:[/bold blue] Full analysis of automated testing
2026-03-06 17:01:36,982 INFO [runner] Wrote instructions for 'full-analysis-of-automated-testing': 2281 chars
2026-03-06 17:01:36,982 INFO [runner] Instructions preview: Code Path: /home/paule/chicken-tracking/chickentracks.app
Context File: /home/paule/chicken-tracking/chickentracks.app/.mad/CONTEXT.md

Write tests for the following implemented feature.

Feature: Ful...
2026-03-06 17:01:36,983 INFO Starting claude with cmd: ['claude', '-p', 'Read /home/paule/chicken-tracking/chickentracks.app/.tmp/full-analysis-of-automated-testing.instructions and follow the instructions exactly.', '--dangerously-skip-permissions']
2026-03-06 17:01:36,983 INFO status.feature_slug = 'full-analysis-of-automated-testing'
2026-03-06 17:01:36,983 INFO Logging to: /home/paule/chicken-tracking/chickentracks.app/logs/claude-full-analysis-of-automated-testing-1772845296.log
2026-03-06 17:01:40,749 INFO [auto-plan] Checking boards: ['mad']
2026-03-06 17:01:40,749 INFO [auto-plan] mad: plan-inbox=0, reviewing-plan=0
2026-03-06 17:01:40,750 INFO [auto-impl] Skipping - implementation already in progress
2026-03-06 17:01:46,957 INFO [auto-plan] Checking boards: ['chickencity']
2026-03-06 17:01:46,958 INFO [auto-plan] chickencity: plan-inbox=0, reviewing-plan=0
2026-03-06 17:01:46,958 INFO [auto-impl] Skipping - implementation already in progress
2026-03-06 17:01:50,737 INFO [auto-plan] Checking boards: ['mad']
2026-03-06 17:01:50,738 INFO [auto-plan] mad: plan-inbox=0, reviewing-plan=0
2026-03-06 17:01:50,738 INFO [auto-impl] Skipping - implementation already in progress
2026-03-06 17:01:56,935 INFO [auto-plan] Checking boards: ['chickencity']
2026-03-06 17:01:56,935 INFO [auto-plan] chickencity: plan-inbox=0, reviewing-plan=0
2026-03-06 17:01:56,935 INFO [auto-impl] Skipping - implementation already in progress
2026-03-06 17:02:00,738 INFO [auto-plan] Checking boards: ['mad']
2026-03-06 17:02:00,738 INFO [auto-plan] mad: plan-inbox=0, reviewing-plan=0
2026-03-06 17:02:00,738 INFO [auto-impl] Skipping - implementation already in progress
2026-03-06 17:02:06,935 INFO [auto-plan] Checking boards: ['chickencity']
2026-03-06 17:02:06,935 INFO [auto-plan] chickencity: plan-inbox=0, reviewing-plan=0
2026-03-06 17:02:06,935 INFO [auto-impl] Skipping - implementation already in progress
2026-03-06 17:02:10,740 INFO [auto-plan] Checking boards: ['mad']
2026-03-06 17:02:10,741 INFO [auto-plan] mad: plan-inbox=0, reviewing-plan=0
2026-03-06 17:02:10,746 INFO [auto-impl] Skipping - implementation already in progress
2026-03-06 17:02:16,938 INFO [auto-plan] Checking boards: ['chickencity']
2026-03-06 17:02:16,949 INFO [auto-plan] chickencity: plan-inbox=0, reviewing-plan=0
2026-03-06 17:02:16,949 INFO [auto-impl] Skipping - implementation already in progress
2026-03-06 17:02:20,729 INFO [auto-plan] Checking boards: ['mad']
2026-03-06 17:02:20,736 INFO [auto-plan] mad: plan-inbox=0, reviewing-plan=0
2026-03-06 17:02:20,736 INFO [auto-impl] Skipping - implementation already in progress
2026-03-06 17:02:26,926 INFO [auto-plan] Checking boards: ['chickencity']
2026-03-06 17:02:26,927 INFO [auto-plan] chickencity: plan-inbox=0, reviewing-plan=0
2026-03-06 17:02:26,927 INFO [auto-impl] Skipping - implementation already in progress
2026-03-06 17:02:30,725 INFO [auto-plan] Checking boards: ['mad']
2026-03-06 17:02:30,726 INFO [auto-plan] mad: plan-inbox=0, reviewing-plan=0
2026-03-06 17:02:30,726 INFO [auto-impl] Skipping - implementation already in progress
2026-03-06 17:02:36,927 INFO [auto-plan] Checking boards: ['chickencity']
2026-03-06 17:02:36,927 INFO [auto-plan] chickencity: plan-inbox=0, reviewing-plan=0
2026-03-06 17:02:36,927 INFO [auto-impl] Skipping - implementation already in progress
2026-03-06 17:02:40,725 INFO [auto-plan] Checking boards: ['mad']
2026-03-06 17:02:40,726 INFO [auto-plan] mad: plan-inbox=0, reviewing-plan=0
2026-03-06 17:02:40,726 INFO [auto-impl] Skipping - implementation already in progress
2026-03-06 17:02:46,926 INFO [auto-plan] Checking boards: ['chickencity']
2026-03-06 17:02:46,926 INFO [auto-plan] chickencity: plan-inbox=0, reviewing-plan=0
2026-03-06 17:02:46,926 INFO [auto-impl] Skipping - implementation already in progress
2026-03-06 17:02:50,729 INFO [auto-plan] Checking boards: ['mad']
2026-03-06 17:02:50,729 INFO [auto-plan] mad: plan-inbox=0, reviewing-plan=0
2026-03-06 17:02:50,729 INFO [auto-impl] Skipping - implementation already in progress
2026-03-06 17:02:56,930 INFO [auto-plan] Checking boards: ['chickencity']
2026-03-06 17:02:56,930 INFO [auto-plan] chickencity: plan-inbox=0, reviewing-plan=0
2026-03-06 17:02:56,931 INFO [auto-impl] Skipping - implementation already in progress
2026-03-06 17:03:00,729 INFO [auto-plan] Checking boards: ['mad']
2026-03-06 17:03:00,729 INFO [auto-plan] mad: plan-inbox=0, reviewing-plan=0
2026-03-06 17:03:00,730 INFO [auto-impl] Skipping - implementation already in progress
2026-03-06 17:03:06,931 INFO [auto-plan] Checking boards: ['chickencity']
2026-03-06 17:03:06,932 INFO [auto-plan] chickencity: plan-inbox=0, reviewing-plan=0
2026-03-06 17:03:06,932 INFO [auto-impl] Skipping - implementation already in progress
2026-03-06 17:03:09,565 INFO Tests written. Feature moved to review.
2026-03-06 17:03:09,566 INFO [bold blue]Reviewing:[/bold blue] Full analysis of automated testing
2026-03-06 17:03:09,574 INFO [runner] Wrote instructions for 'full-analysis-of-automated-testing': 11167 chars
2026-03-06 17:03:09,574 INFO [runner] Instructions preview: Code Path: /home/paule/chicken-tracking/chickentracks.app
Context File: /home/paule/chicken-tracking/chickentracks.app/.mad/CONTEXT.md

You are a senior code reviewer tasked with critically evaluating...
2026-03-06 17:03:09,574 INFO Starting kilo with cmd: ['kilo', 'json', '--auto', '--format', 'Read /home/paule/chicken-tracking/chickentracks.app/.tmp/full-analysis-of-automated-testing.instructions and follow the instructions exactly.']
2026-03-06 17:03:09,574 INFO status.feature_slug = 'full-analysis-of-automated-testing'
2026-03-06 17:03:09,574 INFO Logging to: /home/paule/chicken-tracking/chickentracks.app/logs/kilo-full-analysis-of-automated-testing-1772845389.log
2026-03-06 17:03:10,729 INFO [auto-plan] Checking boards: ['mad']
2026-03-06 17:03:10,729 INFO [auto-plan] mad: plan-inbox=0, reviewing-plan=0
2026-03-06 17:03:10,729 INFO [auto-impl] Skipping - implementation already in progress
2026-03-06 17:03:16,949 INFO [auto-plan] Checking boards: ['chickencity']
2026-03-06 17:03:16,956 INFO [auto-plan] chickencity: plan-inbox=0, reviewing-plan=0
2026-03-06 17:03:16,956 INFO [auto-impl] Checking boards: ['chickencity']
2026-03-06 17:03:16,956 INFO [auto-impl] Board 'chickencity', stage 'review': 1 features
2026-03-06 17:03:16,956 INFO [auto-impl] Starting: Full analysis of automated testing (review)
2026-03-06 17:03:20,721 INFO [auto-plan] Checking boards: ['mad']
2026-03-06 17:03:20,722 INFO [auto-plan] mad: plan-inbox=0, reviewing-plan=0
2026-03-06 17:03:20,722 INFO [auto-impl] Skipping - implementation already in progress
2026-03-06 17:03:26,923 INFO [auto-plan] Checking boards: ['chickencity']
2026-03-06 17:03:26,923 INFO [auto-plan] chickencity: plan-inbox=0, reviewing-plan=0
2026-03-06 17:03:30,721 INFO [auto-plan] Checking boards: ['mad']
2026-03-06 17:03:30,722 INFO [auto-plan] mad: plan-inbox=0, reviewing-plan=0
2026-03-06 17:03:30,722 INFO [auto-impl] Skipping - implementation already in progress
2026-03-06 17:03:36,927 INFO [auto-plan] Checking boards: ['chickencity']
2026-03-06 17:03:36,927 INFO [auto-plan] chickencity: plan-inbox=0, reviewing-plan=0
2026-03-06 17:03:40,725 INFO [auto-plan] Checking boards: ['mad']
2026-03-06 17:03:40,725 INFO [auto-plan] mad: plan-inbox=0, reviewing-plan=0
2026-03-06 17:03:40,725 INFO [auto-impl] Skipping - implementation already in progress
2026-03-06 17:03:46,925 INFO [auto-plan] Checking boards: ['chickencity']
2026-03-06 17:03:46,925 INFO [auto-plan] chickencity: plan-inbox=0, reviewing-plan=0
2026-03-06 17:03:50,719 INFO [auto-plan] Checking boards: ['mad']
2026-03-06 17:03:50,719 INFO [auto-plan] mad: plan-inbox=0, reviewing-plan=0
2026-03-06 17:03:50,719 INFO [auto-impl] Skipping - implementation already in progress
2026-03-06 17:03:56,923 INFO [auto-plan] Checking boards: ['chickencity']
2026-03-06 17:03:56,923 INFO [auto-plan] chickencity: plan-inbox=0, reviewing-plan=0
2026-03-06 17:04:00,722 INFO [auto-plan] Checking boards: ['mad']
2026-03-06 17:04:00,723 INFO [auto-plan] mad: plan-inbox=0, reviewing-plan=0
2026-03-06 17:04:00,723 INFO [auto-impl] Skipping - implementation already in progress
2026-03-06 17:04:06,916 INFO [auto-plan] Checking boards: ['chickencity']
2026-03-06 17:04:06,916 INFO [auto-plan] chickencity: plan-inbox=0, reviewing-plan=0
2026-03-06 17:04:10,714 INFO [auto-plan] Checking boards: ['mad']
2026-03-06 17:04:10,715 INFO [auto-plan] mad: plan-inbox=0, reviewing-plan=0
2026-03-06 17:04:10,715 INFO [auto-impl] Skipping - implementation already in progress
2026-03-06 17:04:16,917 INFO [auto-plan] Checking boards: ['chickencity']
2026-03-06 17:04:16,917 INFO [auto-plan] chickencity: plan-inbox=0, reviewing-plan=0
2026-03-06 17:04:20,712 INFO [auto-plan] Checking boards: ['mad']
2026-03-06 17:04:20,712 INFO [auto-plan] mad: plan-inbox=0, reviewing-plan=0
2026-03-06 17:04:20,712 INFO [auto-impl] Skipping - implementation already in progress
2026-03-06 17:04:26,920 INFO [auto-plan] Checking boards: ['chickencity']
2026-03-06 17:04:26,920 INFO [auto-plan] chickencity: plan-inbox=0, reviewing-plan=0
2026-03-06 17:04:26,920 INFO [auto-impl] Checking boards: ['chickencity']
2026-03-06 17:04:26,921 INFO [auto-impl] Board 'chickencity', stage 'review': 1 features
2026-03-06 17:04:26,921 INFO [auto-impl] Starting: Full analysis of automated testing (review)
2026-03-06 17:04:30,712 INFO [auto-plan] Checking boards: ['mad']
2026-03-06 17:04:30,712 INFO [auto-plan] mad: plan-inbox=0, reviewing-plan=0
2026-03-06 17:04:30,712 INFO [auto-impl] Skipping - implementation already in progress
2026-03-06 17:04:36,912 INFO [auto-plan] Checking boards: ['chickencity']
2026-03-06 17:04:36,913 INFO [auto-plan] chickencity: plan-inbox=0, reviewing-plan=0
2026-03-06 17:04:40,717 INFO [auto-plan] Checking boards: ['mad']
2026-03-06 17:04:40,717 INFO [auto-plan] mad: plan-inbox=0, reviewing-plan=0
2026-03-06 17:04:40,717 INFO [auto-impl] Skipping - implementation already in progress
2026-03-06 17:04:46,967 INFO [auto-plan] Checking boards: ['chickencity']
2026-03-06 17:04:46,967 INFO [auto-plan] chickencity: plan-inbox=0, reviewing-plan=0
2026-03-06 17:04:50,712 INFO [auto-plan] Checking boards: ['mad']
2026-03-06 17:04:50,712 INFO [auto-plan] mad: plan-inbox=0, reviewing-plan=0
2026-03-06 17:04:50,712 INFO [auto-impl] Skipping - implementation already in progress
2026-03-06 17:04:56,909 INFO [auto-plan] Checking boards: ['chickencity']
2026-03-06 17:04:56,910 INFO [auto-plan] chickencity: plan-inbox=0, reviewing-plan=0
2026-03-06 17:05:00,707 INFO [auto-plan] Checking boards: ['mad']
2026-03-06 17:05:00,707 INFO [auto-plan] mad: plan-inbox=0, reviewing-plan=0
2026-03-06 17:05:00,707 INFO [auto-impl] Skipping - implementation already in progress
2026-03-06 17:05:06,909 INFO [auto-plan] Checking boards: ['chickencity']
2026-03-06 17:05:06,909 INFO [auto-plan] chickencity: plan-inbox=0, reviewing-plan=0
2026-03-06 17:05:10,708 INFO [auto-plan] Checking boards: ['mad']
2026-03-06 17:05:10,709 INFO [auto-plan] mad: plan-inbox=0, reviewing-plan=0
2026-03-06 17:05:10,709 INFO [auto-impl] Skipping - implementation already in progress
2026-03-06 17:05:16,597 WARNING [git] Commit failed: Command '['git', 'add', '-A', '.mad/boards/', '.mad/logs/']' returned non-zero exit status 1.
2026-03-06 17:05:16,597 INFO Implementation done. Feature moved to testing.
2026-03-06 17:05:16,603 INFO [bold blue]Writing Tests:[/bold blue] webui key prompt
2026-03-06 17:05:16,605 INFO [runner] Wrote instructions for 'webui-key-prompt': 2526 chars
2026-03-06 17:05:16,605 INFO [runner] Instructions preview: Code Path: /home/paule/MAD
Context File: /home/paule/MAD/.mad/CONTEXT.md

Write tests for the following implemented feature.

Feature: webui key prompt

Test Spec (behaviors to verify):
Test spec writ...
2026-03-06 17:05:16,605 INFO Starting kilo with cmd: ['kilo', 'run', '--auto', 'Read /home/paule/MAD/.tmp/webui-key-prompt.instructions and follow the instructions exactly.']
2026-03-06 17:05:16,605 INFO status.feature_slug = 'webui-key-prompt'
2026-03-06 17:05:16,606 INFO Logging to: /home/paule/MAD/logs/kilo-webui-key-prompt-1772845516.log
2026-03-06 17:05:16,909 INFO [auto-plan] Checking boards: ['chickencity']
2026-03-06 17:05:16,909 INFO [auto-plan] chickencity: plan-inbox=0, reviewing-plan=0
2026-03-06 17:05:20,715 INFO [auto-plan] Checking boards: ['mad']
2026-03-06 17:05:20,715 INFO [auto-plan] mad: plan-inbox=0, reviewing-plan=0
2026-03-06 17:05:20,715 INFO [auto-impl] Skipping - implementation already in progress
2026-03-06 17:05:26,910 INFO [auto-plan] Checking boards: ['chickencity']
2026-03-06 17:05:26,910 INFO [auto-plan] chickencity: plan-inbox=0, reviewing-plan=0
2026-03-06 17:05:30,705 INFO [auto-plan] Checking boards: ['mad']
2026-03-06 17:05:30,705 INFO [auto-plan] mad: plan-inbox=0, reviewing-plan=0
2026-03-06 17:05:30,705 INFO [auto-impl] Skipping - implementation already in progress
2026-03-06 17:05:36,910 INFO [auto-plan] Checking boards: ['chickencity']
2026-03-06 17:05:36,910 INFO [auto-plan] chickencity: plan-inbox=0, reviewing-plan=0
2026-03-06 17:05:36,911 INFO [auto-impl] Checking boards: ['chickencity']
2026-03-06 17:05:36,911 INFO [auto-impl] Board 'chickencity', stage 'review': 1 features
2026-03-06 17:05:36,911 INFO [auto-impl] Starting: Full analysis of automated testing (review)
2026-03-06 17:05:40,714 INFO [auto-plan] Checking boards: ['mad']
2026-03-06 17:05:40,717 INFO [auto-plan] mad: plan-inbox=0, reviewing-plan=0
2026-03-06 17:05:40,718 INFO [auto-impl] Skipping - implementation already in progress
2026-03-06 17:05:46,907 INFO [auto-plan] Checking boards: ['chickencity']
2026-03-06 17:05:46,907 INFO [auto-plan] chickencity: plan-inbox=0, reviewing-plan=0
2026-03-06 17:05:50,704 INFO [auto-plan] Checking boards: ['mad']
2026-03-06 17:05:50,705 INFO [auto-plan] mad: plan-inbox=0, reviewing-plan=0
2026-03-06 17:05:50,705 INFO [auto-impl] Skipping - implementation already in progress
2026-03-06 17:05:56,905 INFO [auto-plan] Checking boards: ['chickencity']
2026-03-06 17:05:56,905 INFO [auto-plan] chickencity: plan-inbox=0, reviewing-plan=0
2026-03-06 17:06:00,703 INFO [auto-plan] Checking boards: ['mad']
2026-03-06 17:06:00,703 INFO [auto-plan] mad: plan-inbox=0, reviewing-plan=0
2026-03-06 17:06:00,703 INFO [auto-impl] Skipping - implementation already in progress
2026-03-06 17:06:06,907 INFO [auto-plan] Checking boards: ['chickencity']
2026-03-06 17:06:06,908 INFO [auto-plan] chickencity: plan-inbox=0, reviewing-plan=0
2026-03-06 17:06:10,703 INFO [auto-plan] Checking boards: ['mad']
2026-03-06 17:06:10,704 INFO [auto-plan] mad: plan-inbox=0, reviewing-plan=0
2026-03-06 17:06:10,704 INFO [auto-impl] Skipping - implementation already in progress
2026-03-06 17:06:16,910 INFO [auto-plan] Checking boards: ['chickencity']
2026-03-06 17:06:16,910 INFO [auto-plan] chickencity: plan-inbox=0, reviewing-plan=0
2026-03-06 17:06:20,700 INFO [auto-plan] Checking boards: ['mad']
2026-03-06 17:06:20,700 INFO [auto-plan] mad: plan-inbox=0, reviewing-plan=0
2026-03-06 17:06:20,700 INFO [auto-impl] Skipping - implementation already in progress
2026-03-06 17:06:26,903 INFO [auto-plan] Checking boards: ['chickencity']
2026-03-06 17:06:26,903 INFO [auto-plan] chickencity: plan-inbox=0, reviewing-plan=0
2026-03-06 17:06:30,701 INFO [auto-plan] Checking boards: ['mad']
2026-03-06 17:06:30,701 INFO [auto-plan] mad: plan-inbox=0, reviewing-plan=0
2026-03-06 17:06:30,701 INFO [auto-impl] Skipping - implementation already in progress
2026-03-06 17:06:36,904 INFO [auto-plan] Checking boards: ['chickencity']
2026-03-06 17:06:36,905 INFO [auto-plan] chickencity: plan-inbox=0, reviewing-plan=0
2026-03-06 17:06:40,702 INFO [auto-plan] Checking boards: ['mad']
2026-03-06 17:06:40,703 INFO [auto-plan] mad: plan-inbox=0, reviewing-plan=0
2026-03-06 17:06:40,703 INFO [auto-impl] Skipping - implementation already in progress
2026-03-06 17:06:46,903 INFO [auto-plan] Checking boards: ['chickencity']
2026-03-06 17:06:46,904 INFO [auto-plan] chickencity: plan-inbox=0, reviewing-plan=0
2026-03-06 17:06:46,904 INFO [auto-impl] Checking boards: ['chickencity']
2026-03-06 17:06:46,904 INFO [auto-impl] Board 'chickencity', stage 'review': 1 features
2026-03-06 17:06:46,904 INFO [auto-impl] Starting: Full analysis of automated testing (review)
2026-03-06 17:06:50,702 INFO [auto-plan] Checking boards: ['mad']
2026-03-06 17:06:50,702 INFO [auto-plan] mad: plan-inbox=0, reviewing-plan=0
2026-03-06 17:06:50,702 INFO [auto-impl] Skipping - implementation already in progress
2026-03-06 17:06:56,899 INFO [auto-plan] Checking boards: ['chickencity']
2026-03-06 17:06:56,899 INFO [auto-plan] chickencity: plan-inbox=0, reviewing-plan=0
2026-03-06 17:07:00,701 INFO [auto-plan] Checking boards: ['mad']
2026-03-06 17:07:00,702 INFO [auto-plan] mad: plan-inbox=0, reviewing-plan=0
2026-03-06 17:07:00,702 INFO [auto-impl] Skipping - implementation already in progress
2026-03-06 17:07:06,903 INFO [auto-plan] Checking boards: ['chickencity']
2026-03-06 17:07:06,903 INFO [auto-plan] chickencity: plan-inbox=0, reviewing-plan=0
2026-03-06 17:07:10,701 INFO [auto-plan] Checking boards: ['mad']
2026-03-06 17:07:10,702 INFO [auto-plan] mad: plan-inbox=0, reviewing-plan=0
2026-03-06 17:07:10,702 INFO [auto-impl] Skipping - implementation already in progress
2026-03-06 17:07:13,709 INFO [bold blue]Reviewing:[/bold blue] Full analysis of automated testing
2026-03-06 17:07:13,717 INFO [runner] Wrote instructions for 'full-analysis-of-automated-testing': 11167 chars
2026-03-06 17:07:13,717 INFO [runner] Instructions preview: Code Path: /home/paule/chicken-tracking/chickentracks.app
Context File: /home/paule/chicken-tracking/chickentracks.app/.mad/CONTEXT.md

You are a senior code reviewer tasked with critically evaluating...
2026-03-06 17:07:13,717 INFO Starting kilo with cmd: ['kilo', 'json', '--auto', '--format', 'Read /home/paule/chicken-tracking/chickentracks.app/.tmp/full-analysis-of-automated-testing.instructions and follow the instructions exactly.']
2026-03-06 17:07:13,717 INFO status.feature_slug = 'full-analysis-of-automated-testing'
2026-03-06 17:07:13,717 INFO Logging to: /home/paule/chicken-tracking/chickentracks.app/logs/kilo-full-analysis-of-automated-testing-1772845633.log
2026-03-06 17:07:16,917 INFO [auto-plan] Checking boards: ['chickencity']
2026-03-06 17:07:16,925 INFO [auto-plan] chickencity: plan-inbox=0, reviewing-plan=0
2026-03-06 17:07:20,697 INFO [auto-plan] Checking boards: ['mad']
2026-03-06 17:07:20,698 INFO [auto-plan] mad: plan-inbox=0, reviewing-plan=0
2026-03-06 17:07:20,698 INFO [auto-impl] Skipping - implementation already in progress
2026-03-06 17:07:22,316 INFO [bold blue]Reviewing:[/bold blue] Full analysis of automated testing
2026-03-06 17:07:22,320 INFO [runner] Wrote instructions for 'full-analysis-of-automated-testing': 11167 chars
2026-03-06 17:07:22,320 INFO [runner] Instructions preview: Code Path: /home/paule/chicken-tracking/chickentracks.app
Context File: /home/paule/chicken-tracking/chickentracks.app/.mad/CONTEXT.md

You are a senior code reviewer tasked with critically evaluating...
2026-03-06 17:07:22,320 INFO Starting kilo with cmd: ['kilo', 'json', '--auto', '--format', 'Read /home/paule/chicken-tracking/chickentracks.app/.tmp/full-analysis-of-automated-testing.instructions and follow the instructions exactly.']
2026-03-06 17:07:22,320 INFO status.feature_slug = 'full-analysis-of-automated-testing'
2026-03-06 17:07:22,320 INFO Logging to: /home/paule/chicken-tracking/chickentracks.app/logs/kilo-full-analysis-of-automated-testing-1772845642.log
2026-03-06 17:07:26,914 INFO [auto-plan] Checking boards: ['chickencity']
2026-03-06 17:07:26,923 INFO [auto-plan] chickencity: plan-inbox=0, reviewing-plan=0
2026-03-06 17:07:30,698 INFO [auto-plan] Checking boards: ['mad']
2026-03-06 17:07:30,698 INFO [auto-plan] mad: plan-inbox=0, reviewing-plan=0
2026-03-06 17:07:30,699 INFO [auto-impl] Skipping - implementation already in progress
2026-03-06 17:07:32,662 INFO [bold blue]Reviewing:[/bold blue] Full analysis of automated testing
2026-03-06 17:07:32,716 INFO [runner] Wrote instructions for 'full-analysis-of-automated-testing': 11167 chars
2026-03-06 17:07:32,717 INFO [runner] Instructions preview: Code Path: /home/paule/chicken-tracking/chickentracks.app
Context File: /home/paule/chicken-tracking/chickentracks.app/.mad/CONTEXT.md

You are a senior code reviewer tasked with critically evaluating...
2026-03-06 17:07:32,719 INFO Starting kilo with cmd: ['kilo', 'json', '--auto', '--format', 'Read /home/paule/chicken-tracking/chickentracks.app/.tmp/full-analysis-of-automated-testing.instructions and follow the instructions exactly.']
2026-03-06 17:07:32,719 INFO status.feature_slug = 'full-analysis-of-automated-testing'
2026-03-06 17:07:32,721 INFO Logging to: /home/paule/chicken-tracking/chickentracks.app/logs/kilo-full-analysis-of-automated-testing-1772845652.log
2026-03-06 17:07:36,916 INFO [auto-plan] Checking boards: ['chickencity']
2026-03-06 17:07:36,923 INFO [auto-plan] chickencity: plan-inbox=0, reviewing-plan=0
2026-03-06 17:07:40,695 INFO [auto-plan] Checking boards: ['mad']
2026-03-06 17:07:40,696 INFO [auto-plan] mad: plan-inbox=0, reviewing-plan=0
2026-03-06 17:07:40,696 INFO [auto-impl] Skipping - implementation already in progress
2026-03-06 17:07:46,897 INFO [auto-plan] Checking boards: ['chickencity']
2026-03-06 17:07:46,897 INFO [auto-plan] chickencity: plan-inbox=0, reviewing-plan=0
2026-03-06 17:07:50,691 INFO [auto-plan] Checking boards: ['mad']
2026-03-06 17:07:50,692 INFO [auto-plan] mad: plan-inbox=0, reviewing-plan=0
2026-03-06 17:07:50,692 INFO [auto-impl] Skipping - implementation already in progress
2026-03-06 17:07:56,892 INFO [auto-plan] Checking boards: ['chickencity']
2026-03-06 17:07:56,892 INFO [auto-plan] chickencity: plan-inbox=0, reviewing-plan=0
2026-03-06 17:07:56,892 INFO [auto-impl] Checking boards: ['chickencity']
2026-03-06 17:07:56,893 INFO [auto-impl] Board 'chickencity', stage 'review': 1 features
2026-03-06 17:07:56,893 INFO [auto-impl] Starting: Full analysis of automated testing (review)
2026-03-06 17:08:00,693 INFO [auto-plan] Checking boards: ['mad']
2026-03-06 17:08:00,694 INFO [auto-plan] mad: plan-inbox=0, reviewing-plan=0
2026-03-06 17:08:00,694 INFO [auto-impl] Skipping - implementation already in progress
2026-03-06 17:08:06,895 INFO [auto-plan] Checking boards: ['chickencity']
2026-03-06 17:08:06,895 INFO [auto-plan] chickencity: plan-inbox=0, reviewing-plan=0
2026-03-06 17:08:10,690 INFO [auto-plan] Checking boards: ['mad']
2026-03-06 17:08:10,691 INFO [auto-plan] mad: plan-inbox=0, reviewing-plan=0
2026-03-06 17:08:10,691 INFO [auto-impl] Skipping - implementation already in progress
2026-03-06 17:08:16,891 INFO [auto-plan] Checking boards: ['chickencity']
2026-03-06 17:08:16,891 INFO [auto-plan] chickencity: plan-inbox=0, reviewing-plan=0
2026-03-06 17:08:20,692 INFO [auto-plan] Checking boards: ['mad']
2026-03-06 17:08:20,693 INFO [auto-plan] mad: plan-inbox=0, reviewing-plan=0
2026-03-06 17:08:20,693 INFO [auto-impl] Skipping - implementation already in progress
2026-03-06 17:08:26,892 INFO [auto-plan] Checking boards: ['chickencity']
2026-03-06 17:08:26,892 INFO [auto-plan] chickencity: plan-inbox=0, reviewing-plan=0
2026-03-06 17:08:30,690 INFO [auto-plan] Checking boards: ['mad']
2026-03-06 17:08:30,690 INFO [auto-plan] mad: plan-inbox=0, reviewing-plan=0
2026-03-06 17:08:30,690 INFO [auto-impl] Skipping - implementation already in progress
2026-03-06 17:08:36,897 INFO [auto-plan] Checking boards: ['chickencity']
2026-03-06 17:08:36,898 INFO [auto-plan] chickencity: plan-inbox=0, reviewing-plan=0
2026-03-06 17:08:40,694 INFO [auto-plan] Checking boards: ['mad']
2026-03-06 17:08:40,695 INFO [auto-plan] mad: plan-inbox=0, reviewing-plan=0
2026-03-06 17:08:40,695 INFO [auto-impl] Skipping - implementation already in progress
2026-03-06 17:08:46,892 INFO [auto-plan] Checking boards: ['chickencity']
2026-03-06 17:08:46,893 INFO [auto-plan] chickencity: plan-inbox=0, reviewing-plan=0
2026-03-06 17:08:50,687 INFO [auto-plan] Checking boards: ['mad']
2026-03-06 17:08:50,687 INFO [auto-plan] mad: plan-inbox=0, reviewing-plan=0
2026-03-06 17:08:50,688 INFO [auto-impl] Skipping - implementation already in progress
2026-03-06 17:08:56,890 INFO [auto-plan] Checking boards: ['chickencity']
2026-03-06 17:08:56,890 INFO [auto-plan] chickencity: plan-inbox=0, reviewing-plan=0
2026-03-06 17:09:00,693 INFO [auto-plan] Checking boards: ['mad']
2026-03-06 17:09:00,693 INFO [auto-plan] mad: plan-inbox=0, reviewing-plan=0
2026-03-06 17:09:00,693 INFO [auto-impl] Skipping - implementation already in progress
2026-03-06 17:09:10,692 INFO [auto-plan] Checking boards: ['mad']
2026-03-06 17:09:10,692 INFO [auto-plan] mad: plan-inbox=0, reviewing-plan=0
2026-03-06 17:09:10,692 INFO [auto-impl] Skipping - implementation already in progress
2026-03-06 17:09:20,686 INFO [auto-plan] Checking boards: ['mad']
2026-03-06 17:09:20,686 INFO [auto-plan] mad: plan-inbox=0, reviewing-plan=0
2026-03-06 17:09:20,686 INFO [auto-impl] Skipping - implementation already in progress
2026-03-06 17:09:26,533 INFO Connected to server as 'wsl-chickentracks'
2026-03-06 17:09:30,685 INFO [auto-plan] Checking boards: ['mad']
2026-03-06 17:09:30,685 INFO [auto-plan] mad: plan-inbox=0, reviewing-plan=0
2026-03-06 17:09:30,685 INFO [auto-impl] Skipping - implementation already in progress
2026-03-06 17:09:36,312 INFO [auto-impl] Checking boards: ['chickencity']
2026-03-06 17:09:36,320 INFO [auto-impl] Board 'chickencity', stage 'review': 1 features
2026-03-06 17:09:36,320 INFO [auto-impl] Starting: Full analysis of automated testing (review)
2026-03-06 17:09:36,418 INFO [bold blue]Reviewing:[/bold blue] Full analysis of automated testing
2026-03-06 17:09:36,588 INFO [runner] Wrote instructions for 'full-analysis-of-automated-testing': 11167 chars
2026-03-06 17:09:36,588 INFO [runner] Instructions preview: Code Path: /home/paule/chicken-tracking/chickentracks.app
Context File: /home/paule/chicken-tracking/chickentracks.app/.mad/CONTEXT.md

You are a senior code reviewer tasked with critically evaluating...
2026-03-06 17:09:36,614 INFO Starting kilo with cmd: ['kilo', 'run', '--auto', 'Read /home/paule/chicken-tracking/chickentracks.app/.tmp/full-analysis-of-automated-testing.instructions and follow the instructions exactly.']
2026-03-06 17:09:36,620 INFO status.feature_slug = 'full-analysis-of-automated-testing'
2026-03-06 17:09:36,630 INFO Logging to: /home/paule/chicken-tracking/chickentracks.app/logs/kilo-full-analysis-of-automated-testing-1772845776.log
2026-03-06 17:09:39,618 INFO Tests written. Feature moved to review.
2026-03-06 17:09:39,619 INFO [bold blue]Reviewing:[/bold blue] webui key prompt
2026-03-06 17:09:39,620 INFO [runner] Wrote instructions for 'webui-key-prompt': 16012 chars
2026-03-06 17:09:39,620 INFO [runner] Instructions preview: Code Path: /home/paule/MAD
Context File: /home/paule/MAD/.mad/CONTEXT.md

You are a senior code reviewer tasked with critically evaluating an implementation.

## Feature: webui key prompt

### Origina...
2026-03-06 17:09:39,621 INFO Starting kilo with cmd: ['kilo', 'run', '--auto', 'Read /home/paule/MAD/.tmp/webui-key-prompt.instructions and follow the instructions exactly.']
2026-03-06 17:09:39,621 INFO status.feature_slug = 'webui-key-prompt'
2026-03-06 17:09:39,621 INFO Logging to: /home/paule/MAD/logs/kilo-webui-key-prompt-1772845779.log
2026-03-06 17:09:40,698 INFO [auto-plan] Checking boards: ['mad']
2026-03-06 17:09:40,698 INFO [auto-plan] mad: plan-inbox=0, reviewing-plan=0
2026-03-06 17:09:40,698 INFO [auto-impl] Skipping - implementation already in progress
2026-03-06 17:09:46,308 INFO [auto-impl] Skipping - implementation already in progress
2026-03-06 17:09:50,679 INFO [auto-plan] Checking boards: ['mad']
2026-03-06 17:09:50,679 INFO [auto-plan] mad: plan-inbox=0, reviewing-plan=0
2026-03-06 17:09:50,679 INFO [auto-impl] Skipping - implementation already in progress
2026-03-06 17:09:56,285 INFO [auto-impl] Skipping - implementation already in progress
2026-03-06 17:10:00,678 INFO [auto-plan] Checking boards: ['mad']
2026-03-06 17:10:00,679 INFO [auto-plan] mad: plan-inbox=0, reviewing-plan=0
2026-03-06 17:10:00,679 INFO [auto-impl] Skipping - implementation already in progress
2026-03-06 17:10:06,292 INFO [auto-impl] Skipping - implementation already in progress
2026-03-06 17:10:10,679 INFO [auto-plan] Checking boards: ['mad']
2026-03-06 17:10:10,679 INFO [auto-plan] mad: plan-inbox=0, reviewing-plan=0
2026-03-06 17:10:10,679 INFO [auto-impl] Skipping - implementation already in progress
2026-03-06 17:10:16,288 INFO [auto-impl] Skipping - implementation already in progress
2026-03-06 17:10:20,681 INFO [auto-plan] Checking boards: ['mad']
2026-03-06 17:10:20,681 INFO [auto-plan] mad: plan-inbox=0, reviewing-plan=0
2026-03-06 17:10:20,682 INFO [auto-impl] Skipping - implementation already in progress
2026-03-06 17:10:26,289 INFO [auto-impl] Skipping - implementation already in progress
2026-03-06 17:10:30,681 INFO [auto-plan] Checking boards: ['mad']
2026-03-06 17:10:30,682 INFO [auto-plan] mad: plan-inbox=0, reviewing-plan=0
2026-03-06 17:10:30,682 INFO [auto-impl] Skipping - implementation already in progress
2026-03-06 17:10:36,289 INFO [auto-impl] Skipping - implementation already in progress
2026-03-06 17:10:40,679 INFO [auto-plan] Checking boards: ['mad']
2026-03-06 17:10:40,680 INFO [auto-plan] mad: plan-inbox=0, reviewing-plan=0
2026-03-06 17:10:40,680 INFO [auto-impl] Skipping - implementation already in progress
2026-03-06 17:10:46,291 INFO [auto-impl] Skipping - implementation already in progress
2026-03-06 17:10:50,672 INFO [auto-plan] Checking boards: ['mad']
2026-03-06 17:10:50,672 INFO [auto-plan] mad: plan-inbox=0, reviewing-plan=0
2026-03-06 17:10:50,672 INFO [auto-impl] Skipping - implementation already in progress
2026-03-06 17:10:56,283 INFO [auto-impl] Skipping - implementation already in progress
2026-03-06 17:11:00,672 INFO [auto-plan] Checking boards: ['mad']
2026-03-06 17:11:00,673 INFO [auto-plan] mad: plan-inbox=0, reviewing-plan=0
2026-03-06 17:11:00,673 INFO [auto-impl] Skipping - implementation already in progress
2026-03-06 17:11:06,278 INFO [auto-impl] Skipping - implementation already in progress
2026-03-06 17:11:10,672 INFO [auto-plan] Checking boards: ['mad']
2026-03-06 17:11:10,672 INFO [auto-plan] mad: plan-inbox=0, reviewing-plan=0
2026-03-06 17:11:10,672 INFO [auto-impl] Skipping - implementation already in progress
2026-03-06 17:11:16,279 INFO [auto-impl] Skipping - implementation already in progress
2026-03-06 17:11:20,665 INFO [auto-plan] Checking boards: ['mad']
2026-03-06 17:11:20,666 INFO [auto-plan] mad: plan-inbox=0, reviewing-plan=0
2026-03-06 17:11:20,666 INFO [auto-impl] Skipping - implementation already in progress
2026-03-06 17:11:26,272 INFO [auto-impl] Skipping - implementation already in progress
2026-03-06 17:11:30,701 INFO [auto-plan] Checking boards: ['mad']
2026-03-06 17:11:30,702 INFO [auto-plan] mad: plan-inbox=0, reviewing-plan=0
2026-03-06 17:11:30,702 INFO [auto-impl] Skipping - implementation already in progress
2026-03-06 17:11:36,305 INFO [auto-impl] Skipping - implementation already in progress
2026-03-06 17:11:40,664 INFO [auto-plan] Checking boards: ['mad']
2026-03-06 17:11:40,665 INFO [auto-plan] mad: plan-inbox=0, reviewing-plan=0
2026-03-06 17:11:40,665 INFO [auto-impl] Skipping - implementation already in progress
2026-03-06 17:11:41,149 INFO Review verdict: PASS
2026-03-06 17:11:41,149 INFO Review feedback: I'll perform a thorough code review by examining the relevant implementation files and test spec.
Le...
2026-03-06 17:11:41,150 INFO Review PASSED. Feature moved to final-human-approval.
2026-03-06 17:11:46,272 INFO [auto-impl] Skipping - implementation already in progress
2026-03-06 17:11:50,677 INFO [auto-plan] Checking boards: ['mad']
2026-03-06 17:11:50,685 INFO [auto-plan] mad: plan-inbox=0, reviewing-plan=0
2026-03-06 17:11:50,685 INFO [auto-impl] Checking boards: ['mad']
2026-03-06 17:11:50,685 INFO [auto-impl] Board 'mad', stage 'review': 0 features
2026-03-06 17:11:50,685 INFO [auto-impl] Board 'mad', stage 'testing': 0 features
2026-03-06 17:11:50,685 INFO [auto-impl] Board 'mad', stage 'implementing': 1 features
2026-03-06 17:11:50,685 INFO [auto-impl] Starting: Ability to start planning or implementing a specific item from the web ui (implementing)
2026-03-06 17:11:50,814 INFO [bold blue]Implementing:[/bold blue] Ability to start planning or implementing a specific item from the web ui
2026-03-06 17:11:50,830 INFO [implementing] Starting: Ability to start planning or implementing a specific item from the web ui
2026-03-06 17:11:51,133 INFO [runner] Wrote instructions for 'ability-to-start-planning-or-implementing-a-specific-item-from-the-web-ui': 16753 chars
2026-03-06 17:11:51,136 INFO [runner] Instructions preview: Code Path: /home/paule/MAD
Context File: /home/paule/MAD/.mad/CONTEXT.md

Implement the following feature.

Feature: Ability to start planning or implementing a specific item from the web ui

Plan:
##...
2026-03-06 17:11:51,136 INFO Starting claude with cmd: ['claude', '-p', 'Read /home/paule/MAD/.tmp/ability-to-start-planning-or-implementing-a-specific-item-from-the-web-ui.instructions and follow the instructions exactly.', '--dangerously-skip-permissions']
2026-03-06 17:11:51,137 INFO status.feature_slug = 'ability-to-start-planning-or-implementing-a-specific-item-from-the-web-ui'
2026-03-06 17:11:51,137 INFO Logging to: /home/paule/MAD/logs/claude-ability-to-start-planning-or-implementing-a-specific-item-from-the-web-ui-1772845911.log
2026-03-06 17:11:56,267 INFO [auto-impl] Skipping - implementation already in progress
2026-03-06 17:12:00,675 INFO [auto-plan] Checking boards: ['mad']
2026-03-06 17:12:00,682 INFO [auto-plan] mad: plan-inbox=0, reviewing-plan=0
2026-03-06 17:12:00,682 INFO [auto-impl] Skipping - implementation already in progress
2026-03-06 17:12:06,268 INFO [auto-impl] Skipping - implementation already in progress
2026-03-06 17:12:10,660 INFO [auto-plan] Checking boards: ['mad']
2026-03-06 17:12:10,661 INFO [auto-plan] mad: plan-inbox=0, reviewing-plan=0
2026-03-06 17:12:10,661 INFO [auto-impl] Skipping - implementation already in progress
2026-03-06 17:12:16,272 INFO [auto-impl] Skipping - implementation already in progress
2026-03-06 17:12:20,658 INFO [auto-plan] Checking boards: ['mad']
2026-03-06 17:12:20,659 INFO [auto-plan] mad: plan-inbox=0, reviewing-plan=0
2026-03-06 17:12:20,659 INFO [auto-impl] Skipping - implementation already in progress
2026-03-06 17:12:26,266 INFO [auto-impl] Skipping - implementation already in progress
2026-03-06 17:12:30,654 INFO [auto-plan] Checking boards: ['mad']
2026-03-06 17:12:30,655 INFO [auto-plan] mad: plan-inbox=0, reviewing-plan=0
2026-03-06 17:12:30,655 INFO [auto-impl] Skipping - implementation already in progress
2026-03-06 17:12:36,265 INFO [auto-impl] Skipping - implementation already in progress
2026-03-06 17:12:40,657 INFO [auto-plan] Checking boards: ['mad']
2026-03-06 17:12:40,657 INFO [auto-plan] mad: plan-inbox=0, reviewing-plan=0
2026-03-06 17:12:40,657 INFO [auto-impl] Skipping - implementation already in progress
2026-03-06 17:12:46,264 INFO [auto-impl] Skipping - implementation already in progress
2026-03-06 17:12:50,653 INFO [auto-plan] Checking boards: ['mad']
2026-03-06 17:12:50,653 INFO [auto-plan] mad: plan-inbox=0, reviewing-plan=0
2026-03-06 17:12:50,653 INFO [auto-impl] Skipping - implementation already in progress
2026-03-06 17:12:56,261 INFO [auto-impl] Skipping - implementation already in progress
2026-03-06 17:13:00,653 INFO [auto-plan] Checking boards: ['mad']
2026-03-06 17:13:00,653 INFO [auto-plan] mad: plan-inbox=0, reviewing-plan=0
2026-03-06 17:13:00,653 INFO [auto-impl] Skipping - implementation already in progress
2026-03-06 17:13:06,258 INFO [auto-impl] Skipping - implementation already in progress
2026-03-06 17:13:10,654 INFO [auto-plan] Checking boards: ['mad']
2026-03-06 17:13:10,655 INFO [auto-plan] mad: plan-inbox=0, reviewing-plan=0
2026-03-06 17:13:10,655 INFO [auto-impl] Skipping - implementation already in progress
2026-03-06 17:13:16,261 INFO [auto-impl] Skipping - implementation already in progress
2026-03-06 17:13:20,652 INFO [auto-plan] Checking boards: ['mad']
2026-03-06 17:13:20,653 INFO [auto-plan] mad: plan-inbox=0, reviewing-plan=0
2026-03-06 17:13:20,653 INFO [auto-impl] Skipping - implementation already in progress
2026-03-06 17:13:26,258 INFO [auto-impl] Skipping - implementation already in progress
2026-03-06 17:13:30,651 INFO [auto-plan] Checking boards: ['mad']
2026-03-06 17:13:30,651 INFO [auto-plan] mad: plan-inbox=0, reviewing-plan=0
2026-03-06 17:13:30,651 INFO [auto-impl] Skipping - implementation already in progress
2026-03-06 17:13:36,258 INFO [auto-impl] Skipping - implementation already in progress
2026-03-06 17:13:40,651 INFO [auto-plan] Checking boards: ['mad']
2026-03-06 17:13:40,651 INFO [auto-plan] mad: plan-inbox=0, reviewing-plan=0
2026-03-06 17:13:40,651 INFO [auto-impl] Skipping - implementation already in progress
2026-03-06 17:13:46,257 INFO [auto-impl] Skipping - implementation already in progress
2026-03-06 17:13:50,647 INFO [auto-plan] Checking boards: ['mad']
2026-03-06 17:13:50,647 INFO [auto-plan] mad: plan-inbox=0, reviewing-plan=0
2026-03-06 17:13:50,647 INFO [auto-impl] Skipping - implementation already in progress
2026-03-06 17:13:56,254 INFO [auto-impl] Skipping - implementation already in progress
2026-03-06 17:14:00,647 INFO [auto-plan] Checking boards: ['mad']
2026-03-06 17:14:00,647 INFO [auto-plan] mad: plan-inbox=0, reviewing-plan=0
2026-03-06 17:14:00,647 INFO [auto-impl] Skipping - implementation already in progress
2026-03-06 17:14:06,258 INFO [auto-impl] Skipping - implementation already in progress
2026-03-06 17:14:10,648 INFO [auto-plan] Checking boards: ['mad']
2026-03-06 17:14:10,648 INFO [auto-plan] mad: plan-inbox=0, reviewing-plan=0
2026-03-06 17:14:10,648 INFO [auto-impl] Skipping - implementation already in progress
2026-03-06 17:14:16,294 INFO [auto-impl] Skipping - implementation already in progress
2026-03-06 17:14:20,644 INFO [auto-plan] Checking boards: ['mad']
2026-03-06 17:14:20,644 INFO [auto-plan] mad: plan-inbox=0, reviewing-plan=0
2026-03-06 17:14:20,644 INFO [auto-impl] Skipping - implementation already in progress
2026-03-06 17:14:26,251 INFO [auto-impl] Skipping - implementation already in progress
2026-03-06 17:14:30,643 INFO [auto-plan] Checking boards: ['mad']
2026-03-06 17:14:30,644 INFO [auto-plan] mad: plan-inbox=0, reviewing-plan=0
2026-03-06 17:14:30,645 INFO [auto-impl] Skipping - implementation already in progress
2026-03-06 17:14:36,250 INFO [auto-impl] Skipping - implementation already in progress
2026-03-06 17:14:40,643 INFO [auto-plan] Checking boards: ['mad']
2026-03-06 17:14:40,643 INFO [auto-plan] mad: plan-inbox=0, reviewing-plan=0
2026-03-06 17:14:40,643 INFO [auto-impl] Skipping - implementation already in progress
2026-03-06 17:14:41,791 INFO Review verdict: FAIL
2026-03-06 17:14:41,791 INFO Review feedback: **
Phase 4c (E2E Expansion for ChickenCity) is NOT implemented - The test spec explicitly requires E...
2026-03-06 17:14:41,792 INFO Review FAILED. Feature moved back to implementing.
2026-03-06 17:14:46,266 INFO [auto-impl] Checking boards: ['chickencity']
2026-03-06 17:14:46,275 INFO [auto-impl] Board 'chickencity', stage 'review': 0 features
2026-03-06 17:14:46,276 INFO [auto-impl] Board 'chickencity', stage 'testing': 0 features
2026-03-06 17:14:46,276 INFO [auto-impl] Board 'chickencity', stage 'implementing': 1 features
2026-03-06 17:14:46,276 INFO [auto-impl] Starting: Full analysis of automated testing (implementing)
2026-03-06 17:14:46,529 INFO [bold blue]Implementing:[/bold blue] Full analysis of automated testing
2026-03-06 17:14:46,540 INFO [implementing] Starting: Full analysis of automated testing
2026-03-06 17:14:46,729 INFO [runner] Wrote instructions for 'full-analysis-of-automated-testing': 17890 chars
2026-03-06 17:14:46,856 INFO [runner] Instructions preview: Code Path: /home/paule/chicken-tracking/chickentracks.app
Context File: /home/paule/chicken-tracking/chickentracks.app/.mad/CONTEXT.md

Implement the following feature.

Feature: Full analysis of auto...
2026-03-06 17:14:46,922 INFO Starting claude with cmd: ['claude', '-p', 'Read /home/paule/chicken-tracking/chickentracks.app/.tmp/full-analysis-of-automated-testing.instructions and follow the instructions exactly.', '--dangerously-skip-permissions']
2026-03-06 17:14:46,946 INFO status.feature_slug = 'full-analysis-of-automated-testing'
2026-03-06 17:14:46,972 INFO Logging to: /home/paule/chicken-tracking/chickentracks.app/logs/claude-full-analysis-of-automated-testing-1772846086.log
2026-03-06 17:14:50,638 INFO [auto-plan] Checking boards: ['mad']
2026-03-06 17:14:50,638 INFO [auto-plan] mad: plan-inbox=0, reviewing-plan=0
2026-03-06 17:14:50,638 INFO [auto-impl] Skipping - implementation already in progress
2026-03-06 17:14:56,263 INFO [auto-impl] Skipping - implementation already in progress
2026-03-06 17:15:00,641 INFO [auto-plan] Checking boards: ['mad']
2026-03-06 17:15:00,641 INFO [auto-plan] mad: plan-inbox=0, reviewing-plan=0
2026-03-06 17:15:00,641 INFO [auto-impl] Skipping - implementation already in progress
2026-03-06 17:15:06,251 INFO [auto-impl] Skipping - implementation already in progress
2026-03-06 17:15:10,639 INFO [auto-plan] Checking boards: ['mad']
2026-03-06 17:15:10,640 INFO [auto-plan] mad: plan-inbox=0, reviewing-plan=0
2026-03-06 17:15:10,640 INFO [auto-impl] Skipping - implementation already in progress
2026-03-06 17:15:16,245 INFO [auto-impl] Skipping - implementation already in progress
2026-03-06 17:15:20,638 INFO [auto-plan] Checking boards: ['mad']
2026-03-06 17:15:20,638 INFO [auto-plan] mad: plan-inbox=0, reviewing-plan=0
2026-03-06 17:15:20,638 INFO [auto-impl] Skipping - implementation already in progress
2026-03-06 17:15:26,243 INFO [auto-impl] Skipping - implementation already in progress
2026-03-06 17:15:30,637 INFO [auto-plan] Checking boards: ['mad']
2026-03-06 17:15:30,637 INFO [auto-plan] mad: plan-inbox=0, reviewing-plan=0
2026-03-06 17:15:30,637 INFO [auto-impl] Skipping - implementation already in progress
2026-03-06 17:15:36,248 INFO [auto-impl] Skipping - implementation already in progress
2026-03-06 17:15:40,636 INFO [auto-plan] Checking boards: ['mad']
2026-03-06 17:15:40,636 INFO [auto-plan] mad: plan-inbox=0, reviewing-plan=0
2026-03-06 17:15:40,636 INFO [auto-impl] Skipping - implementation already in progress
2026-03-06 17:15:46,243 INFO [auto-impl] Skipping - implementation already in progress
2026-03-06 17:15:50,626 INFO [auto-plan] Checking boards: ['mad']
2026-03-06 17:15:50,626 INFO [auto-plan] mad: plan-inbox=0, reviewing-plan=0
2026-03-06 17:15:50,627 INFO [auto-impl] Skipping - implementation already in progress
2026-03-06 17:15:54,174 WARNING [git] Commit failed: Command '['git', 'add', '-A', '.mad/boards/', '.mad/logs/']' returned non-zero exit status 1.
2026-03-06 17:15:54,174 INFO Implementation done. Feature moved to testing.
2026-03-06 17:15:54,186 INFO [bold blue]Writing Tests:[/bold blue] Ability to start planning or implementing a specific item from the web ui
2026-03-06 17:15:54,188 INFO [runner] Wrote instructions for 'ability-to-start-planning-or-implementing-a-specific-item-from-the-web-ui': 2344 chars
2026-03-06 17:15:54,188 INFO [runner] Instructions preview: Code Path: /home/paule/MAD
Context File: /home/paule/MAD/.mad/CONTEXT.md

Write tests for the following implemented feature.

Feature: Ability to start planning or implementing a specific item from th...
2026-03-06 17:15:54,189 INFO Starting kilo with cmd: ['kilo', 'run', '--auto', 'Read /home/paule/MAD/.tmp/ability-to-start-planning-or-implementing-a-specific-item-from-the-web-ui.instructions and follow the instructions exactly.']
2026-03-06 17:15:54,189 INFO status.feature_slug = 'ability-to-start-planning-or-implementing-a-specific-item-from-the-web-ui'
2026-03-06 17:15:54,189 INFO Logging to: /home/paule/MAD/logs/kilo-ability-to-start-planning-or-implementing-a-specific-item-from-the-web-ui-1772846154.log
2026-03-06 17:15:56,234 INFO [auto-impl] Skipping - implementation already in progress
2026-03-06 17:16:00,643 INFO [auto-plan] Checking boards: ['mad']
2026-03-06 17:16:00,650 INFO [auto-plan] mad: plan-inbox=0, reviewing-plan=0
2026-03-06 17:16:00,650 INFO [auto-impl] Skipping - implementation already in progress
2026-03-06 17:16:06,238 INFO [auto-impl] Skipping - implementation already in progress
2026-03-06 17:16:10,631 INFO [auto-plan] Checking boards: ['mad']
2026-03-06 17:16:10,632 INFO [auto-plan] mad: plan-inbox=0, reviewing-plan=0
2026-03-06 17:16:10,632 INFO [auto-impl] Skipping - implementation already in progress
2026-03-06 17:16:16,237 INFO [auto-impl] Skipping - implementation already in progress
2026-03-06 17:16:20,630 INFO [auto-plan] Checking boards: ['mad']
2026-03-06 17:16:20,630 INFO [auto-plan] mad: plan-inbox=0, reviewing-plan=0
2026-03-06 17:16:20,630 INFO [auto-impl] Skipping - implementation already in progress
2026-03-06 17:16:26,243 INFO [auto-impl] Skipping - implementation already in progress
2026-03-06 17:16:30,629 INFO [auto-plan] Checking boards: ['mad']
2026-03-06 17:16:30,630 INFO [auto-plan] mad: plan-inbox=0, reviewing-plan=0
2026-03-06 17:16:30,630 INFO [auto-impl] Skipping - implementation already in progress
2026-03-06 17:16:36,238 INFO [auto-impl] Skipping - implementation already in progress
2026-03-06 17:16:40,633 INFO [auto-plan] Checking boards: ['mad']
2026-03-06 17:16:40,633 INFO [auto-plan] mad: plan-inbox=0, reviewing-plan=0
2026-03-06 17:16:40,633 INFO [auto-impl] Skipping - implementation already in progress
2026-03-06 17:16:46,236 INFO [auto-impl] Skipping - implementation already in progress
2026-03-06 17:16:50,625 INFO [auto-plan] Checking boards: ['mad']
2026-03-06 17:16:50,625 INFO [auto-plan] mad: plan-inbox=0, reviewing-plan=0
2026-03-06 17:16:50,625 INFO [auto-impl] Skipping - implementation already in progress
2026-03-06 17:16:56,233 INFO [auto-impl] Skipping - implementation already in progress
2026-03-06 17:17:00,627 INFO [auto-plan] Checking boards: ['mad']
2026-03-06 17:17:00,627 INFO [auto-plan] mad: plan-inbox=0, reviewing-plan=0
2026-03-06 17:17:00,627 INFO [auto-impl] Skipping - implementation already in progress
2026-03-06 17:17:06,232 INFO [auto-impl] Skipping - implementation already in progress
2026-03-06 17:17:10,629 INFO [auto-plan] Checking boards: ['mad']
2026-03-06 17:17:10,630 INFO [auto-plan] mad: plan-inbox=0, reviewing-plan=0
2026-03-06 17:17:10,630 INFO [auto-impl] Skipping - implementation already in progress
2026-03-06 17:17:16,274 INFO [auto-impl] Skipping - implementation already in progress
2026-03-06 17:17:20,637 INFO [auto-plan] Checking boards: ['mad']
2026-03-06 17:17:20,638 INFO [auto-plan] mad: plan-inbox=0, reviewing-plan=0
2026-03-06 17:17:20,638 INFO [auto-impl] Skipping - implementation already in progress
2026-03-06 17:17:26,229 INFO [auto-impl] Skipping - implementation already in progress
2026-03-06 17:17:30,621 INFO [auto-plan] Checking boards: ['mad']
2026-03-06 17:17:30,622 INFO [auto-plan] mad: plan-inbox=0, reviewing-plan=0
2026-03-06 17:17:30,622 INFO [auto-impl] Skipping - implementation already in progress
2026-03-06 17:17:36,228 INFO [auto-impl] Skipping - implementation already in progress
2026-03-06 17:17:40,621 INFO [auto-plan] Checking boards: ['mad']
2026-03-06 17:17:40,622 INFO [auto-plan] mad: plan-inbox=0, reviewing-plan=0
2026-03-06 17:17:40,622 INFO [auto-impl] Skipping - implementation already in progress
2026-03-06 17:17:46,229 INFO [auto-impl] Skipping - implementation already in progress
2026-03-06 17:17:50,618 INFO [auto-plan] Checking boards: ['mad']
2026-03-06 17:17:50,618 INFO [auto-plan] mad: plan-inbox=0, reviewing-plan=0
2026-03-06 17:17:50,618 INFO [auto-impl] Skipping - implementation already in progress
2026-03-06 17:17:56,225 INFO [auto-impl] Skipping - implementation already in progress
2026-03-06 17:18:00,619 INFO [auto-plan] Checking boards: ['mad']
2026-03-06 17:18:00,620 INFO [auto-plan] mad: plan-inbox=0, reviewing-plan=0
2026-03-06 17:18:00,620 INFO [auto-impl] Skipping - implementation already in progress
2026-03-06 17:18:06,230 INFO [auto-impl] Skipping - implementation already in progress
2026-03-06 17:18:09,912 WARNING [git] Commit failed: Command '['git', 'add', '-A', '.mad/boards/', '.mad/logs/']' returned non-zero exit status 1.
2026-03-06 17:18:09,913 INFO Implementation done. Feature moved to testing.
2026-03-06 17:18:09,933 INFO [bold blue]Writing Tests:[/bold blue] Full analysis of automated testing
2026-03-06 17:18:09,935 INFO [runner] Wrote instructions for 'full-analysis-of-automated-testing': 2978 chars
2026-03-06 17:18:09,935 INFO [runner] Instructions preview: Code Path: /home/paule/chicken-tracking/chickentracks.app
Context File: /home/paule/chicken-tracking/chickentracks.app/.mad/CONTEXT.md

Write tests for the following implemented feature.

Feature: Ful...
2026-03-06 17:18:09,936 INFO Starting claude with cmd: ['claude', '-p', 'Read /home/paule/chicken-tracking/chickentracks.app/.tmp/full-analysis-of-automated-testing.instructions and follow the instructions exactly.', '--dangerously-skip-permissions']
2026-03-06 17:18:09,936 INFO status.feature_slug = 'full-analysis-of-automated-testing'
2026-03-06 17:18:09,936 INFO Logging to: /home/paule/chicken-tracking/chickentracks.app/logs/claude-full-analysis-of-automated-testing-1772846289.log
2026-03-06 17:18:10,618 INFO [auto-plan] Checking boards: ['mad']
2026-03-06 17:18:10,618 INFO [auto-plan] mad: plan-inbox=0, reviewing-plan=0
2026-03-06 17:18:10,619 INFO [auto-impl] Skipping - implementation already in progress
2026-03-06 17:18:16,245 INFO [auto-impl] Skipping - implementation already in progress
2026-03-06 17:18:20,614 INFO [auto-plan] Checking boards: ['mad']
2026-03-06 17:18:20,615 INFO [auto-plan] mad: plan-inbox=0, reviewing-plan=0
2026-03-06 17:18:20,615 INFO [auto-impl] Skipping - implementation already in progress
2026-03-06 17:18:26,230 INFO [auto-impl] Skipping - implementation already in progress
2026-03-06 17:18:30,616 INFO [auto-plan] Checking boards: ['mad']
2026-03-06 17:18:30,616 INFO [auto-plan] mad: plan-inbox=0, reviewing-plan=0
2026-03-06 17:18:30,616 INFO [auto-impl] Skipping - implementation already in progress
2026-03-06 17:18:36,224 INFO [auto-impl] Skipping - implementation already in progress
2026-03-06 17:18:40,615 INFO [auto-plan] Checking boards: ['mad']
2026-03-06 17:18:40,616 INFO [auto-plan] mad: plan-inbox=0, reviewing-plan=0
2026-03-06 17:18:40,616 INFO [auto-impl] Skipping - implementation already in progress
2026-03-06 17:18:46,222 INFO [auto-impl] Skipping - implementation already in progress
2026-03-06 17:18:50,612 INFO [auto-plan] Checking boards: ['mad']
2026-03-06 17:18:50,612 INFO [auto-plan] mad: plan-inbox=0, reviewing-plan=0
2026-03-06 17:18:50,612 INFO [auto-impl] Skipping - implementation already in progress
2026-03-06 17:18:56,220 INFO [auto-impl] Skipping - implementation already in progress
2026-03-06 17:19:00,618 INFO [auto-plan] Checking boards: ['mad']
2026-03-06 17:19:00,619 INFO [auto-plan] mad: plan-inbox=0, reviewing-plan=0
2026-03-06 17:19:00,619 INFO [auto-impl] Skipping - implementation already in progress
2026-03-06 17:19:06,226 INFO [auto-impl] Skipping - implementation already in progress
2026-03-06 17:19:10,612 INFO [auto-plan] Checking boards: ['mad']
2026-03-06 17:19:10,612 INFO [auto-plan] mad: plan-inbox=0, reviewing-plan=0
2026-03-06 17:19:10,612 INFO [auto-impl] Skipping - implementation already in progress
2026-03-06 17:19:16,219 INFO [auto-impl] Skipping - implementation already in progress
2026-03-06 17:19:20,609 INFO [auto-plan] Checking boards: ['mad']
2026-03-06 17:19:20,609 INFO [auto-plan] mad: plan-inbox=0, reviewing-plan=0
2026-03-06 17:19:20,609 INFO [auto-impl] Skipping - implementation already in progress
2026-03-06 17:19:26,216 INFO [auto-impl] Skipping - implementation already in progress
2026-03-06 17:19:30,609 INFO [auto-plan] Checking boards: ['mad']
2026-03-06 17:19:30,609 INFO [auto-plan] mad: plan-inbox=0, reviewing-plan=0
2026-03-06 17:19:30,609 INFO [auto-impl] Skipping - implementation already in progress
2026-03-06 17:19:36,216 INFO [auto-impl] Skipping - implementation already in progress
2026-03-06 17:19:40,608 INFO [auto-plan] Checking boards: ['mad']
2026-03-06 17:19:40,609 INFO [auto-plan] mad: plan-inbox=0, reviewing-plan=0
2026-03-06 17:19:40,609 INFO [auto-impl] Skipping - implementation already in progress
2026-03-06 17:19:46,217 INFO [auto-impl] Skipping - implementation already in progress
2026-03-06 17:19:50,603 INFO [auto-plan] Checking boards: ['mad']
2026-03-06 17:19:50,603 INFO [auto-plan] mad: plan-inbox=0, reviewing-plan=0
2026-03-06 17:19:50,603 INFO [auto-impl] Skipping - implementation already in progress
2026-03-06 17:19:54,478 INFO Tests written. Feature moved to review.
2026-03-06 17:19:54,479 INFO [bold blue]Reviewing:[/bold blue] Full analysis of automated testing
2026-03-06 17:19:54,503 INFO [runner] Wrote instructions for 'full-analysis-of-automated-testing': 12312 chars
2026-03-06 17:19:54,503 INFO [runner] Instructions preview: Code Path: /home/paule/chicken-tracking/chickentracks.app
Context File: /home/paule/chicken-tracking/chickentracks.app/.mad/CONTEXT.md

You are a senior code reviewer tasked with critically evaluating...
2026-03-06 17:19:54,503 INFO Starting kilo with cmd: ['kilo', 'run', '--auto', 'Read /home/paule/chicken-tracking/chickentracks.app/.tmp/full-analysis-of-automated-testing.instructions and follow the instructions exactly.']
2026-03-06 17:19:54,503 INFO status.feature_slug = 'full-analysis-of-automated-testing'
2026-03-06 17:19:54,504 INFO Logging to: /home/paule/chicken-tracking/chickentracks.app/logs/kilo-full-analysis-of-automated-testing-1772846394.log
2026-03-06 17:19:56,231 INFO [auto-impl] Skipping - implementation already in progress
2026-03-06 17:20:00,602 INFO [auto-plan] Checking boards: ['mad']
2026-03-06 17:20:00,602 INFO [auto-plan] mad: plan-inbox=0, reviewing-plan=0
2026-03-06 17:20:00,602 INFO [auto-impl] Skipping - implementation already in progress
2026-03-06 17:20:06,212 INFO [auto-impl] Skipping - implementation already in progress
2026-03-06 17:20:10,602 INFO [auto-plan] Checking boards: ['mad']
2026-03-06 17:20:10,602 INFO [auto-plan] mad: plan-inbox=0, reviewing-plan=0
2026-03-06 17:20:10,602 INFO [auto-impl] Skipping - implementation already in progress
2026-03-06 17:20:16,209 INFO [auto-impl] Skipping - implementation already in progress
2026-03-06 17:20:20,602 INFO [auto-plan] Checking boards: ['mad']
2026-03-06 17:20:20,602 INFO [auto-plan] mad: plan-inbox=0, reviewing-plan=0
2026-03-06 17:20:20,602 INFO [auto-impl] Skipping - implementation already in progress
2026-03-06 17:20:26,210 INFO [auto-impl] Skipping - implementation already in progress
2026-03-06 17:20:30,603 INFO [auto-plan] Checking boards: ['mad']
2026-03-06 17:20:30,604 INFO [auto-plan] mad: plan-inbox=0, reviewing-plan=0
2026-03-06 17:20:30,604 INFO [auto-impl] Skipping - implementation already in progress
2026-03-06 17:20:36,211 INFO [auto-impl] Skipping - implementation already in progress
2026-03-06 17:20:40,604 INFO [auto-plan] Checking boards: ['mad']
2026-03-06 17:20:40,607 INFO [auto-plan] mad: plan-inbox=0, reviewing-plan=0
2026-03-06 17:20:40,607 INFO [auto-impl] Skipping - implementation already in progress
2026-03-06 17:20:46,215 INFO [auto-impl] Skipping - implementation already in progress
2026-03-06 17:20:50,598 INFO [auto-plan] Checking boards: ['mad']
2026-03-06 17:20:50,598 INFO [auto-plan] mad: plan-inbox=0, reviewing-plan=0
2026-03-06 17:20:50,598 INFO [auto-impl] Skipping - implementation already in progress
2026-03-06 17:20:56,206 INFO [auto-impl] Skipping - implementation already in progress
2026-03-06 17:21:00,599 INFO [auto-plan] Checking boards: ['mad']
2026-03-06 17:21:00,604 INFO [auto-plan] mad: plan-inbox=0, reviewing-plan=0
2026-03-06 17:21:00,604 INFO [auto-impl] Skipping - implementation already in progress
2026-03-06 17:21:06,207 INFO [auto-impl] Skipping - implementation already in progress
2026-03-06 17:21:10,604 INFO [auto-plan] Checking boards: ['mad']
2026-03-06 17:21:10,605 INFO [auto-plan] mad: plan-inbox=0, reviewing-plan=0
2026-03-06 17:21:10,605 INFO [auto-impl] Skipping - implementation already in progress
2026-03-06 17:21:16,206 INFO [auto-impl] Skipping - implementation already in progress
2026-03-06 17:21:20,620 INFO [auto-plan] Checking boards: ['mad']
2026-03-06 17:21:20,620 INFO [auto-plan] mad: plan-inbox=0, reviewing-plan=0
2026-03-06 17:21:20,620 INFO [auto-impl] Skipping - implementation already in progress
2026-03-06 17:21:26,203 INFO [auto-impl] Skipping - implementation already in progress
2026-03-06 17:21:30,596 INFO [auto-plan] Checking boards: ['mad']
2026-03-06 17:21:30,596 INFO [auto-plan] mad: plan-inbox=0, reviewing-plan=0
2026-03-06 17:21:30,596 INFO [auto-impl] Skipping - implementation already in progress
2026-03-06 17:21:36,203 INFO [auto-impl] Skipping - implementation already in progress
2026-03-06 17:21:40,596 INFO [auto-plan] Checking boards: ['mad']
2026-03-06 17:21:40,602 INFO [auto-plan] mad: plan-inbox=0, reviewing-plan=0
2026-03-06 17:21:40,602 INFO [auto-impl] Skipping - implementation already in progress
2026-03-06 17:21:46,212 INFO [auto-impl] Skipping - implementation already in progress
2026-03-06 17:21:50,598 INFO [auto-plan] Checking boards: ['mad']
2026-03-06 17:21:50,599 INFO [auto-plan] mad: plan-inbox=0, reviewing-plan=0
2026-03-06 17:21:50,599 INFO [auto-impl] Skipping - implementation already in progress
2026-03-06 17:21:56,200 INFO [auto-impl] Skipping - implementation already in progress
2026-03-06 17:22:00,593 INFO [auto-plan] Checking boards: ['mad']
2026-03-06 17:22:00,593 INFO [auto-plan] mad: plan-inbox=0, reviewing-plan=0
2026-03-06 17:22:00,593 INFO [auto-impl] Skipping - implementation already in progress
2026-03-06 17:22:06,200 INFO [auto-impl] Skipping - implementation already in progress
2026-03-06 17:22:10,594 INFO [auto-plan] Checking boards: ['mad']
2026-03-06 17:22:10,594 INFO [auto-plan] mad: plan-inbox=0, reviewing-plan=0
2026-03-06 17:22:10,600 INFO [auto-impl] Skipping - implementation already in progress
2026-03-06 17:22:16,200 INFO [auto-impl] Skipping - implementation already in progress
2026-03-06 17:22:20,591 INFO [auto-plan] Checking boards: ['mad']
2026-03-06 17:22:20,596 INFO [auto-plan] mad: plan-inbox=0, reviewing-plan=0
2026-03-06 17:22:20,596 INFO [auto-impl] Skipping - implementation already in progress
2026-03-06 17:22:26,199 INFO [auto-impl] Skipping - implementation already in progress
2026-03-06 17:22:30,595 INFO [auto-plan] Checking boards: ['mad']
2026-03-06 17:22:30,600 INFO [auto-plan] mad: plan-inbox=0, reviewing-plan=0
2026-03-06 17:22:30,600 INFO [auto-impl] Skipping - implementation already in progress
2026-03-06 17:22:36,198 INFO [auto-impl] Skipping - implementation already in progress
2026-03-06 17:22:40,590 INFO [auto-plan] Checking boards: ['mad']
2026-03-06 17:22:40,596 INFO [auto-plan] mad: plan-inbox=0, reviewing-plan=0
2026-03-06 17:22:40,596 INFO [auto-impl] Skipping - implementation already in progress
2026-03-06 17:22:46,197 INFO [auto-impl] Skipping - implementation already in progress
2026-03-06 17:22:50,587 INFO [auto-plan] Checking boards: ['mad']
2026-03-06 17:22:50,587 INFO [auto-plan] mad: plan-inbox=0, reviewing-plan=0
2026-03-06 17:22:50,592 INFO [auto-impl] Skipping - implementation already in progress
2026-03-06 17:22:56,194 INFO [auto-impl] Skipping - implementation already in progress
2026-03-06 17:23:00,586 INFO [auto-plan] Checking boards: ['mad']
2026-03-06 17:23:00,587 INFO [auto-plan] mad: plan-inbox=0, reviewing-plan=0
2026-03-06 17:23:00,587 INFO [auto-impl] Skipping - implementation already in progress
2026-03-06 17:23:06,193 INFO [auto-impl] Skipping - implementation already in progress
2026-03-06 17:23:10,586 INFO [auto-plan] Checking boards: ['mad']
2026-03-06 17:23:10,586 INFO [auto-plan] mad: plan-inbox=0, reviewing-plan=0
2026-03-06 17:23:10,586 INFO [auto-impl] Skipping - implementation already in progress
2026-03-06 17:23:16,193 INFO [auto-impl] Skipping - implementation already in progress
2026-03-06 17:23:20,583 INFO [auto-plan] Checking boards: ['mad']
2026-03-06 17:23:20,584 INFO [auto-plan] mad: plan-inbox=0, reviewing-plan=0
2026-03-06 17:23:20,584 INFO [auto-impl] Skipping - implementation already in progress
2026-03-06 17:23:26,191 INFO [auto-impl] Skipping - implementation already in progress
2026-03-06 17:23:30,590 INFO [auto-plan] Checking boards: ['mad']
2026-03-06 17:23:30,590 INFO [auto-plan] mad: plan-inbox=0, reviewing-plan=0
2026-03-06 17:23:30,590 INFO [auto-impl] Skipping - implementation already in progress
2026-03-06 17:23:36,191 INFO [auto-impl] Skipping - implementation already in progress
2026-03-06 17:23:38,759 INFO Review verdict: FAIL
2026-03-06 17:23:38,759 INFO Review feedback: **
Test summary claims "All 88 frontend test files pass (1862 tests, 1 skipped)" but actual test run...
2026-03-06 17:23:38,766 INFO Review FAILED. Feature moved back to implementing.
2026-03-06 17:23:40,585 INFO [auto-plan] Checking boards: ['mad']
2026-03-06 17:23:40,590 INFO [auto-plan] mad: plan-inbox=0, reviewing-plan=0
2026-03-06 17:23:40,591 INFO [auto-impl] Skipping - implementation already in progress
2026-03-06 17:23:46,237 INFO [auto-impl] Checking boards: ['chickencity']
2026-03-06 17:23:46,242 INFO [auto-impl] Board 'chickencity', stage 'review': 0 features
2026-03-06 17:23:46,242 INFO [auto-impl] Board 'chickencity', stage 'testing': 0 features
2026-03-06 17:23:46,243 INFO [auto-impl] Board 'chickencity', stage 'implementing': 1 features
2026-03-06 17:23:46,243 INFO [auto-impl] Starting: Full analysis of automated testing (implementing)
2026-03-06 17:23:46,593 INFO [bold blue]Implementing:[/bold blue] Full analysis of automated testing
2026-03-06 17:23:46,593 INFO [implementing] Starting: Full analysis of automated testing
2026-03-06 17:23:46,602 INFO [runner] Wrote instructions for 'full-analysis-of-automated-testing': 19387 chars
2026-03-06 17:23:46,602 INFO [runner] Instructions preview: Code Path: /home/paule/chicken-tracking/chickentracks.app
Context File: /home/paule/chicken-tracking/chickentracks.app/.mad/CONTEXT.md

Implement the following feature.

Feature: Full analysis of auto...
2026-03-06 17:23:46,614 INFO Starting claude with cmd: ['claude', '-p', 'Read /home/paule/chicken-tracking/chickentracks.app/.tmp/full-analysis-of-automated-testing.instructions and follow the instructions exactly.', '--dangerously-skip-permissions']
2026-03-06 17:23:46,615 INFO status.feature_slug = 'full-analysis-of-automated-testing'
2026-03-06 17:23:46,615 INFO Logging to: /home/paule/chicken-tracking/chickentracks.app/logs/claude-full-analysis-of-automated-testing-1772846626.log
2026-03-06 17:23:50,591 INFO [auto-plan] Checking boards: ['mad']
2026-03-06 17:23:50,591 INFO [auto-plan] mad: plan-inbox=0, reviewing-plan=0
2026-03-06 17:23:50,591 INFO [auto-impl] Skipping - implementation already in progress
2026-03-06 17:23:56,229 INFO [auto-impl] Skipping - implementation already in progress
2026-03-06 17:24:00,581 INFO [auto-plan] Checking boards: ['mad']
2026-03-06 17:24:00,582 INFO [auto-plan] mad: plan-inbox=0, reviewing-plan=0
2026-03-06 17:24:00,582 INFO [auto-impl] Skipping - implementation already in progress
2026-03-06 17:24:06,189 INFO [auto-impl] Skipping - implementation already in progress
2026-03-06 17:24:10,581 INFO [auto-plan] Checking boards: ['mad']
2026-03-06 17:24:10,581 INFO [auto-plan] mad: plan-inbox=0, reviewing-plan=0
2026-03-06 17:24:10,581 INFO [auto-impl] Skipping - implementation already in progress
2026-03-06 17:24:16,190 INFO [auto-impl] Skipping - implementation already in progress
2026-03-06 17:24:20,579 INFO [auto-plan] Checking boards: ['mad']
2026-03-06 17:24:20,584 INFO [auto-plan] mad: plan-inbox=0, reviewing-plan=0
2026-03-06 17:24:20,584 INFO [auto-impl] Skipping - implementation already in progress
2026-03-06 17:24:26,187 INFO [auto-impl] Skipping - implementation already in progress
2026-03-06 17:24:30,581 INFO [auto-plan] Checking boards: ['mad']
2026-03-06 17:24:30,581 INFO [auto-plan] mad: plan-inbox=0, reviewing-plan=0
2026-03-06 17:24:30,581 INFO [auto-impl] Skipping - implementation already in progress
2026-03-06 17:24:36,185 INFO [auto-impl] Skipping - implementation already in progress
2026-03-06 17:24:40,578 INFO [auto-plan] Checking boards: ['mad']
2026-03-06 17:24:40,578 INFO [auto-plan] mad: plan-inbox=0, reviewing-plan=0
2026-03-06 17:24:40,578 INFO [auto-impl] Skipping - implementation already in progress
2026-03-06 17:24:46,186 INFO [auto-impl] Skipping - implementation already in progress
2026-03-06 17:24:50,580 INFO [auto-plan] Checking boards: ['mad']
2026-03-06 17:24:50,589 INFO [auto-plan] mad: plan-inbox=0, reviewing-plan=0
2026-03-06 17:24:50,589 INFO [auto-impl] Skipping - implementation already in progress
2026-03-06 17:24:56,190 INFO [auto-impl] Skipping - implementation already in progress
2026-03-06 17:25:00,582 INFO [auto-plan] Checking boards: ['mad']
2026-03-06 17:25:00,593 INFO [auto-plan] mad: plan-inbox=0, reviewing-plan=0
2026-03-06 17:25:00,593 INFO [auto-impl] Skipping - implementation already in progress
2026-03-06 17:25:06,196 INFO [auto-impl] Skipping - implementation already in progress
2026-03-06 17:25:10,576 INFO [auto-plan] Checking boards: ['mad']
2026-03-06 17:25:10,576 INFO [auto-plan] mad: plan-inbox=0, reviewing-plan=0
2026-03-06 17:25:10,576 INFO [auto-impl] Skipping - implementation already in progress
2026-03-06 17:25:16,183 INFO [auto-impl] Skipping - implementation already in progress
2026-03-06 17:25:20,573 INFO [auto-plan] Checking boards: ['mad']
2026-03-06 17:25:20,574 INFO [auto-plan] mad: plan-inbox=0, reviewing-plan=0
2026-03-06 17:25:20,574 INFO [auto-impl] Skipping - implementation already in progress
2026-03-06 17:25:26,181 INFO [auto-impl] Skipping - implementation already in progress
2026-03-06 17:25:30,579 INFO [auto-plan] Checking boards: ['mad']
2026-03-06 17:25:30,580 INFO [auto-plan] mad: plan-inbox=0, reviewing-plan=0
2026-03-06 17:25:30,580 INFO [auto-impl] Skipping - implementation already in progress
2026-03-06 17:25:36,181 INFO [auto-impl] Skipping - implementation already in progress
2026-03-06 17:25:40,579 INFO [auto-plan] Checking boards: ['mad']
2026-03-06 17:25:40,580 INFO [auto-plan] mad: plan-inbox=0, reviewing-plan=0
2026-03-06 17:25:40,580 INFO [auto-impl] Skipping - implementation already in progress
2026-03-06 17:25:46,181 INFO [auto-impl] Skipping - implementation already in progress
2026-03-06 17:25:50,571 INFO [auto-plan] Checking boards: ['mad']
2026-03-06 17:25:50,574 INFO [auto-plan] mad: plan-inbox=0, reviewing-plan=0
2026-03-06 17:25:50,574 INFO [auto-impl] Skipping - implementation already in progress
2026-03-06 17:25:56,181 INFO [auto-impl] Skipping - implementation already in progress
2026-03-06 17:26:00,630 INFO [auto-plan] Checking boards: ['mad']
2026-03-06 17:26:00,630 INFO [auto-plan] mad: plan-inbox=0, reviewing-plan=0
2026-03-06 17:26:00,630 INFO [auto-impl] Skipping - implementation already in progress
2026-03-06 17:26:06,177 INFO [auto-impl] Skipping - implementation already in progress
2026-03-06 17:26:10,570 INFO [auto-plan] Checking boards: ['mad']
2026-03-06 17:26:10,571 INFO [auto-plan] mad: plan-inbox=0, reviewing-plan=0
2026-03-06 17:26:10,571 INFO [auto-impl] Skipping - implementation already in progress
2026-03-06 17:26:10,954 INFO Server connection lost, will reconnect...
2026-03-06 17:26:10,954 INFO Server connection lost, will reconnect...
2026-03-06 17:26:12,292 WARNING Failed to connect to server: server rejected WebSocket connection: HTTP 502
2026-03-06 17:26:12,309 WARNING Failed to connect to server: server rejected WebSocket connection: HTTP 502
2026-03-06 17:26:14,518 WARNING Failed to connect to server: server rejected WebSocket connection: HTTP 502
2026-03-06 17:26:14,548 WARNING Failed to connect to server: server rejected WebSocket connection: HTTP 502
2026-03-06 17:26:16,178 INFO [auto-impl] Skipping - implementation already in progress
2026-03-06 17:26:18,744 WARNING Failed to connect to server: no close frame received or sent
2026-03-06 17:26:18,789 INFO Connected to server as 'wsl-chickentracks'
2026-03-06 17:26:20,566 INFO [auto-plan] Checking boards: ['mad']
2026-03-06 17:26:20,567 INFO [auto-plan] mad: plan-inbox=0, reviewing-plan=0
2026-03-06 17:26:20,567 INFO [auto-impl] Skipping - implementation already in progress
2026-03-06 17:26:22,034 INFO Server connection lost, will reconnect...
2026-03-06 17:26:23,406 INFO Connected to server as 'wsl-chickentracks'
2026-03-06 17:26:26,174 INFO [auto-impl] Skipping - implementation already in progress
2026-03-06 17:26:26,964 INFO Connected to server as 'wsl-mad-cwd'
2026-03-06 17:26:30,567 INFO [auto-plan] Checking boards: ['mad']
2026-03-06 17:26:30,567 INFO [auto-plan] mad: plan-inbox=0, reviewing-plan=0
2026-03-06 17:26:30,567 INFO [auto-impl] Skipping - implementation already in progress
2026-03-06 17:26:36,174 INFO [auto-impl] Skipping - implementation already in progress
2026-03-06 17:26:40,566 INFO [auto-plan] Checking boards: ['mad']
2026-03-06 17:26:40,567 INFO [auto-plan] mad: plan-inbox=0, reviewing-plan=0
2026-03-06 17:26:40,567 INFO [auto-impl] Skipping - implementation already in progress
2026-03-06 17:26:46,176 INFO [auto-impl] Skipping - implementation already in progress
2026-03-06 17:26:50,566 INFO [auto-plan] Checking boards: ['mad']
2026-03-06 17:26:50,571 INFO [auto-plan] mad: plan-inbox=0, reviewing-plan=0
2026-03-06 17:26:50,571 INFO [auto-impl] Skipping - implementation already in progress
2026-03-06 17:26:56,172 INFO [auto-impl] Skipping - implementation already in progress
2026-03-06 17:27:00,571 INFO [auto-plan] Checking boards: ['mad']
2026-03-06 17:27:00,572 INFO [auto-plan] mad: plan-inbox=0, reviewing-plan=0
2026-03-06 17:27:00,572 INFO [auto-impl] Skipping - implementation already in progress
2026-03-06 17:27:06,174 INFO [auto-impl] Skipping - implementation already in progress
2026-03-06 17:27:10,565 INFO [auto-plan] Checking boards: ['mad']
2026-03-06 17:27:10,565 INFO [auto-plan] mad: plan-inbox=0, reviewing-plan=0
2026-03-06 17:27:10,565 INFO [auto-impl] Skipping - implementation already in progress
2026-03-06 17:27:16,176 INFO [auto-impl] Skipping - implementation already in progress
2026-03-06 17:27:20,566 INFO [auto-plan] Checking boards: ['mad']
2026-03-06 17:27:20,567 INFO [auto-plan] mad: plan-inbox=0, reviewing-plan=0
2026-03-06 17:27:20,567 INFO [auto-impl] Skipping - implementation already in progress
2026-03-06 17:27:26,171 INFO [auto-impl] Skipping - implementation already in progress
2026-03-06 17:27:30,568 INFO [auto-plan] Checking boards: ['mad']
2026-03-06 17:27:30,568 INFO [auto-plan] mad: plan-inbox=0, reviewing-plan=0
2026-03-06 17:27:30,572 INFO [auto-impl] Skipping - implementation already in progress
2026-03-06 17:27:36,170 INFO [auto-impl] Skipping - implementation already in progress
2026-03-06 17:27:40,562 INFO [auto-plan] Checking boards: ['mad']
2026-03-06 17:27:40,563 INFO [auto-plan] mad: plan-inbox=0, reviewing-plan=0
2026-03-06 17:27:40,563 INFO [auto-impl] Skipping - implementation already in progress
2026-03-06 17:27:46,170 INFO [auto-impl] Skipping - implementation already in progress
2026-03-06 17:27:50,561 INFO [auto-plan] Checking boards: ['mad']
2026-03-06 17:27:50,566 INFO [auto-plan] mad: plan-inbox=0, reviewing-plan=0
2026-03-06 17:27:50,566 INFO [auto-impl] Skipping - implementation already in progress
2026-03-06 17:27:56,167 INFO [auto-impl] Skipping - implementation already in progress
2026-03-06 17:28:00,560 INFO [auto-plan] Checking boards: ['mad']
2026-03-06 17:28:00,560 INFO [auto-plan] mad: plan-inbox=0, reviewing-plan=0
2026-03-06 17:28:00,560 INFO [auto-impl] Skipping - implementation already in progress
2026-03-06 17:28:06,168 INFO [auto-impl] Skipping - implementation already in progress
2026-03-06 17:28:10,560 INFO [auto-plan] Checking boards: ['mad']
2026-03-06 17:28:10,560 INFO [auto-plan] mad: plan-inbox=0, reviewing-plan=0
2026-03-06 17:28:10,560 INFO [auto-impl] Skipping - implementation already in progress
2026-03-06 17:28:16,167 INFO [auto-impl] Skipping - implementation already in progress
2026-03-06 17:28:20,557 INFO [auto-plan] Checking boards: ['mad']
2026-03-06 17:28:20,558 INFO [auto-plan] mad: plan-inbox=0, reviewing-plan=0
2026-03-06 17:28:20,558 INFO [auto-impl] Skipping - implementation already in progress
2026-03-06 17:28:26,166 INFO [auto-impl] Skipping - implementation already in progress
2026-03-06 17:28:30,558 INFO [auto-plan] Checking boards: ['mad']
2026-03-06 17:28:30,559 INFO [auto-plan] mad: plan-inbox=0, reviewing-plan=0
2026-03-06 17:28:30,563 INFO [auto-impl] Skipping - implementation already in progress
2026-03-06 17:28:36,166 INFO [auto-impl] Skipping - implementation already in progress
2026-03-06 17:28:40,559 INFO [auto-plan] Checking boards: ['mad']
2026-03-06 17:28:40,560 INFO [auto-plan] mad: plan-inbox=0, reviewing-plan=0
2026-03-06 17:28:40,560 INFO [auto-impl] Skipping - implementation already in progress
2026-03-06 17:28:46,166 INFO [auto-impl] Skipping - implementation already in progress
2026-03-06 17:28:50,555 INFO [auto-plan] Checking boards: ['mad']
2026-03-06 17:28:50,555 INFO [auto-plan] mad: plan-inbox=0, reviewing-plan=0
2026-03-06 17:28:50,555 INFO [auto-impl] Skipping - implementation already in progress
2026-03-06 17:28:56,163 INFO [auto-impl] Skipping - implementation already in progress
2026-03-06 17:29:00,557 INFO [auto-plan] Checking boards: ['mad']
2026-03-06 17:29:00,559 INFO [auto-plan] mad: plan-inbox=0, reviewing-plan=0
2026-03-06 17:29:00,565 INFO [auto-impl] Skipping - implementation already in progress
2026-03-06 17:29:06,163 INFO [auto-impl] Skipping - implementation already in progress
2026-03-06 17:29:10,556 INFO [auto-plan] Checking boards: ['mad']
2026-03-06 17:29:10,561 INFO [auto-plan] mad: plan-inbox=0, reviewing-plan=0
2026-03-06 17:29:10,561 INFO [auto-impl] Skipping - implementation already in progress
2026-03-06 17:29:16,162 INFO [auto-impl] Skipping - implementation already in progress
2026-03-06 17:29:20,556 INFO [auto-plan] Checking boards: ['mad']
2026-03-06 17:29:20,556 INFO [auto-plan] mad: plan-inbox=0, reviewing-plan=0
2026-03-06 17:29:20,557 INFO [auto-impl] Skipping - implementation already in progress
2026-03-06 17:29:26,157 INFO [auto-impl] Skipping - implementation already in progress
2026-03-06 17:29:30,554 INFO [auto-plan] Checking boards: ['mad']
2026-03-06 17:29:30,555 INFO [auto-plan] mad: plan-inbox=0, reviewing-plan=0
2026-03-06 17:29:30,559 INFO [auto-impl] Skipping - implementation already in progress
2026-03-06 17:29:36,157 INFO [auto-impl] Skipping - implementation already in progress
2026-03-06 17:29:40,550 INFO [auto-plan] Checking boards: ['mad']
2026-03-06 17:29:40,550 INFO [auto-plan] mad: plan-inbox=0, reviewing-plan=0
2026-03-06 17:29:40,550 INFO [auto-impl] Skipping - implementation already in progress
2026-03-06 17:29:46,157 INFO [auto-impl] Skipping - implementation already in progress
2026-03-06 17:29:50,551 INFO [auto-plan] Checking boards: ['mad']
2026-03-06 17:29:50,551 INFO [auto-plan] mad: plan-inbox=0, reviewing-plan=0
2026-03-06 17:29:50,551 INFO [auto-impl] Skipping - implementation already in progress
2026-03-06 17:29:56,158 INFO [auto-impl] Skipping - implementation already in progress
2026-03-06 17:30:00,550 INFO [auto-plan] Checking boards: ['mad']
2026-03-06 17:30:00,550 INFO [auto-plan] mad: plan-inbox=0, reviewing-plan=0
2026-03-06 17:30:00,550 INFO [auto-impl] Skipping - implementation already in progress
2026-03-06 17:30:06,159 INFO [auto-impl] Skipping - implementation already in progress
2026-03-06 17:30:10,551 INFO [auto-plan] Checking boards: ['mad']
2026-03-06 17:30:10,551 INFO [auto-plan] mad: plan-inbox=0, reviewing-plan=0
2026-03-06 17:30:10,551 INFO [auto-impl] Skipping - implementation already in progress
2026-03-06 17:30:15,884 WARNING [git] Commit failed: Command '['git', 'add', '-A', '.mad/boards/', '.mad/logs/']' returned non-zero exit status 1.
2026-03-06 17:30:15,884 INFO Implementation done. Feature moved to testing.
2026-03-06 17:30:16,215 INFO [bold blue]Writing Tests:[/bold blue] Full analysis of automated testing
2026-03-06 17:30:16,218 INFO [runner] Wrote instructions for 'full-analysis-of-automated-testing': 3085 chars
2026-03-06 17:30:16,219 INFO [runner] Instructions preview: Code Path: /home/paule/chicken-tracking/chickentracks.app
Context File: /home/paule/chicken-tracking/chickentracks.app/.mad/CONTEXT.md

Write tests for the following implemented feature.

Feature: Ful...
2026-03-06 17:30:16,228 INFO Starting claude with cmd: ['claude', '-p', 'Read /home/paule/chicken-tracking/chickentracks.app/.tmp/full-analysis-of-automated-testing.instructions and follow the instructions exactly.', '--dangerously-skip-permissions']
2026-03-06 17:30:16,228 INFO status.feature_slug = 'full-analysis-of-automated-testing'
2026-03-06 17:30:16,228 INFO Logging to: /home/paule/chicken-tracking/chickentracks.app/logs/claude-full-analysis-of-automated-testing-1772847016.log
2026-03-06 17:30:16,272 INFO [auto-impl] Skipping - implementation already in progress
2026-03-06 17:30:20,549 INFO [auto-plan] Checking boards: ['mad']
2026-03-06 17:30:20,553 INFO [auto-plan] mad: plan-inbox=0, reviewing-plan=0
2026-03-06 17:30:20,553 INFO [auto-impl] Skipping - implementation already in progress
2026-03-06 17:30:26,156 INFO [auto-impl] Skipping - implementation already in progress
2026-03-06 17:30:30,553 INFO [auto-plan] Checking boards: ['mad']
2026-03-06 17:30:30,554 INFO [auto-plan] mad: plan-inbox=0, reviewing-plan=0
2026-03-06 17:30:30,554 INFO [auto-impl] Skipping - implementation already in progress
2026-03-06 17:30:36,155 INFO [auto-impl] Skipping - implementation already in progress
2026-03-06 17:30:40,547 INFO [auto-plan] Checking boards: ['mad']
2026-03-06 17:30:40,547 INFO [auto-plan] mad: plan-inbox=0, reviewing-plan=0
2026-03-06 17:30:40,547 INFO [auto-impl] Skipping - implementation already in progress
2026-03-06 17:30:46,161 INFO [auto-impl] Skipping - implementation already in progress
2026-03-06 17:30:50,545 INFO [auto-plan] Checking boards: ['mad']
2026-03-06 17:30:50,545 INFO [auto-plan] mad: plan-inbox=0, reviewing-plan=0
2026-03-06 17:30:50,545 INFO [auto-impl] Skipping - implementation already in progress
2026-03-06 17:30:56,165 INFO [auto-impl] Skipping - implementation already in progress
2026-03-06 17:31:00,546 INFO [auto-plan] Checking boards: ['mad']
2026-03-06 17:31:00,550 INFO [auto-plan] mad: plan-inbox=0, reviewing-plan=0
2026-03-06 17:31:00,550 INFO [auto-impl] Skipping - implementation already in progress
2026-03-06 17:31:06,162 INFO [auto-impl] Skipping - implementation already in progress
2026-03-06 17:31:10,546 INFO [auto-plan] Checking boards: ['mad']
2026-03-06 17:31:10,547 INFO [auto-plan] mad: plan-inbox=0, reviewing-plan=0
2026-03-06 17:31:10,547 INFO [auto-impl] Skipping - implementation already in progress
2026-03-06 17:31:16,149 INFO [auto-impl] Skipping - implementation already in progress
2026-03-06 17:31:20,546 INFO [auto-plan] Checking boards: ['mad']
2026-03-06 17:31:20,547 INFO [auto-plan] mad: plan-inbox=0, reviewing-plan=0
2026-03-06 17:31:20,547 INFO [auto-impl] Skipping - implementation already in progress
2026-03-06 17:31:26,159 INFO [auto-impl] Skipping - implementation already in progress
2026-03-06 17:31:30,550 INFO [auto-plan] Checking boards: ['mad']
2026-03-06 17:31:30,555 INFO [auto-plan] mad: plan-inbox=0, reviewing-plan=0
2026-03-06 17:31:30,555 INFO [auto-impl] Skipping - implementation already in progress
2026-03-06 17:31:36,150 INFO [auto-impl] Skipping - implementation already in progress
2026-03-06 17:31:40,543 INFO [auto-plan] Checking boards: ['mad']
2026-03-06 17:31:40,543 INFO [auto-plan] mad: plan-inbox=0, reviewing-plan=0
2026-03-06 17:31:40,543 INFO [auto-impl] Skipping - implementation already in progress
2026-03-06 17:31:46,156 INFO [auto-impl] Skipping - implementation already in progress
2026-03-06 17:31:50,544 INFO [auto-plan] Checking boards: ['mad']
2026-03-06 17:31:50,544 INFO [auto-plan] mad: plan-inbox=0, reviewing-plan=0
2026-03-06 17:31:50,544 INFO [auto-impl] Skipping - implementation already in progress
2026-03-06 17:31:56,153 INFO [auto-impl] Skipping - implementation already in progress
2026-03-06 17:32:00,541 INFO [auto-plan] Checking boards: ['mad']
2026-03-06 17:32:00,546 INFO [auto-plan] mad: plan-inbox=0, reviewing-plan=0
2026-03-06 17:32:00,546 INFO [auto-impl] Skipping - implementation already in progress
2026-03-06 17:32:06,153 INFO [auto-impl] Skipping - implementation already in progress
2026-03-06 17:32:10,540 INFO [auto-plan] Checking boards: ['mad']
2026-03-06 17:32:10,540 INFO [auto-plan] mad: plan-inbox=0, reviewing-plan=0
2026-03-06 17:32:10,540 INFO [auto-impl] Skipping - implementation already in progress
2026-03-06 17:32:16,152 INFO [auto-impl] Skipping - implementation already in progress
2026-03-06 17:32:20,538 INFO [auto-plan] Checking boards: ['mad']
2026-03-06 17:32:20,538 INFO [auto-plan] mad: plan-inbox=0, reviewing-plan=0
2026-03-06 17:32:20,538 INFO [auto-impl] Skipping - implementation already in progress
2026-03-06 17:32:26,146 INFO [auto-impl] Skipping - implementation already in progress
2026-03-06 17:32:30,538 INFO [auto-plan] Checking boards: ['mad']
2026-03-06 17:32:30,538 INFO [auto-plan] mad: plan-inbox=0, reviewing-plan=0
2026-03-06 17:32:30,538 INFO [auto-impl] Skipping - implementation already in progress
2026-03-06 17:32:36,147 INFO [auto-impl] Skipping - implementation already in progress
2026-03-06 17:32:40,538 INFO [auto-plan] Checking boards: ['mad']
2026-03-06 17:32:40,544 INFO [auto-plan] mad: plan-inbox=0, reviewing-plan=0
2026-03-06 17:32:40,544 INFO [auto-impl] Skipping - implementation already in progress
2026-03-06 17:32:46,147 INFO [auto-impl] Skipping - implementation already in progress
2026-03-06 17:32:50,535 INFO [auto-plan] Checking boards: ['mad']
2026-03-06 17:32:50,535 INFO [auto-plan] mad: plan-inbox=0, reviewing-plan=0
2026-03-06 17:32:50,535 INFO [auto-impl] Skipping - implementation already in progress
2026-03-06 17:32:56,143 INFO [auto-impl] Skipping - implementation already in progress
2026-03-06 17:33:00,535 INFO [auto-plan] Checking boards: ['mad']
2026-03-06 17:33:00,536 INFO [auto-plan] mad: plan-inbox=0, reviewing-plan=0
2026-03-06 17:33:00,536 INFO [auto-impl] Skipping - implementation already in progress
2026-03-06 17:33:06,149 INFO [auto-impl] Skipping - implementation already in progress
2026-03-06 17:33:10,536 INFO [auto-plan] Checking boards: ['mad']
2026-03-06 17:33:10,536 INFO [auto-plan] mad: plan-inbox=0, reviewing-plan=0
2026-03-06 17:33:10,537 INFO [auto-impl] Skipping - implementation already in progress
2026-03-06 17:33:16,143 INFO [auto-impl] Skipping - implementation already in progress
2026-03-06 17:33:20,534 INFO [auto-plan] Checking boards: ['mad']
2026-03-06 17:33:20,534 INFO [auto-plan] mad: plan-inbox=0, reviewing-plan=0
2026-03-06 17:33:20,534 INFO [auto-impl] Skipping - implementation already in progress
2026-03-06 17:33:26,141 INFO [auto-impl] Skipping - implementation already in progress
2026-03-06 17:33:30,533 INFO [auto-plan] Checking boards: ['mad']
2026-03-06 17:33:30,533 INFO [auto-plan] mad: plan-inbox=0, reviewing-plan=0
2026-03-06 17:33:30,533 INFO [auto-impl] Skipping - implementation already in progress
2026-03-06 17:33:36,147 INFO [auto-impl] Skipping - implementation already in progress
2026-03-06 17:33:40,534 INFO [auto-plan] Checking boards: ['mad']
2026-03-06 17:33:40,534 INFO [auto-plan] mad: plan-inbox=0, reviewing-plan=0
2026-03-06 17:33:40,534 INFO [auto-impl] Skipping - implementation already in progress
2026-03-06 17:33:46,142 INFO [auto-impl] Skipping - implementation already in progress
2026-03-06 17:33:50,530 INFO [auto-plan] Checking boards: ['mad']
2026-03-06 17:33:50,530 INFO [auto-plan] mad: plan-inbox=0, reviewing-plan=0
2026-03-06 17:33:50,530 INFO [auto-impl] Skipping - implementation already in progress
2026-03-06 17:33:56,137 INFO [auto-impl] Skipping - implementation already in progress
2026-03-06 17:34:00,537 INFO [auto-plan] Checking boards: ['mad']
2026-03-06 17:34:00,544 INFO [auto-plan] mad: plan-inbox=0, reviewing-plan=0
2026-03-06 17:34:00,544 INFO [auto-impl] Skipping - implementation already in progress
2026-03-06 17:34:06,139 INFO [auto-impl] Skipping - implementation already in progress
2026-03-06 17:34:10,529 INFO [auto-plan] Checking boards: ['mad']
2026-03-06 17:34:10,530 INFO [auto-plan] mad: plan-inbox=0, reviewing-plan=0
2026-03-06 17:34:10,530 INFO [auto-impl] Skipping - implementation already in progress
2026-03-06 17:34:16,138 INFO [auto-impl] Skipping - implementation already in progress
2026-03-06 17:34:20,529 INFO [auto-plan] Checking boards: ['mad']
2026-03-06 17:34:20,535 INFO [auto-plan] mad: plan-inbox=0, reviewing-plan=0
2026-03-06 17:34:20,535 INFO [auto-impl] Skipping - implementation already in progress
2026-03-06 17:34:26,137 INFO [auto-impl] Skipping - implementation already in progress
2026-03-06 17:34:30,529 INFO [auto-plan] Checking boards: ['mad']
2026-03-06 17:34:30,534 INFO [auto-plan] mad: plan-inbox=0, reviewing-plan=0
2026-03-06 17:34:30,534 INFO [auto-impl] Skipping - implementation already in progress
2026-03-06 17:34:36,137 INFO [auto-impl] Skipping - implementation already in progress
2026-03-06 17:34:40,528 INFO [auto-plan] Checking boards: ['mad']
2026-03-06 17:34:40,528 INFO [auto-plan] mad: plan-inbox=0, reviewing-plan=0
2026-03-06 17:34:40,528 INFO [auto-impl] Skipping - implementation already in progress
2026-03-06 17:34:46,136 INFO [auto-impl] Skipping - implementation already in progress
2026-03-06 17:34:50,526 INFO [auto-plan] Checking boards: ['mad']
2026-03-06 17:34:50,526 INFO [auto-plan] mad: plan-inbox=0, reviewing-plan=0
2026-03-06 17:34:50,526 INFO [auto-impl] Skipping - implementation already in progress
2026-03-06 17:34:56,134 INFO [auto-impl] Skipping - implementation already in progress
2026-03-06 17:35:00,527 INFO [auto-plan] Checking boards: ['mad']
2026-03-06 17:35:00,528 INFO [auto-plan] mad: plan-inbox=0, reviewing-plan=0
2026-03-06 17:35:00,528 INFO [auto-impl] Skipping - implementation already in progress
2026-03-06 17:35:06,134 INFO [auto-impl] Skipping - implementation already in progress
2026-03-06 17:35:10,527 INFO [auto-plan] Checking boards: ['mad']
2026-03-06 17:35:10,532 INFO [auto-plan] mad: plan-inbox=0, reviewing-plan=0
2026-03-06 17:35:10,532 INFO [auto-impl] Skipping - implementation already in progress
2026-03-06 17:35:16,133 INFO [auto-impl] Skipping - implementation already in progress
2026-03-06 17:35:20,525 INFO [auto-plan] Checking boards: ['mad']
2026-03-06 17:35:20,525 INFO [auto-plan] mad: plan-inbox=0, reviewing-plan=0
2026-03-06 17:35:20,526 INFO [auto-impl] Skipping - implementation already in progress
2026-03-06 17:35:26,132 INFO [auto-impl] Skipping - implementation already in progress
2026-03-06 17:35:30,524 INFO [auto-plan] Checking boards: ['mad']
2026-03-06 17:35:30,525 INFO [auto-plan] mad: plan-inbox=0, reviewing-plan=0
2026-03-06 17:35:30,525 INFO [auto-impl] Skipping - implementation already in progress
2026-03-06 17:35:36,137 INFO [auto-impl] Skipping - implementation already in progress
2026-03-06 17:35:40,532 INFO [auto-plan] Checking boards: ['mad']
2026-03-06 17:35:40,533 INFO [auto-plan] mad: plan-inbox=0, reviewing-plan=0
2026-03-06 17:35:40,533 INFO [auto-impl] Skipping - implementation already in progress
2026-03-06 17:35:46,133 INFO [auto-impl] Skipping - implementation already in progress
2026-03-06 17:35:50,521 INFO [auto-plan] Checking boards: ['mad']
2026-03-06 17:35:50,522 INFO [auto-plan] mad: plan-inbox=0, reviewing-plan=0
2026-03-06 17:35:50,522 INFO [auto-impl] Skipping - implementation already in progress
2026-03-06 17:35:56,129 INFO [auto-impl] Skipping - implementation already in progress
2026-03-06 17:36:00,521 INFO [auto-plan] Checking boards: ['mad']
2026-03-06 17:36:00,527 INFO [auto-plan] mad: plan-inbox=0, reviewing-plan=0
2026-03-06 17:36:00,527 INFO [auto-impl] Skipping - implementation already in progress
2026-03-06 17:36:06,129 INFO [auto-impl] Skipping - implementation already in progress
2026-03-06 17:36:10,521 INFO [auto-plan] Checking boards: ['mad']
2026-03-06 17:36:10,522 INFO [auto-plan] mad: plan-inbox=0, reviewing-plan=0
2026-03-06 17:36:10,522 INFO [auto-impl] Skipping - implementation already in progress
2026-03-06 17:36:16,129 INFO [auto-impl] Skipping - implementation already in progress
2026-03-06 17:36:20,520 INFO [auto-plan] Checking boards: ['mad']
2026-03-06 17:36:20,520 INFO [auto-plan] mad: plan-inbox=0, reviewing-plan=0
2026-03-06 17:36:20,520 INFO [auto-impl] Skipping - implementation already in progress
2026-03-06 17:36:26,145 INFO [auto-impl] Skipping - implementation already in progress
2026-03-06 17:36:30,519 INFO [auto-plan] Checking boards: ['mad']
2026-03-06 17:36:30,519 INFO [auto-plan] mad: plan-inbox=0, reviewing-plan=0
2026-03-06 17:36:30,519 INFO [auto-impl] Skipping - implementation already in progress
2026-03-06 17:36:36,133 INFO [auto-impl] Skipping - implementation already in progress
2026-03-06 17:36:40,519 INFO [auto-plan] Checking boards: ['mad']
2026-03-06 17:36:40,519 INFO [auto-plan] mad: plan-inbox=0, reviewing-plan=0
2026-03-06 17:36:40,519 INFO [auto-impl] Skipping - implementation already in progress
2026-03-06 17:36:46,134 INFO [auto-impl] Skipping - implementation already in progress
2026-03-06 17:36:50,518 INFO [auto-plan] Checking boards: ['mad']
2026-03-06 17:36:50,523 INFO [auto-plan] mad: plan-inbox=0, reviewing-plan=0
2026-03-06 17:36:50,523 INFO [auto-impl] Skipping - implementation already in progress
2026-03-06 17:36:56,136 INFO [auto-impl] Skipping - implementation already in progress
2026-03-06 17:37:00,517 INFO [auto-plan] Checking boards: ['mad']
2026-03-06 17:37:00,517 INFO [auto-plan] mad: plan-inbox=0, reviewing-plan=0
2026-03-06 17:37:00,517 INFO [auto-impl] Skipping - implementation already in progress
2026-03-06 17:37:06,125 INFO [auto-impl] Skipping - implementation already in progress
2026-03-06 17:37:10,517 INFO [auto-plan] Checking boards: ['mad']
2026-03-06 17:37:10,517 INFO [auto-plan] mad: plan-inbox=0, reviewing-plan=0
2026-03-06 17:37:10,517 INFO [auto-impl] Skipping - implementation already in progress
2026-03-06 17:37:16,126 INFO [auto-impl] Skipping - implementation already in progress
2026-03-06 17:37:20,514 INFO [auto-plan] Checking boards: ['mad']
2026-03-06 17:37:20,515 INFO [auto-plan] mad: plan-inbox=0, reviewing-plan=0
2026-03-06 17:37:20,515 INFO [auto-impl] Skipping - implementation already in progress
2026-03-06 17:37:26,130 INFO [auto-impl] Skipping - implementation already in progress
2026-03-06 17:37:30,516 INFO [auto-plan] Checking boards: ['mad']
2026-03-06 17:37:30,520 INFO [auto-plan] mad: plan-inbox=0, reviewing-plan=0
2026-03-06 17:37:30,520 INFO [auto-impl] Skipping - implementation already in progress
2026-03-06 17:37:36,124 INFO [auto-impl] Skipping - implementation already in progress
2026-03-06 17:37:40,515 INFO [auto-plan] Checking boards: ['mad']
2026-03-06 17:37:40,515 INFO [auto-plan] mad: plan-inbox=0, reviewing-plan=0
2026-03-06 17:37:40,515 INFO [auto-impl] Skipping - implementation already in progress
2026-03-06 17:37:46,122 INFO [auto-impl] Skipping - implementation already in progress
2026-03-06 17:37:50,512 INFO [auto-plan] Checking boards: ['mad']
2026-03-06 17:37:50,512 INFO [auto-plan] mad: plan-inbox=0, reviewing-plan=0
2026-03-06 17:37:50,513 INFO [auto-impl] Skipping - implementation already in progress
2026-03-06 17:37:56,120 INFO [auto-impl] Skipping - implementation already in progress
2026-03-06 17:38:00,513 INFO [auto-plan] Checking boards: ['mad']
2026-03-06 17:38:00,514 INFO [auto-plan] mad: plan-inbox=0, reviewing-plan=0
2026-03-06 17:38:00,514 INFO [auto-impl] Skipping - implementation already in progress
2026-03-06 17:38:06,121 INFO [auto-impl] Skipping - implementation already in progress
2026-03-06 17:38:10,514 INFO [auto-plan] Checking boards: ['mad']
2026-03-06 17:38:10,518 INFO [auto-plan] mad: plan-inbox=0, reviewing-plan=0
2026-03-06 17:38:10,518 INFO [auto-impl] Skipping - implementation already in progress
2026-03-06 17:38:16,122 INFO [auto-impl] Skipping - implementation already in progress
2026-03-06 17:38:20,510 INFO [auto-plan] Checking boards: ['mad']
2026-03-06 17:38:20,511 INFO [auto-plan] mad: plan-inbox=0, reviewing-plan=0
2026-03-06 17:38:20,511 INFO [auto-impl] Skipping - implementation already in progress
2026-03-06 17:38:26,120 INFO [auto-impl] Skipping - implementation already in progress
2026-03-06 17:38:30,516 INFO [auto-plan] Checking boards: ['mad']
2026-03-06 17:38:30,525 INFO [auto-plan] mad: plan-inbox=0, reviewing-plan=0
2026-03-06 17:38:30,525 INFO [auto-impl] Skipping - implementation already in progress
2026-03-06 17:38:36,119 INFO [auto-impl] Skipping - implementation already in progress
2026-03-06 17:38:40,515 INFO [auto-plan] Checking boards: ['mad']
2026-03-06 17:38:40,516 INFO [auto-plan] mad: plan-inbox=0, reviewing-plan=0
2026-03-06 17:38:40,532 INFO [auto-impl] Skipping - implementation already in progress
2026-03-06 17:38:46,134 INFO [auto-impl] Skipping - implementation already in progress
2026-03-06 17:38:50,513 INFO [auto-plan] Checking boards: ['mad']
2026-03-06 17:38:50,513 INFO [auto-plan] mad: plan-inbox=0, reviewing-plan=0
2026-03-06 17:38:50,514 INFO [auto-impl] Skipping - implementation already in progress
2026-03-06 17:38:56,116 INFO [auto-impl] Skipping - implementation already in progress
2026-03-06 17:39:00,508 INFO [auto-plan] Checking boards: ['mad']
2026-03-06 17:39:00,514 INFO [auto-plan] mad: plan-inbox=0, reviewing-plan=0
2026-03-06 17:39:00,514 INFO [auto-impl] Skipping - implementation already in progress
2026-03-06 17:39:06,139 INFO [auto-impl] Skipping - implementation already in progress
2026-03-06 17:39:10,509 INFO [auto-plan] Checking boards: ['mad']
2026-03-06 17:39:10,509 INFO [auto-plan] mad: plan-inbox=0, reviewing-plan=0
2026-03-06 17:39:10,509 INFO [auto-impl] Skipping - implementation already in progress
2026-03-06 17:39:16,117 INFO [auto-impl] Skipping - implementation already in progress
2026-03-06 17:39:20,506 INFO [auto-plan] Checking boards: ['mad']
2026-03-06 17:39:20,511 INFO [auto-plan] mad: plan-inbox=0, reviewing-plan=0
2026-03-06 17:39:20,511 INFO [auto-impl] Skipping - implementation already in progress
2026-03-06 17:39:26,113 INFO [auto-impl] Skipping - implementation already in progress
2026-03-06 17:39:30,506 INFO [auto-plan] Checking boards: ['mad']
2026-03-06 17:39:30,511 INFO [auto-plan] mad: plan-inbox=0, reviewing-plan=0
2026-03-06 17:39:30,511 INFO [auto-impl] Skipping - implementation already in progress
2026-03-06 17:39:36,113 INFO [auto-impl] Skipping - implementation already in progress
2026-03-06 17:39:40,529 INFO [auto-plan] Checking boards: ['mad']
2026-03-06 17:39:40,530 INFO [auto-plan] mad: plan-inbox=0, reviewing-plan=0
2026-03-06 17:39:40,531 INFO [auto-impl] Skipping - implementation already in progress
2026-03-06 17:39:46,115 INFO [auto-impl] Skipping - implementation already in progress
2026-03-06 17:39:50,508 INFO [auto-plan] Checking boards: ['mad']
2026-03-06 17:39:50,508 INFO [auto-plan] mad: plan-inbox=0, reviewing-plan=0
2026-03-06 17:39:50,508 INFO [auto-impl] Skipping - implementation already in progress
2026-03-06 17:39:56,112 INFO [auto-impl] Skipping - implementation already in progress
2026-03-06 17:40:00,504 INFO [auto-plan] Checking boards: ['mad']
2026-03-06 17:40:00,505 INFO [auto-plan] mad: plan-inbox=0, reviewing-plan=0
2026-03-06 17:40:00,505 INFO [auto-impl] Skipping - implementation already in progress
2026-03-06 17:40:06,113 INFO [auto-impl] Skipping - implementation already in progress
2026-03-06 17:40:10,505 INFO [auto-plan] Checking boards: ['mad']
2026-03-06 17:40:10,505 INFO [auto-plan] mad: plan-inbox=0, reviewing-plan=0
2026-03-06 17:40:10,505 INFO [auto-impl] Skipping - implementation already in progress
2026-03-06 17:40:16,112 INFO [auto-impl] Skipping - implementation already in progress
2026-03-06 17:40:20,501 INFO [auto-plan] Checking boards: ['mad']
2026-03-06 17:40:20,501 INFO [auto-plan] mad: plan-inbox=0, reviewing-plan=0
2026-03-06 17:40:20,502 INFO [auto-impl] Skipping - implementation already in progress
2026-03-06 17:40:26,109 INFO [auto-impl] Skipping - implementation already in progress
2026-03-06 17:40:30,501 INFO [auto-plan] Checking boards: ['mad']
2026-03-06 17:40:30,501 INFO [auto-plan] mad: plan-inbox=0, reviewing-plan=0
2026-03-06 17:40:30,501 INFO [auto-impl] Skipping - implementation already in progress
2026-03-06 17:40:36,108 INFO [auto-impl] Skipping - implementation already in progress
2026-03-06 17:40:40,501 INFO [auto-plan] Checking boards: ['mad']
2026-03-06 17:40:40,501 INFO [auto-plan] mad: plan-inbox=0, reviewing-plan=0
2026-03-06 17:40:40,501 INFO [auto-impl] Skipping - implementation already in progress
2026-03-06 17:40:46,115 INFO [auto-impl] Skipping - implementation already in progress
2026-03-06 17:40:50,499 INFO [auto-plan] Checking boards: ['mad']
2026-03-06 17:40:50,499 INFO [auto-plan] mad: plan-inbox=0, reviewing-plan=0
2026-03-06 17:40:50,499 INFO [auto-impl] Skipping - implementation already in progress
2026-03-06 17:40:56,115 INFO [auto-impl] Skipping - implementation already in progress
2026-03-06 17:41:00,500 INFO [auto-plan] Checking boards: ['mad']
2026-03-06 17:41:00,500 INFO [auto-plan] mad: plan-inbox=0, reviewing-plan=0
2026-03-06 17:41:00,500 INFO [auto-impl] Skipping - implementation already in progress
2026-03-06 17:41:06,108 INFO [auto-impl] Skipping - implementation already in progress
2026-03-06 17:41:10,500 INFO [auto-plan] Checking boards: ['mad']
2026-03-06 17:41:10,505 INFO [auto-plan] mad: plan-inbox=0, reviewing-plan=0
2026-03-06 17:41:10,505 INFO [auto-impl] Skipping - implementation already in progress
2026-03-06 17:41:16,107 INFO [auto-impl] Skipping - implementation already in progress
2026-03-06 17:41:20,497 INFO [auto-plan] Checking boards: ['mad']
2026-03-06 17:41:20,497 INFO [auto-plan] mad: plan-inbox=0, reviewing-plan=0
2026-03-06 17:41:20,497 INFO [auto-impl] Skipping - implementation already in progress
2026-03-06 17:41:26,110 INFO [auto-impl] Skipping - implementation already in progress
2026-03-06 17:41:30,498 INFO [auto-plan] Checking boards: ['mad']
2026-03-06 17:41:30,499 INFO [auto-plan] mad: plan-inbox=0, reviewing-plan=0
2026-03-06 17:41:30,499 INFO [auto-impl] Skipping - implementation already in progress
2026-03-06 17:41:36,111 INFO [auto-impl] Skipping - implementation already in progress
2026-03-06 17:41:40,495 INFO [auto-plan] Checking boards: ['mad']
2026-03-06 17:41:40,496 INFO [auto-plan] mad: plan-inbox=0, reviewing-plan=0
2026-03-06 17:41:40,496 INFO [auto-impl] Skipping - implementation already in progress
2026-03-06 17:41:46,104 INFO [auto-impl] Skipping - implementation already in progress
2026-03-06 17:41:50,500 INFO [auto-plan] Checking boards: ['mad']
2026-03-06 17:41:50,500 INFO [auto-plan] mad: plan-inbox=0, reviewing-plan=0
2026-03-06 17:41:50,500 INFO [auto-impl] Skipping - implementation already in progress
2026-03-06 17:41:56,108 INFO [auto-impl] Skipping - implementation already in progress
2026-03-06 17:42:00,495 INFO [auto-plan] Checking boards: ['mad']
2026-03-06 17:42:00,496 INFO [auto-plan] mad: plan-inbox=0, reviewing-plan=0
2026-03-06 17:42:00,496 INFO [auto-impl] Skipping - implementation already in progress
2026-03-06 17:42:06,102 INFO [auto-impl] Skipping - implementation already in progress
2026-03-06 17:42:10,501 INFO [auto-plan] Checking boards: ['mad']
2026-03-06 17:42:10,505 INFO [auto-plan] mad: plan-inbox=0, reviewing-plan=0
2026-03-06 17:42:10,505 INFO [auto-impl] Skipping - implementation already in progress
2026-03-06 17:42:16,110 INFO [auto-impl] Skipping - implementation already in progress
2026-03-06 17:42:20,493 INFO [auto-plan] Checking boards: ['mad']
2026-03-06 17:42:20,494 INFO [auto-plan] mad: plan-inbox=0, reviewing-plan=0
2026-03-06 17:42:20,498 INFO [auto-impl] Skipping - implementation already in progress
2026-03-06 17:42:26,114 INFO [auto-impl] Skipping - implementation already in progress
2026-03-06 17:42:30,498 INFO [auto-plan] Checking boards: ['mad']
2026-03-06 17:42:30,499 INFO [auto-plan] mad: plan-inbox=0, reviewing-plan=0
2026-03-06 17:42:30,499 INFO [auto-impl] Skipping - implementation already in progress
2026-03-06 17:42:36,100 INFO [auto-impl] Skipping - implementation already in progress
2026-03-06 17:42:40,492 INFO [auto-plan] Checking boards: ['mad']
2026-03-06 17:42:40,493 INFO [auto-plan] mad: plan-inbox=0, reviewing-plan=0
2026-03-06 17:42:40,493 INFO [auto-impl] Skipping - implementation already in progress
2026-03-06 17:42:46,101 INFO [auto-impl] Skipping - implementation already in progress
2026-03-06 17:42:50,496 INFO [auto-plan] Checking boards: ['mad']
2026-03-06 17:42:50,497 INFO [auto-plan] mad: plan-inbox=0, reviewing-plan=0
2026-03-06 17:42:50,497 INFO [auto-impl] Skipping - implementation already in progress
2026-03-06 17:42:56,098 INFO [auto-impl] Skipping - implementation already in progress
2026-03-06 17:43:00,491 INFO [auto-plan] Checking boards: ['mad']
2026-03-06 17:43:00,491 INFO [auto-plan] mad: plan-inbox=0, reviewing-plan=0
2026-03-06 17:43:00,491 INFO [auto-impl] Skipping - implementation already in progress
2026-03-06 17:43:06,100 INFO [auto-impl] Skipping - implementation already in progress
2026-03-06 17:43:10,491 INFO [auto-plan] Checking boards: ['mad']
2026-03-06 17:43:10,491 INFO [auto-plan] mad: plan-inbox=0, reviewing-plan=0
2026-03-06 17:43:10,491 INFO [auto-impl] Skipping - implementation already in progress
2026-03-06 17:43:16,098 INFO [auto-impl] Skipping - implementation already in progress
2026-03-06 17:43:20,489 INFO [auto-plan] Checking boards: ['mad']
2026-03-06 17:43:20,489 INFO [auto-plan] mad: plan-inbox=0, reviewing-plan=0
2026-03-06 17:43:20,489 INFO [auto-impl] Skipping - implementation already in progress
2026-03-06 17:43:26,097 INFO [auto-impl] Skipping - implementation already in progress
2026-03-06 17:43:30,489 INFO [auto-plan] Checking boards: ['mad']
2026-03-06 17:43:30,494 INFO [auto-plan] mad: plan-inbox=0, reviewing-plan=0
2026-03-06 17:43:30,494 INFO [auto-impl] Skipping - implementation already in progress
2026-03-06 17:43:36,096 INFO [auto-impl] Skipping - implementation already in progress
2026-03-06 17:43:40,489 INFO [auto-plan] Checking boards: ['mad']
2026-03-06 17:43:40,489 INFO [auto-plan] mad: plan-inbox=0, reviewing-plan=0
2026-03-06 17:43:40,490 INFO [auto-impl] Skipping - implementation already in progress
2026-03-06 17:43:46,097 INFO [auto-impl] Skipping - implementation already in progress
2026-03-06 17:43:50,487 INFO [auto-plan] Checking boards: ['mad']
2026-03-06 17:43:50,494 INFO [auto-plan] mad: plan-inbox=0, reviewing-plan=0
2026-03-06 17:43:50,498 INFO [auto-impl] Skipping - implementation already in progress
2026-03-06 17:43:56,104 INFO [auto-impl] Skipping - implementation already in progress
2026-03-06 17:44:00,486 INFO [auto-plan] Checking boards: ['mad']
2026-03-06 17:44:00,492 INFO [auto-plan] mad: plan-inbox=0, reviewing-plan=0
2026-03-06 17:44:00,492 INFO [auto-impl] Skipping - implementation already in progress
2026-03-06 17:44:06,095 INFO [auto-impl] Skipping - implementation already in progress
2026-03-06 17:44:10,493 INFO [auto-plan] Checking boards: ['mad']
2026-03-06 17:44:10,500 INFO [auto-plan] mad: plan-inbox=0, reviewing-plan=0
2026-03-06 17:44:10,500 INFO [auto-impl] Skipping - implementation already in progress
2026-03-06 17:44:16,094 INFO [auto-impl] Skipping - implementation already in progress
2026-03-06 17:44:20,484 INFO [auto-plan] Checking boards: ['mad']
2026-03-06 17:44:20,489 INFO [auto-plan] mad: plan-inbox=0, reviewing-plan=0
2026-03-06 17:44:20,489 INFO [auto-impl] Skipping - implementation already in progress
2026-03-06 17:44:26,092 INFO [auto-impl] Skipping - implementation already in progress
2026-03-06 17:44:30,484 INFO [auto-plan] Checking boards: ['mad']
2026-03-06 17:44:30,489 INFO [auto-plan] mad: plan-inbox=0, reviewing-plan=0
2026-03-06 17:44:30,489 INFO [auto-impl] Skipping - implementation already in progress
2026-03-06 17:44:36,091 INFO [auto-impl] Skipping - implementation already in progress
2026-03-06 17:44:40,483 INFO [auto-plan] Checking boards: ['mad']
2026-03-06 17:44:40,484 INFO [auto-plan] mad: plan-inbox=0, reviewing-plan=0
2026-03-06 17:44:40,484 INFO [auto-impl] Skipping - implementation already in progress
2026-03-06 17:44:46,093 INFO [auto-impl] Skipping - implementation already in progress
2026-03-06 17:44:50,475 INFO [auto-plan] Checking boards: ['mad']
2026-03-06 17:44:50,481 INFO [auto-plan] mad: plan-inbox=0, reviewing-plan=0
2026-03-06 17:44:50,481 INFO [auto-impl] Skipping - implementation already in progress
2026-03-06 17:44:56,084 INFO [auto-impl] Skipping - implementation already in progress
2026-03-06 17:45:00,475 INFO [auto-plan] Checking boards: ['mad']
2026-03-06 17:45:00,475 INFO [auto-plan] mad: plan-inbox=0, reviewing-plan=0
2026-03-06 17:45:00,475 INFO [auto-impl] Skipping - implementation already in progress
2026-03-06 17:45:06,083 INFO [auto-impl] Skipping - implementation already in progress
2026-03-06 17:45:10,476 INFO [auto-plan] Checking boards: ['mad']
2026-03-06 17:45:10,476 INFO [auto-plan] mad: plan-inbox=0, reviewing-plan=0
2026-03-06 17:45:10,476 INFO [auto-impl] Skipping - implementation already in progress
2026-03-06 17:45:16,086 INFO [auto-impl] Skipping - implementation already in progress
2026-03-06 17:45:20,481 INFO [auto-plan] Checking boards: ['mad']
2026-03-06 17:45:20,485 INFO [auto-plan] mad: plan-inbox=0, reviewing-plan=0
2026-03-06 17:45:20,485 INFO [auto-impl] Skipping - implementation already in progress
2026-03-06 17:45:26,087 INFO [auto-impl] Skipping - implementation already in progress
2026-03-06 17:45:30,480 INFO [auto-plan] Checking boards: ['mad']
2026-03-06 17:45:30,480 INFO [auto-plan] mad: plan-inbox=0, reviewing-plan=0
2026-03-06 17:45:30,480 INFO [auto-impl] Skipping - implementation already in progress
2026-03-06 17:45:36,087 INFO [auto-impl] Skipping - implementation already in progress
2026-03-06 17:45:40,480 INFO [auto-plan] Checking boards: ['mad']
2026-03-06 17:45:40,481 INFO [auto-plan] mad: plan-inbox=0, reviewing-plan=0
2026-03-06 17:45:40,481 INFO [auto-impl] Skipping - implementation already in progress
2026-03-06 17:45:46,101 INFO [auto-impl] Skipping - implementation already in progress
2026-03-06 17:45:50,483 INFO [auto-plan] Checking boards: ['mad']
2026-03-06 17:45:50,483 INFO [auto-plan] mad: plan-inbox=0, reviewing-plan=0
2026-03-06 17:45:50,484 INFO [auto-impl] Skipping - implementation already in progress
2026-03-06 17:45:56,084 INFO [auto-impl] Skipping - implementation already in progress
2026-03-06 17:46:00,478 INFO [auto-plan] Checking boards: ['mad']
2026-03-06 17:46:00,478 INFO [auto-plan] mad: plan-inbox=0, reviewing-plan=0
2026-03-06 17:46:00,478 INFO [auto-impl] Skipping - implementation already in progress
2026-03-06 17:46:06,085 INFO [auto-impl] Skipping - implementation already in progress
2026-03-06 17:46:10,477 INFO [auto-plan] Checking boards: ['mad']
2026-03-06 17:46:10,477 INFO [auto-plan] mad: plan-inbox=0, reviewing-plan=0
2026-03-06 17:46:10,478 INFO [auto-impl] Skipping - implementation already in progress
2026-03-06 17:46:16,106 INFO [auto-impl] Skipping - implementation already in progress
2026-03-06 17:46:20,475 INFO [auto-plan] Checking boards: ['mad']
2026-03-06 17:46:20,479 INFO [auto-plan] mad: plan-inbox=0, reviewing-plan=0
2026-03-06 17:46:20,480 INFO [auto-impl] Skipping - implementation already in progress
2026-03-06 17:46:26,082 INFO [auto-impl] Skipping - implementation already in progress
2026-03-06 17:46:30,474 INFO [auto-plan] Checking boards: ['mad']
2026-03-06 17:46:30,475 INFO [auto-plan] mad: plan-inbox=0, reviewing-plan=0
2026-03-06 17:46:30,475 INFO [auto-impl] Skipping - implementation already in progress
2026-03-06 17:46:36,081 INFO [auto-impl] Skipping - implementation already in progress
2026-03-06 17:46:40,474 INFO [auto-plan] Checking boards: ['mad']
2026-03-06 17:46:40,474 INFO [auto-plan] mad: plan-inbox=0, reviewing-plan=0
2026-03-06 17:46:40,474 INFO [auto-impl] Skipping - implementation already in progress
2026-03-06 17:46:46,081 INFO [auto-impl] Skipping - implementation already in progress
2026-03-06 17:46:50,479 INFO [auto-plan] Checking boards: ['mad']
2026-03-06 17:46:50,479 INFO [auto-plan] mad: plan-inbox=0, reviewing-plan=0
2026-03-06 17:46:50,479 INFO [auto-impl] Skipping - implementation already in progress
2026-03-06 17:46:56,079 INFO [auto-impl] Skipping - implementation already in progress
2026-03-06 17:47:00,472 INFO [auto-plan] Checking boards: ['mad']
2026-03-06 17:47:00,473 INFO [auto-plan] mad: plan-inbox=0, reviewing-plan=0
2026-03-06 17:47:00,477 INFO [auto-impl] Skipping - implementation already in progress
2026-03-06 17:47:06,090 INFO [auto-impl] Skipping - implementation already in progress
2026-03-06 17:47:10,476 INFO [auto-plan] Checking boards: ['mad']
2026-03-06 17:47:10,482 INFO [auto-plan] mad: plan-inbox=0, reviewing-plan=0
2026-03-06 17:47:10,482 INFO [auto-impl] Skipping - implementation already in progress
2026-03-06 17:47:16,087 INFO [auto-impl] Skipping - implementation already in progress
2026-03-06 17:47:20,479 INFO [auto-plan] Checking boards: ['mad']
2026-03-06 17:47:20,484 INFO [auto-plan] mad: plan-inbox=0, reviewing-plan=0
2026-03-06 17:47:20,488 INFO [auto-impl] Skipping - implementation already in progress
2026-03-06 17:47:26,078 INFO [auto-impl] Skipping - implementation already in progress
2026-03-06 17:47:30,471 INFO [auto-plan] Checking boards: ['mad']
2026-03-06 17:47:30,471 INFO [auto-plan] mad: plan-inbox=0, reviewing-plan=0
2026-03-06 17:47:30,476 INFO [auto-impl] Skipping - implementation already in progress
2026-03-06 17:47:36,083 INFO [auto-impl] Skipping - implementation already in progress
2026-03-06 17:47:40,471 INFO [auto-plan] Checking boards: ['mad']
2026-03-06 17:47:40,476 INFO [auto-plan] mad: plan-inbox=0, reviewing-plan=0
2026-03-06 17:47:40,476 INFO [auto-impl] Skipping - implementation already in progress
2026-03-06 17:47:46,079 INFO [auto-impl] Skipping - implementation already in progress
2026-03-06 17:47:50,468 INFO [auto-plan] Checking boards: ['mad']
2026-03-06 17:47:50,468 INFO [auto-plan] mad: plan-inbox=0, reviewing-plan=0
2026-03-06 17:47:50,468 INFO [auto-impl] Skipping - implementation already in progress
2026-03-06 17:47:56,076 INFO [auto-impl] Skipping - implementation already in progress
2026-03-06 17:48:00,468 INFO [auto-plan] Checking boards: ['mad']
2026-03-06 17:48:00,468 INFO [auto-plan] mad: plan-inbox=0, reviewing-plan=0
2026-03-06 17:48:00,468 INFO [auto-impl] Skipping - implementation already in progress
2026-03-06 17:48:06,086 INFO [auto-impl] Skipping - implementation already in progress
2026-03-06 17:48:10,468 INFO [auto-plan] Checking boards: ['mad']
2026-03-06 17:48:10,469 INFO [auto-plan] mad: plan-inbox=0, reviewing-plan=0
2026-03-06 17:48:10,469 INFO [auto-impl] Skipping - implementation already in progress
2026-03-06 17:48:16,081 INFO [auto-impl] Skipping - implementation already in progress
2026-03-06 17:48:20,466 INFO [auto-plan] Checking boards: ['mad']
2026-03-06 17:48:20,467 INFO [auto-plan] mad: plan-inbox=0, reviewing-plan=0
2026-03-06 17:48:20,467 INFO [auto-impl] Skipping - implementation already in progress
2026-03-06 17:48:26,074 INFO [auto-impl] Skipping - implementation already in progress
2026-03-06 17:48:30,466 INFO [auto-plan] Checking boards: ['mad']
2026-03-06 17:48:30,467 INFO [auto-plan] mad: plan-inbox=0, reviewing-plan=0
2026-03-06 17:48:30,467 INFO [auto-impl] Skipping - implementation already in progress
2026-03-06 17:48:36,075 INFO [auto-impl] Skipping - implementation already in progress
2026-03-06 17:48:40,466 INFO [auto-plan] Checking boards: ['mad']
2026-03-06 17:48:40,466 INFO [auto-plan] mad: plan-inbox=0, reviewing-plan=0
2026-03-06 17:48:40,466 INFO [auto-impl] Skipping - implementation already in progress
2026-03-06 17:48:46,073 INFO [auto-impl] Skipping - implementation already in progress
2026-03-06 17:48:50,465 INFO [auto-plan] Checking boards: ['mad']
2026-03-06 17:48:50,470 INFO [auto-plan] mad: plan-inbox=0, reviewing-plan=0
2026-03-06 17:48:50,470 INFO [auto-impl] Skipping - implementation already in progress
2026-03-06 17:48:56,073 INFO [auto-impl] Skipping - implementation already in progress
2026-03-06 17:49:00,464 INFO [auto-plan] Checking boards: ['mad']
2026-03-06 17:49:00,465 INFO [auto-plan] mad: plan-inbox=0, reviewing-plan=0
2026-03-06 17:49:00,465 INFO [auto-impl] Skipping - implementation already in progress
2026-03-06 17:49:06,071 INFO [auto-impl] Skipping - implementation already in progress
2026-03-06 17:49:10,463 INFO [auto-plan] Checking boards: ['mad']
2026-03-06 17:49:10,464 INFO [auto-plan] mad: plan-inbox=0, reviewing-plan=0
2026-03-06 17:49:10,464 INFO [auto-impl] Skipping - implementation already in progress
2026-03-06 17:49:10,798 INFO Tests written. Feature moved to review.
2026-03-06 17:49:10,811 INFO [bold blue]Reviewing:[/bold blue] Full analysis of automated testing
2026-03-06 17:49:10,844 INFO [runner] Wrote instructions for 'full-analysis-of-automated-testing': 12191 chars
2026-03-06 17:49:10,844 INFO [runner] Instructions preview: Code Path: /home/paule/chicken-tracking/chickentracks.app
Context File: /home/paule/chicken-tracking/chickentracks.app/.mad/CONTEXT.md

You are a senior code reviewer tasked with critically evaluating...
2026-03-06 17:49:10,849 INFO Starting kilo with cmd: ['kilo', 'run', '--auto', 'Read /home/paule/chicken-tracking/chickentracks.app/.tmp/full-analysis-of-automated-testing.instructions and follow the instructions exactly.']
2026-03-06 17:49:10,849 INFO status.feature_slug = 'full-analysis-of-automated-testing'
2026-03-06 17:49:10,850 INFO Logging to: /home/paule/chicken-tracking/chickentracks.app/logs/kilo-full-analysis-of-automated-testing-1772848150.log
2026-03-06 17:49:16,117 INFO [auto-impl] Skipping - implementation already in progress
2026-03-06 17:49:20,457 INFO [auto-plan] Checking boards: ['mad']
2026-03-06 17:49:20,458 INFO [auto-plan] mad: plan-inbox=0, reviewing-plan=0
2026-03-06 17:49:20,458 INFO [auto-impl] Skipping - implementation already in progress
2026-03-06 17:49:26,076 INFO [auto-impl] Skipping - implementation already in progress
2026-03-06 17:49:30,459 INFO [auto-plan] Checking boards: ['mad']
2026-03-06 17:49:30,463 INFO [auto-plan] mad: plan-inbox=0, reviewing-plan=0
2026-03-06 17:49:30,463 INFO [auto-impl] Skipping - implementation already in progress
2026-03-06 17:49:36,070 INFO [auto-impl] Skipping - implementation already in progress
2026-03-06 17:49:40,458 INFO [auto-plan] Checking boards: ['mad']
2026-03-06 17:49:40,458 INFO [auto-plan] mad: plan-inbox=0, reviewing-plan=0
2026-03-06 17:49:40,459 INFO [auto-impl] Skipping - implementation already in progress
2026-03-06 17:49:46,066 INFO [auto-impl] Skipping - implementation already in progress
2026-03-06 17:49:50,463 INFO [auto-plan] Checking boards: ['mad']
2026-03-06 17:49:50,464 INFO [auto-plan] mad: plan-inbox=0, reviewing-plan=0
2026-03-06 17:49:50,464 INFO [auto-impl] Skipping - implementation already in progress
2026-03-06 17:49:56,071 INFO [auto-impl] Skipping - implementation already in progress
2026-03-06 17:50:00,465 INFO [auto-plan] Checking boards: ['mad']
2026-03-06 17:50:00,466 INFO [auto-plan] mad: plan-inbox=0, reviewing-plan=0
2026-03-06 17:50:00,466 INFO [auto-impl] Skipping - implementation already in progress
2026-03-06 17:50:06,074 INFO [auto-impl] Skipping - implementation already in progress
2026-03-06 17:50:10,466 INFO [auto-plan] Checking boards: ['mad']
2026-03-06 17:50:10,467 INFO [auto-plan] mad: plan-inbox=0, reviewing-plan=0
2026-03-06 17:50:10,467 INFO [auto-impl] Skipping - implementation already in progress
2026-03-06 17:50:16,067 INFO [auto-impl] Skipping - implementation already in progress
2026-03-06 17:50:20,456 INFO [auto-plan] Checking boards: ['mad']
2026-03-06 17:50:20,456 INFO [auto-plan] mad: plan-inbox=0, reviewing-plan=0
2026-03-06 17:50:20,456 INFO [auto-impl] Skipping - implementation already in progress
2026-03-06 17:50:26,064 INFO [auto-impl] Skipping - implementation already in progress
2026-03-06 17:50:30,460 INFO [auto-plan] Checking boards: ['mad']
2026-03-06 17:50:30,460 INFO [auto-plan] mad: plan-inbox=0, reviewing-plan=0
2026-03-06 17:50:30,460 INFO [auto-impl] Skipping - implementation already in progress
2026-03-06 17:50:36,063 INFO [auto-impl] Skipping - implementation already in progress
2026-03-06 17:50:40,456 INFO [auto-plan] Checking boards: ['mad']
2026-03-06 17:50:40,456 INFO [auto-plan] mad: plan-inbox=0, reviewing-plan=0
2026-03-06 17:50:40,456 INFO [auto-impl] Skipping - implementation already in progress
2026-03-06 17:50:46,065 INFO [auto-impl] Skipping - implementation already in progress
2026-03-06 17:50:50,455 INFO [auto-plan] Checking boards: ['mad']
2026-03-06 17:50:50,455 INFO [auto-plan] mad: plan-inbox=0, reviewing-plan=0
2026-03-06 17:50:50,455 INFO [auto-impl] Skipping - implementation already in progress
2026-03-06 17:50:56,063 INFO [auto-impl] Skipping - implementation already in progress
2026-03-06 17:51:00,460 INFO [auto-plan] Checking boards: ['mad']
2026-03-06 17:51:00,461 INFO [auto-plan] mad: plan-inbox=0, reviewing-plan=0
2026-03-06 17:51:00,461 INFO [auto-impl] Skipping - implementation already in progress
2026-03-06 17:51:06,062 INFO [auto-impl] Skipping - implementation already in progress
2026-03-06 17:51:10,454 INFO [auto-plan] Checking boards: ['mad']
2026-03-06 17:51:10,454 INFO [auto-plan] mad: plan-inbox=0, reviewing-plan=0
2026-03-06 17:51:10,454 INFO [auto-impl] Skipping - implementation already in progress
2026-03-06 17:51:16,065 INFO [auto-impl] Skipping - implementation already in progress
2026-03-06 17:51:20,458 INFO [auto-plan] Checking boards: ['mad']
2026-03-06 17:51:20,459 INFO [auto-plan] mad: plan-inbox=0, reviewing-plan=0
2026-03-06 17:51:20,459 INFO [auto-impl] Skipping - implementation already in progress
2026-03-06 17:51:26,062 INFO [auto-impl] Skipping - implementation already in progress
2026-03-06 17:51:30,453 INFO [auto-plan] Checking boards: ['mad']
2026-03-06 17:51:30,453 INFO [auto-plan] mad: plan-inbox=0, reviewing-plan=0
2026-03-06 17:51:30,453 INFO [auto-impl] Skipping - implementation already in progress
2026-03-06 17:51:36,060 INFO [auto-impl] Skipping - implementation already in progress
2026-03-06 17:51:40,452 INFO [auto-plan] Checking boards: ['mad']
2026-03-06 17:51:40,453 INFO [auto-plan] mad: plan-inbox=0, reviewing-plan=0
2026-03-06 17:51:40,453 INFO [auto-impl] Skipping - implementation already in progress
2026-03-06 17:51:46,060 INFO [auto-impl] Skipping - implementation already in progress
2026-03-06 17:51:50,450 INFO [auto-plan] Checking boards: ['mad']
2026-03-06 17:51:50,451 INFO [auto-plan] mad: plan-inbox=0, reviewing-plan=0
2026-03-06 17:51:50,451 INFO [auto-impl] Skipping - implementation already in progress
2026-03-06 17:51:56,058 INFO [auto-impl] Skipping - implementation already in progress
2026-03-06 17:52:00,450 INFO [auto-plan] Checking boards: ['mad']
2026-03-06 17:52:00,451 INFO [auto-plan] mad: plan-inbox=0, reviewing-plan=0
2026-03-06 17:52:00,451 INFO [auto-impl] Skipping - implementation already in progress
2026-03-06 17:52:06,059 INFO [auto-impl] Skipping - implementation already in progress
2026-03-06 17:52:10,452 INFO [auto-plan] Checking boards: ['mad']
2026-03-06 17:52:10,453 INFO [auto-plan] mad: plan-inbox=0, reviewing-plan=0
2026-03-06 17:52:10,453 INFO [auto-impl] Skipping - implementation already in progress
2026-03-06 17:52:16,075 INFO [auto-impl] Skipping - implementation already in progress
2026-03-06 17:52:20,449 INFO [auto-plan] Checking boards: ['mad']
2026-03-06 17:52:20,451 INFO [auto-plan] mad: plan-inbox=0, reviewing-plan=0
2026-03-06 17:52:20,453 INFO [auto-impl] Skipping - implementation already in progress
2026-03-06 17:52:26,071 INFO [auto-impl] Skipping - implementation already in progress
2026-03-06 17:52:30,448 INFO [auto-plan] Checking boards: ['mad']
2026-03-06 17:52:30,448 INFO [auto-plan] mad: plan-inbox=0, reviewing-plan=0
2026-03-06 17:52:30,448 INFO [auto-impl] Skipping - implementation already in progress
2026-03-06 17:52:36,062 INFO [auto-impl] Skipping - implementation already in progress
2026-03-06 17:52:40,449 INFO [auto-plan] Checking boards: ['mad']
2026-03-06 17:52:40,449 INFO [auto-plan] mad: plan-inbox=0, reviewing-plan=0
2026-03-06 17:52:40,449 INFO [auto-impl] Skipping - implementation already in progress
2026-03-06 17:52:46,056 INFO [auto-impl] Skipping - implementation already in progress
2026-03-06 17:52:50,447 INFO [auto-plan] Checking boards: ['mad']
2026-03-06 17:52:50,452 INFO [auto-plan] mad: plan-inbox=0, reviewing-plan=0
2026-03-06 17:52:50,452 INFO [auto-impl] Skipping - implementation already in progress
2026-03-06 17:52:56,053 INFO [auto-impl] Skipping - implementation already in progress
2026-03-06 17:52:57,714 INFO Review verdict: PASS
2026-03-06 17:52:57,714 INFO Review feedback: Let me verify the current test status and examine key implementation areas.
Let me check coverage th...
2026-03-06 17:52:57,716 INFO Review PASSED. Feature moved to final-human-approval.
2026-03-06 17:53:00,446 INFO [auto-plan] Checking boards: ['mad']
2026-03-06 17:53:00,446 INFO [auto-plan] mad: plan-inbox=0, reviewing-plan=0
2026-03-06 17:53:00,446 INFO [auto-impl] Skipping - implementation already in progress
2026-03-06 17:53:06,098 INFO [auto-impl] Checking boards: ['chickencity']
2026-03-06 17:53:06,124 INFO [auto-impl] Board 'chickencity', stage 'review': 0 features
2026-03-06 17:53:06,124 INFO [auto-impl] Board 'chickencity', stage 'testing': 0 features
2026-03-06 17:53:06,124 INFO [auto-impl] Board 'chickencity', stage 'implementing': 0 features
2026-03-06 17:53:06,125 INFO [auto-impl] Board 'chickencity', stage 'spec-writing': 0 features
2026-03-06 17:53:06,125 INFO [auto-impl] Board 'chickencity', stage 'approved': 2 features
2026-03-06 17:53:06,126 INFO [auto-impl] Starting: Seasonal Events (Phase 6d) (approved)
2026-03-06 17:53:06,409 INFO [bold blue]Spec Writing:[/bold blue] Seasonal Events (Phase 6d)
2026-03-06 17:53:06,409 INFO [spec-writing] Starting: Seasonal Events (Phase 6d)
2026-03-06 17:53:06,428 INFO Agent A: Generating implementation spec...
2026-03-06 17:53:06,438 INFO [runner] Wrote instructions for 'seasonal-events': 31494 chars
2026-03-06 17:53:06,438 INFO [runner] Instructions preview: Code Path: /home/paule/chicken-tracking/chickentracks.app
Context File: /home/paule/chicken-tracking/chickentracks.app/.mad/CONTEXT.md

You are an implementer breaking down a feature plan into concret...
2026-03-06 17:53:06,451 INFO Starting claude with cmd: ['claude', '-p', 'Read /home/paule/chicken-tracking/chickentracks.app/.tmp/seasonal-events.instructions and follow the instructions exactly.', '--dangerously-skip-permissions']
2026-03-06 17:53:06,451 INFO status.feature_slug = 'seasonal-events'
2026-03-06 17:53:06,451 INFO Logging to: /home/paule/chicken-tracking/chickentracks.app/logs/claude-seasonal-events-1772848386.log
2026-03-06 17:53:10,453 INFO [auto-plan] Checking boards: ['mad']
2026-03-06 17:53:10,460 INFO [auto-plan] mad: plan-inbox=0, reviewing-plan=0
2026-03-06 17:53:10,460 INFO [auto-impl] Skipping - implementation already in progress
2026-03-06 17:53:16,094 INFO [auto-impl] Skipping - implementation already in progress
2026-03-06 17:53:20,444 INFO [auto-plan] Checking boards: ['mad']
2026-03-06 17:53:20,444 INFO [auto-plan] mad: plan-inbox=0, reviewing-plan=0
2026-03-06 17:53:20,444 INFO [auto-impl] Skipping - implementation already in progress
2026-03-06 17:53:26,053 INFO [auto-impl] Skipping - implementation already in progress
2026-03-06 17:53:30,444 INFO [auto-plan] Checking boards: ['mad']
2026-03-06 17:53:30,449 INFO [auto-plan] mad: plan-inbox=0, reviewing-plan=0
2026-03-06 17:53:30,449 INFO [auto-impl] Skipping - implementation already in progress
2026-03-06 17:53:36,051 INFO [auto-impl] Skipping - implementation already in progress
2026-03-06 17:53:40,444 INFO [auto-plan] Checking boards: ['mad']
2026-03-06 17:53:40,445 INFO [auto-plan] mad: plan-inbox=0, reviewing-plan=0
2026-03-06 17:53:40,445 INFO [auto-impl] Skipping - implementation already in progress
2026-03-06 17:53:46,051 INFO [auto-impl] Skipping - implementation already in progress
2026-03-06 17:53:50,442 INFO [auto-plan] Checking boards: ['mad']
2026-03-06 17:53:50,443 INFO [auto-plan] mad: plan-inbox=0, reviewing-plan=0
2026-03-06 17:53:50,443 INFO [auto-impl] Skipping - implementation already in progress
2026-03-06 17:53:56,055 INFO [auto-impl] Skipping - implementation already in progress
2026-03-06 17:54:00,449 INFO [auto-plan] Checking boards: ['mad']
2026-03-06 17:54:00,450 INFO [auto-plan] mad: plan-inbox=0, reviewing-plan=0
2026-03-06 17:54:00,450 INFO [auto-impl] Skipping - implementation already in progress
2026-03-06 17:54:06,051 INFO [auto-impl] Skipping - implementation already in progress
2026-03-06 17:54:10,451 INFO [auto-plan] Checking boards: ['mad']
2026-03-06 17:54:10,452 INFO [auto-plan] mad: plan-inbox=0, reviewing-plan=0
2026-03-06 17:54:10,452 INFO [auto-impl] Skipping - implementation already in progress
2026-03-06 17:54:16,523 INFO [auto-impl] Skipping - implementation already in progress
2026-03-06 17:54:20,444 INFO [auto-plan] Checking boards: ['mad']
2026-03-06 17:54:20,444 INFO [auto-plan] mad: plan-inbox=0, reviewing-plan=0
2026-03-06 17:54:20,444 INFO [auto-impl] Skipping - implementation already in progress
2026-03-06 17:54:26,057 INFO [auto-impl] Skipping - implementation already in progress
2026-03-06 17:54:30,441 INFO [auto-plan] Checking boards: ['mad']
2026-03-06 17:54:30,446 INFO [auto-plan] mad: plan-inbox=0, reviewing-plan=0
2026-03-06 17:54:30,446 INFO [auto-impl] Skipping - implementation already in progress
2026-03-06 17:54:36,048 INFO [auto-impl] Skipping - implementation already in progress
2026-03-06 17:54:40,441 INFO [auto-plan] Checking boards: ['mad']
2026-03-06 17:54:40,446 INFO [auto-plan] mad: plan-inbox=0, reviewing-plan=0
2026-03-06 17:54:40,446 INFO [auto-impl] Skipping - implementation already in progress
2026-03-06 17:54:46,048 INFO [auto-impl] Skipping - implementation already in progress
2026-03-06 17:54:50,439 INFO [auto-plan] Checking boards: ['mad']
2026-03-06 17:54:50,440 INFO [auto-plan] mad: plan-inbox=0, reviewing-plan=0
2026-03-06 17:54:50,440 INFO [auto-impl] Skipping - implementation already in progress
2026-03-06 17:54:56,045 INFO [auto-impl] Skipping - implementation already in progress
2026-03-06 17:55:00,438 INFO [auto-plan] Checking boards: ['mad']
2026-03-06 17:55:00,439 INFO [auto-plan] mad: plan-inbox=0, reviewing-plan=0
2026-03-06 17:55:00,439 INFO [auto-impl] Skipping - implementation already in progress
2026-03-06 17:55:06,045 INFO [auto-impl] Skipping - implementation already in progress
2026-03-06 17:55:08,211 INFO Tests written. Feature moved to review.
2026-03-06 17:55:08,213 INFO [bold blue]Reviewing:[/bold blue] Ability to start planning or implementing a specific item from the web ui
2026-03-06 17:55:08,216 INFO [runner] Wrote instructions for 'ability-to-start-planning-or-implementing-a-specific-item-from-the-web-ui': 10421 chars
2026-03-06 17:55:08,216 INFO [runner] Instructions preview: Code Path: /home/paule/MAD
Context File: /home/paule/MAD/.mad/CONTEXT.md

You are a senior code reviewer tasked with critically evaluating an implementation.

## Feature: Ability to start planning or ...
2026-03-06 17:55:08,216 INFO Starting kilo with cmd: ['kilo', 'run', '--auto', 'Read /home/paule/MAD/.tmp/ability-to-start-planning-or-implementing-a-specific-item-from-the-web-ui.instructions and follow the instructions exactly.']
2026-03-06 17:55:08,216 INFO status.feature_slug = 'ability-to-start-planning-or-implementing-a-specific-item-from-the-web-ui'
2026-03-06 17:55:08,217 INFO Logging to: /home/paule/MAD/logs/kilo-ability-to-start-planning-or-implementing-a-specific-item-from-the-web-ui-1772848508.log
2026-03-06 17:55:10,455 INFO [auto-plan] Checking boards: ['mad']
2026-03-06 17:55:10,466 INFO [auto-plan] mad: plan-inbox=0, reviewing-plan=0
2026-03-06 17:55:10,466 INFO [auto-impl] Skipping - implementation already in progress
2026-03-06 17:55:16,050 INFO [auto-impl] Skipping - implementation already in progress
2026-03-06 17:55:20,438 INFO [auto-plan] Checking boards: ['mad']
2026-03-06 17:55:20,439 INFO [auto-plan] mad: plan-inbox=0, reviewing-plan=0
2026-03-06 17:55:20,439 INFO [auto-impl] Skipping - implementation already in progress
2026-03-06 17:55:26,043 INFO [auto-impl] Skipping - implementation already in progress
2026-03-06 17:55:30,437 INFO [auto-plan] Checking boards: ['mad']
2026-03-06 17:55:30,437 INFO [auto-plan] mad: plan-inbox=0, reviewing-plan=0
2026-03-06 17:55:30,437 INFO [auto-impl] Skipping - implementation already in progress
2026-03-06 17:55:36,044 INFO [auto-impl] Skipping - implementation already in progress
2026-03-06 17:55:40,435 INFO [auto-plan] Checking boards: ['mad']
2026-03-06 17:55:40,436 INFO [auto-plan] mad: plan-inbox=0, reviewing-plan=0
2026-03-06 17:55:40,436 INFO [auto-impl] Skipping - implementation already in progress
2026-03-06 17:55:46,044 INFO [auto-impl] Skipping - implementation already in progress
2026-03-06 17:55:50,430 INFO [auto-plan] Checking boards: ['mad']
2026-03-06 17:55:50,431 INFO [auto-plan] mad: plan-inbox=0, reviewing-plan=0
2026-03-06 17:55:50,431 INFO [auto-impl] Skipping - implementation already in progress
2026-03-06 17:55:56,039 INFO [auto-impl] Skipping - implementation already in progress
2026-03-06 17:56:00,430 INFO [auto-plan] Checking boards: ['mad']
2026-03-06 17:56:00,430 INFO [auto-plan] mad: plan-inbox=0, reviewing-plan=0
2026-03-06 17:56:00,430 INFO [auto-impl] Skipping - implementation already in progress
2026-03-06 17:56:06,041 INFO [auto-impl] Skipping - implementation already in progress
2026-03-06 17:56:10,429 INFO [auto-plan] Checking boards: ['mad']
2026-03-06 17:56:10,430 INFO [auto-plan] mad: plan-inbox=0, reviewing-plan=0
2026-03-06 17:56:10,430 INFO [auto-impl] Skipping - implementation already in progress
2026-03-06 17:56:16,039 INFO [auto-impl] Skipping - implementation already in progress
2026-03-06 17:56:20,427 INFO [auto-plan] Checking boards: ['mad']
2026-03-06 17:56:20,427 INFO [auto-plan] mad: plan-inbox=0, reviewing-plan=0
2026-03-06 17:56:20,427 INFO [auto-impl] Skipping - implementation already in progress
2026-03-06 17:56:26,036 INFO [auto-impl] Skipping - implementation already in progress
2026-03-06 17:56:30,427 INFO [auto-plan] Checking boards: ['mad']
2026-03-06 17:56:30,427 INFO [auto-plan] mad: plan-inbox=0, reviewing-plan=0
2026-03-06 17:56:30,427 INFO [auto-impl] Skipping - implementation already in progress
2026-03-06 17:56:36,036 INFO [auto-impl] Skipping - implementation already in progress
2026-03-06 17:56:40,427 INFO [auto-plan] Checking boards: ['mad']
2026-03-06 17:56:40,427 INFO [auto-plan] mad: plan-inbox=0, reviewing-plan=0
2026-03-06 17:56:40,427 INFO [auto-impl] Skipping - implementation already in progress
2026-03-06 17:56:46,034 INFO [auto-impl] Skipping - implementation already in progress
2026-03-06 17:56:50,424 INFO [auto-plan] Checking boards: ['mad']
2026-03-06 17:56:50,424 INFO [auto-plan] mad: plan-inbox=0, reviewing-plan=0
2026-03-06 17:56:50,424 INFO [auto-impl] Skipping - implementation already in progress
2026-03-06 17:56:56,032 INFO [auto-impl] Skipping - implementation already in progress
2026-03-06 17:57:00,424 INFO [auto-plan] Checking boards: ['mad']
2026-03-06 17:57:00,424 INFO [auto-plan] mad: plan-inbox=0, reviewing-plan=0
2026-03-06 17:57:00,424 INFO [auto-impl] Skipping - implementation already in progress
2026-03-06 17:57:06,031 INFO [auto-impl] Skipping - implementation already in progress
2026-03-06 17:57:10,424 INFO [auto-plan] Checking boards: ['mad']
2026-03-06 17:57:10,424 INFO [auto-plan] mad: plan-inbox=0, reviewing-plan=0
2026-03-06 17:57:10,424 INFO [auto-impl] Skipping - implementation already in progress
2026-03-06 17:57:16,031 INFO [auto-impl] Skipping - implementation already in progress
2026-03-06 17:57:20,420 INFO [auto-plan] Checking boards: ['mad']
2026-03-06 17:57:20,420 INFO [auto-plan] mad: plan-inbox=0, reviewing-plan=0
2026-03-06 17:57:20,420 INFO [auto-impl] Skipping - implementation already in progress
2026-03-06 17:57:26,028 INFO [auto-impl] Skipping - implementation already in progress
2026-03-06 17:57:30,420 INFO [auto-plan] Checking boards: ['mad']
2026-03-06 17:57:30,420 INFO [auto-plan] mad: plan-inbox=0, reviewing-plan=0
2026-03-06 17:57:30,420 INFO [auto-impl] Skipping - implementation already in progress
2026-03-06 17:57:36,028 INFO [auto-impl] Skipping - implementation already in progress
2026-03-06 17:57:40,420 INFO [auto-plan] Checking boards: ['mad']
2026-03-06 17:57:40,420 INFO [auto-plan] mad: plan-inbox=0, reviewing-plan=0
2026-03-06 17:57:40,420 INFO [auto-impl] Skipping - implementation already in progress
2026-03-06 17:57:46,031 INFO [auto-impl] Skipping - implementation already in progress
2026-03-06 17:57:50,415 INFO [auto-plan] Checking boards: ['mad']
2026-03-06 17:57:50,416 INFO [auto-plan] mad: plan-inbox=0, reviewing-plan=0
2026-03-06 17:57:50,416 INFO [auto-impl] Skipping - implementation already in progress
2026-03-06 17:57:55,711 INFO Agent B: Generating test spec...
2026-03-06 17:57:55,712 INFO [runner] Wrote instructions for 'seasonal-events': 31959 chars
2026-03-06 17:57:55,712 INFO [runner] Instructions preview: Code Path: /home/paule/chicken-tracking/chickentracks.app
Context File: /home/paule/chicken-tracking/chickentracks.app/.mad/CONTEXT.md

You are a QA engineer writing a test specification from a featur...
2026-03-06 17:57:55,713 INFO Starting claude with cmd: ['claude', '-p', 'Read /home/paule/chicken-tracking/chickentracks.app/.tmp/seasonal-events.instructions and follow the instructions exactly.', '--dangerously-skip-permissions']
2026-03-06 17:57:55,713 INFO status.feature_slug = 'seasonal-events'
2026-03-06 17:57:55,713 INFO Logging to: /home/paule/chicken-tracking/chickentracks.app/logs/claude-seasonal-events-1772848675.log
2026-03-06 17:57:56,040 INFO [auto-impl] Skipping - implementation already in progress
2026-03-06 17:58:00,416 INFO [auto-plan] Checking boards: ['mad']
2026-03-06 17:58:00,416 INFO [auto-plan] mad: plan-inbox=0, reviewing-plan=0
2026-03-06 17:58:00,416 INFO [auto-impl] Skipping - implementation already in progress
2026-03-06 17:58:06,026 INFO [auto-impl] Skipping - implementation already in progress
2026-03-06 17:58:08,776 INFO Review verdict: PASS
2026-03-06 17:58:08,776 INFO Review feedback: Let me examine the key implementation files:
Now let me check the frontend:
Based on my thorough cod...
2026-03-06 17:58:08,778 INFO Review PASSED. Feature moved to final-human-approval.
2026-03-06 17:58:10,432 INFO [auto-plan] Checking boards: ['mad']
2026-03-06 17:58:10,441 INFO [auto-plan] mad: plan-inbox=0, reviewing-plan=0
2026-03-06 17:58:10,441 INFO [auto-impl] Checking boards: ['mad']
2026-03-06 17:58:10,442 INFO [auto-impl] Board 'mad', stage 'review': 0 features
2026-03-06 17:58:10,442 INFO [auto-impl] Board 'mad', stage 'testing': 0 features
2026-03-06 17:58:10,442 INFO [auto-impl] Board 'mad', stage 'implementing': 0 features
2026-03-06 17:58:10,442 INFO [auto-impl] Board 'mad', stage 'spec-writing': 2 features
2026-03-06 17:58:10,442 INFO [auto-impl] Starting: Add ability to create new ideas from the server view (spec-writing)
2026-03-06 17:58:10,667 INFO [bold blue]Spec Writing:[/bold blue] Add ability to create new ideas from the server view
2026-03-06 17:58:10,683 INFO [spec-writing] Starting: Add ability to create new ideas from the server view
2026-03-06 17:58:10,836 INFO Agent A: Generating implementation spec...
2026-03-06 17:58:10,969 INFO [runner] Wrote instructions for 'add-ability-to-create-new-ideas-from-the-server-view': 4406 chars
2026-03-06 17:58:10,979 INFO [runner] Instructions preview: Code Path: /home/paule/MAD
Context File: /home/paule/MAD/.mad/CONTEXT.md

You are an implementer breaking down a feature plan into concrete coding tasks.

Feature: Add ability to create new ideas from...
2026-03-06 17:58:11,011 INFO Starting claude with cmd: ['claude', '-p', 'Read /home/paule/MAD/.tmp/add-ability-to-create-new-ideas-from-the-server-view.instructions and follow the instructions exactly.', '--dangerously-skip-permissions']
2026-03-06 17:58:11,022 INFO status.feature_slug = 'add-ability-to-create-new-ideas-from-the-server-view'
2026-03-06 17:58:11,043 INFO Logging to: /home/paule/MAD/logs/claude-add-ability-to-create-new-ideas-from-the-server-view-1772848691.log
2026-03-06 17:58:16,023 INFO [auto-impl] Skipping - implementation already in progress
2026-03-06 17:58:20,432 INFO [auto-plan] Checking boards: ['mad']
2026-03-06 17:58:20,440 INFO [auto-plan] mad: plan-inbox=0, reviewing-plan=0
2026-03-06 17:58:20,440 INFO [auto-impl] Skipping - implementation already in progress
2026-03-06 17:58:26,026 INFO [auto-impl] Skipping - implementation already in progress
2026-03-06 17:58:30,413 INFO [auto-plan] Checking boards: ['mad']
2026-03-06 17:58:30,414 INFO [auto-plan] mad: plan-inbox=0, reviewing-plan=0
2026-03-06 17:58:30,414 INFO [auto-impl] Skipping - implementation already in progress
2026-03-06 17:58:36,019 INFO [auto-impl] Skipping - implementation already in progress
2026-03-06 17:58:40,421 INFO [auto-plan] Checking boards: ['mad']
2026-03-06 17:58:40,421 INFO [auto-plan] mad: plan-inbox=0, reviewing-plan=0
2026-03-06 17:58:40,422 INFO [auto-impl] Skipping - implementation already in progress
2026-03-06 17:58:46,020 INFO [auto-impl] Skipping - implementation already in progress
2026-03-06 17:58:50,410 INFO [auto-plan] Checking boards: ['mad']
2026-03-06 17:58:50,411 INFO [auto-plan] mad: plan-inbox=0, reviewing-plan=0
2026-03-06 17:58:50,411 INFO [auto-impl] Skipping - implementation already in progress
2026-03-06 17:58:56,017 INFO [auto-impl] Skipping - implementation already in progress
2026-03-06 17:59:00,411 INFO [auto-plan] Checking boards: ['mad']
2026-03-06 17:59:00,411 INFO [auto-plan] mad: plan-inbox=0, reviewing-plan=0
2026-03-06 17:59:00,411 INFO [auto-impl] Skipping - implementation already in progress
2026-03-06 17:59:06,018 INFO [auto-impl] Skipping - implementation already in progress
2026-03-06 17:59:10,411 INFO [auto-plan] Checking boards: ['mad']
2026-03-06 17:59:10,411 INFO [auto-plan] mad: plan-inbox=0, reviewing-plan=0
2026-03-06 17:59:10,411 INFO [auto-impl] Skipping - implementation already in progress
2026-03-06 17:59:16,017 INFO [auto-impl] Skipping - implementation already in progress
2026-03-06 17:59:20,407 INFO [auto-plan] Checking boards: ['mad']
2026-03-06 17:59:20,407 INFO [auto-plan] mad: plan-inbox=0, reviewing-plan=0
2026-03-06 17:59:20,407 INFO [auto-impl] Skipping - implementation already in progress
2026-03-06 17:59:26,173 INFO [auto-impl] Skipping - implementation already in progress
2026-03-06 17:59:30,408 INFO [auto-plan] Checking boards: ['mad']
2026-03-06 17:59:30,408 INFO [auto-plan] mad: plan-inbox=0, reviewing-plan=0
2026-03-06 17:59:30,409 INFO [auto-impl] Skipping - implementation already in progress
2026-03-06 17:59:36,017 INFO [auto-impl] Skipping - implementation already in progress
2026-03-06 17:59:40,408 INFO [auto-plan] Checking boards: ['mad']
2026-03-06 17:59:40,408 INFO [auto-plan] mad: plan-inbox=0, reviewing-plan=0
2026-03-06 17:59:40,408 INFO [auto-impl] Skipping - implementation already in progress
2026-03-06 17:59:46,017 INFO [auto-impl] Skipping - implementation already in progress
2026-03-06 17:59:50,406 INFO [auto-plan] Checking boards: ['mad']
2026-03-06 17:59:50,407 INFO [auto-plan] mad: plan-inbox=0, reviewing-plan=0
2026-03-06 17:59:50,407 INFO [auto-impl] Skipping - implementation already in progress
2026-03-06 17:59:56,014 INFO [auto-impl] Skipping - implementation already in progress
2026-03-06 18:00:00,405 INFO [auto-plan] Checking boards: ['mad']
2026-03-06 18:00:00,405 INFO [auto-plan] mad: plan-inbox=0, reviewing-plan=0
2026-03-06 18:00:00,405 INFO [auto-impl] Skipping - implementation already in progress
2026-03-06 18:00:06,014 INFO [auto-impl] Skipping - implementation already in progress
2026-03-06 18:00:10,402 INFO [auto-plan] Checking boards: ['mad']
2026-03-06 18:00:10,403 INFO [auto-plan] mad: plan-inbox=0, reviewing-plan=0
2026-03-06 18:00:10,403 INFO [auto-impl] Skipping - implementation already in progress
2026-03-06 18:00:16,012 INFO [auto-impl] Skipping - implementation already in progress
2026-03-06 18:00:20,404 INFO [auto-plan] Checking boards: ['mad']
2026-03-06 18:00:20,404 INFO [auto-plan] mad: plan-inbox=0, reviewing-plan=0
2026-03-06 18:00:20,404 INFO [auto-impl] Skipping - implementation already in progress
2026-03-06 18:00:26,006 INFO [auto-impl] Skipping - implementation already in progress
2026-03-06 18:00:30,424 INFO [auto-plan] Checking boards: ['mad']
2026-03-06 18:00:30,431 INFO [auto-plan] mad: plan-inbox=0, reviewing-plan=0
2026-03-06 18:00:30,431 INFO [auto-impl] Skipping - implementation already in progress
2026-03-06 18:00:36,007 INFO [auto-impl] Skipping - implementation already in progress
2026-03-06 18:00:37,603 INFO Agent B: Generating test spec...
2026-03-06 18:00:37,603 INFO [runner] Wrote instructions for 'add-ability-to-create-new-ideas-from-the-server-view': 4871 chars
2026-03-06 18:00:37,604 INFO [runner] Instructions preview: Code Path: /home/paule/MAD
Context File: /home/paule/MAD/.mad/CONTEXT.md

You are a QA engineer writing a test specification from a feature plan.

## Feature: Add ability to create new ideas from the ...
2026-03-06 18:00:37,604 INFO Starting claude with cmd: ['claude', '-p', 'Read /home/paule/MAD/.tmp/add-ability-to-create-new-ideas-from-the-server-view.instructions and follow the instructions exactly.', '--dangerously-skip-permissions']
2026-03-06 18:00:37,604 INFO status.feature_slug = 'add-ability-to-create-new-ideas-from-the-server-view'
2026-03-06 18:00:37,604 INFO Logging to: /home/paule/MAD/logs/claude-add-ability-to-create-new-ideas-from-the-server-view-1772848837.log
2026-03-06 18:00:40,416 INFO [auto-plan] Checking boards: ['mad']
2026-03-06 18:00:40,425 INFO [auto-plan] mad: plan-inbox=0, reviewing-plan=0
2026-03-06 18:00:40,425 INFO [auto-impl] Skipping - implementation already in progress
2026-03-06 18:00:46,006 INFO [auto-impl] Skipping - implementation already in progress
2026-03-06 18:00:50,402 INFO [auto-plan] Checking boards: ['mad']
2026-03-06 18:00:50,402 INFO [auto-plan] mad: plan-inbox=0, reviewing-plan=0
2026-03-06 18:00:50,402 INFO [auto-impl] Skipping - implementation already in progress
2026-03-06 18:00:56,005 INFO [auto-impl] Skipping - implementation already in progress
2026-03-06 18:01:00,397 INFO [auto-plan] Checking boards: ['mad']
2026-03-06 18:01:00,397 INFO [auto-plan] mad: plan-inbox=0, reviewing-plan=0
2026-03-06 18:01:00,397 INFO [auto-impl] Skipping - implementation already in progress
2026-03-06 18:01:06,005 INFO [auto-impl] Skipping - implementation already in progress
2026-03-06 18:01:10,400 INFO [auto-plan] Checking boards: ['mad']
2026-03-06 18:01:10,400 INFO [auto-plan] mad: plan-inbox=0, reviewing-plan=0
2026-03-06 18:01:10,400 INFO [auto-impl] Skipping - implementation already in progress
2026-03-06 18:01:16,006 INFO [auto-impl] Skipping - implementation already in progress
2026-03-06 18:01:20,385 INFO [auto-plan] Checking boards: ['mad']
2026-03-06 18:01:20,386 INFO [auto-plan] mad: plan-inbox=0, reviewing-plan=0
2026-03-06 18:01:20,386 INFO [auto-impl] Skipping - implementation already in progress
2026-03-06 18:01:25,996 INFO [auto-impl] Skipping - implementation already in progress
2026-03-06 18:01:30,385 INFO [auto-plan] Checking boards: ['mad']
2026-03-06 18:01:30,386 INFO [auto-plan] mad: plan-inbox=0, reviewing-plan=0
2026-03-06 18:01:30,386 INFO [auto-impl] Skipping - implementation already in progress
2026-03-06 18:01:35,992 INFO [auto-impl] Skipping - implementation already in progress
2026-03-06 18:01:39,238 INFO Specs generated. Feature moved to implementing.
2026-03-06 18:01:39,245 INFO [bold blue]Implementing:[/bold blue] Seasonal Events (Phase 6d)
2026-03-06 18:01:39,255 INFO [implementing] Starting: Seasonal Events (Phase 6d)
2026-03-06 18:01:39,259 INFO [runner] Wrote instructions for 'seasonal-events': 174532 chars
2026-03-06 18:01:39,259 INFO [runner] Instructions preview: Code Path: /home/paule/chicken-tracking/chickentracks.app
Context File: /home/paule/chicken-tracking/chickentracks.app/.mad/CONTEXT.md

Implement the following feature.

Feature: Seasonal Events (Phas...
2026-03-06 18:01:39,260 INFO Starting claude with cmd: ['claude', '-p', 'Read /home/paule/chicken-tracking/chickentracks.app/.tmp/seasonal-events.instructions and follow the instructions exactly.', '--dangerously-skip-permissions']
2026-03-06 18:01:39,260 INFO status.feature_slug = 'seasonal-events'
2026-03-06 18:01:39,260 INFO Logging to: /home/paule/chicken-tracking/chickentracks.app/logs/claude-seasonal-events-1772848899.log
2026-03-06 18:01:40,385 INFO [auto-plan] Checking boards: ['mad']
2026-03-06 18:01:40,386 INFO [auto-plan] mad: plan-inbox=0, reviewing-plan=0
2026-03-06 18:01:40,386 INFO [auto-impl] Skipping - implementation already in progress
2026-03-06 18:01:46,012 INFO [auto-impl] Skipping - implementation already in progress
2026-03-06 18:01:50,391 INFO [auto-plan] Checking boards: ['mad']
2026-03-06 18:01:50,392 INFO [auto-plan] mad: plan-inbox=0, reviewing-plan=0
2026-03-06 18:01:50,392 INFO [auto-impl] Skipping - implementation already in progress
2026-03-06 18:01:56,002 INFO [auto-impl] Skipping - implementation already in progress
2026-03-06 18:02:00,396 INFO [auto-plan] Checking boards: ['mad']
2026-03-06 18:02:00,397 INFO [auto-plan] mad: plan-inbox=0, reviewing-plan=0
2026-03-06 18:02:00,397 INFO [auto-impl] Skipping - implementation already in progress
2026-03-06 18:02:05,999 INFO [auto-impl] Skipping - implementation already in progress
2026-03-06 18:02:10,389 INFO [auto-plan] Checking boards: ['mad']
2026-03-06 18:02:10,389 INFO [auto-plan] mad: plan-inbox=0, reviewing-plan=0
2026-03-06 18:02:10,389 INFO [auto-impl] Skipping - implementation already in progress
2026-03-06 18:02:15,998 INFO [auto-impl] Skipping - implementation already in progress
2026-03-06 18:02:20,388 INFO [auto-plan] Checking boards: ['mad']
2026-03-06 18:02:20,389 INFO [auto-plan] mad: plan-inbox=0, reviewing-plan=0
2026-03-06 18:02:20,389 INFO [auto-impl] Skipping - implementation already in progress
2026-03-06 18:02:25,998 INFO [auto-impl] Skipping - implementation already in progress
2026-03-06 18:02:30,389 INFO [auto-plan] Checking boards: ['mad']
2026-03-06 18:02:30,390 INFO [auto-plan] mad: plan-inbox=0, reviewing-plan=0
2026-03-06 18:02:30,390 INFO [auto-impl] Skipping - implementation already in progress
2026-03-06 18:02:35,999 INFO [auto-impl] Skipping - implementation already in progress
2026-03-06 18:02:40,390 INFO [auto-plan] Checking boards: ['mad']
2026-03-06 18:02:40,390 INFO [auto-plan] mad: plan-inbox=0, reviewing-plan=0
2026-03-06 18:02:40,390 INFO [auto-impl] Skipping - implementation already in progress
2026-03-06 18:02:46,000 INFO [auto-impl] Skipping - implementation already in progress
2026-03-06 18:02:50,386 INFO [auto-plan] Checking boards: ['mad']
2026-03-06 18:02:50,386 INFO [auto-plan] mad: plan-inbox=0, reviewing-plan=0
2026-03-06 18:02:50,386 INFO [auto-impl] Skipping - implementation already in progress
2026-03-06 18:02:55,994 INFO [auto-impl] Skipping - implementation already in progress
2026-03-06 18:03:00,387 INFO [auto-plan] Checking boards: ['mad']
2026-03-06 18:03:00,387 INFO [auto-plan] mad: plan-inbox=0, reviewing-plan=0
2026-03-06 18:03:00,387 INFO [auto-impl] Skipping - implementation already in progress
2026-03-06 18:03:05,989 INFO [auto-impl] Skipping - implementation already in progress
2026-03-06 18:03:09,382 INFO Specs generated. Feature moved to implementing.
2026-03-06 18:03:09,389 INFO [bold blue]Implementing:[/bold blue] Add ability to create new ideas from the server view
2026-03-06 18:03:09,389 INFO [implementing] Starting: Add ability to create new ideas from the server view
2026-03-06 18:03:09,398 INFO [runner] Wrote instructions for 'add-ability-to-create-new-ideas-from-the-server-view': 7577 chars
2026-03-06 18:03:09,398 INFO [runner] Instructions preview: Code Path: /home/paule/MAD
Context File: /home/paule/MAD/.mad/CONTEXT.md

Implement the following feature.

Feature: Add ability to create new ideas from the server view

Plan:
## Plan: Add ability to...
2026-03-06 18:03:09,399 INFO Starting claude with cmd: ['claude', '-p', 'Read /home/paule/MAD/.tmp/add-ability-to-create-new-ideas-from-the-server-view.instructions and follow the instructions exactly.', '--dangerously-skip-permissions']
2026-03-06 18:03:09,399 INFO status.feature_slug = 'add-ability-to-create-new-ideas-from-the-server-view'
2026-03-06 18:03:09,399 INFO Logging to: /home/paule/MAD/logs/claude-add-ability-to-create-new-ideas-from-the-server-view-1772848989.log
2026-03-06 18:03:10,398 INFO [auto-plan] Checking boards: ['mad']
2026-03-06 18:03:10,409 INFO [auto-plan] mad: plan-inbox=0, reviewing-plan=0
2026-03-06 18:03:10,409 INFO [auto-impl] Skipping - implementation already in progress
2026-03-06 18:03:15,995 INFO [auto-impl] Skipping - implementation already in progress
2026-03-06 18:03:20,376 INFO [auto-plan] Checking boards: ['mad']
2026-03-06 18:03:20,376 INFO [auto-plan] mad: plan-inbox=0, reviewing-plan=0
2026-03-06 18:03:20,376 INFO [auto-impl] Skipping - implementation already in progress
2026-03-06 18:03:25,983 INFO [auto-impl] Skipping - implementation already in progress
2026-03-06 18:03:30,379 INFO [auto-plan] Checking boards: ['mad']
2026-03-06 18:03:30,381 INFO [auto-plan] mad: plan-inbox=0, reviewing-plan=0
2026-03-06 18:03:30,381 INFO [auto-impl] Skipping - implementation already in progress
2026-03-06 18:03:35,991 INFO [auto-impl] Skipping - implementation already in progress
2026-03-06 18:03:40,383 INFO [auto-plan] Checking boards: ['mad']
2026-03-06 18:03:40,384 INFO [auto-plan] mad: plan-inbox=0, reviewing-plan=0
2026-03-06 18:03:40,384 INFO [auto-impl] Skipping - implementation already in progress
2026-03-06 18:03:45,992 INFO [auto-impl] Skipping - implementation already in progress
2026-03-06 18:03:50,378 INFO [auto-plan] Checking boards: ['mad']
2026-03-06 18:03:50,378 INFO [auto-plan] mad: plan-inbox=0, reviewing-plan=0
2026-03-06 18:03:50,378 INFO [auto-impl] Skipping - implementation already in progress
2026-03-06 18:03:55,987 INFO [auto-impl] Skipping - implementation already in progress
2026-03-06 18:04:00,373 INFO [auto-plan] Checking boards: ['mad']
2026-03-06 18:04:00,373 INFO [auto-plan] mad: plan-inbox=0, reviewing-plan=0
2026-03-06 18:04:00,373 INFO [auto-impl] Skipping - implementation already in progress
2026-03-06 18:04:05,980 INFO [auto-impl] Skipping - implementation already in progress
2026-03-06 18:04:10,373 INFO [auto-plan] Checking boards: ['mad']
2026-03-06 18:04:10,373 INFO [auto-plan] mad: plan-inbox=0, reviewing-plan=0
2026-03-06 18:04:10,373 INFO [auto-impl] Skipping - implementation already in progress
2026-03-06 18:04:15,984 INFO [auto-impl] Skipping - implementation already in progress
2026-03-06 18:04:20,370 INFO [auto-plan] Checking boards: ['mad']
2026-03-06 18:04:20,371 INFO [auto-plan] mad: plan-inbox=0, reviewing-plan=0
2026-03-06 18:04:20,371 INFO [auto-impl] Skipping - implementation already in progress
2026-03-06 18:04:25,978 INFO [auto-impl] Skipping - implementation already in progress
2026-03-06 18:04:30,367 INFO [auto-plan] Checking boards: ['mad']
2026-03-06 18:04:30,368 INFO [auto-plan] mad: plan-inbox=0, reviewing-plan=0
2026-03-06 18:04:30,368 INFO [auto-impl] Skipping - implementation already in progress
2026-03-06 18:04:35,973 INFO [auto-impl] Skipping - implementation already in progress
2026-03-06 18:04:40,363 INFO [auto-plan] Checking boards: ['mad']
2026-03-06 18:04:40,364 INFO [auto-plan] mad: plan-inbox=0, reviewing-plan=0
2026-03-06 18:04:40,364 INFO [auto-impl] Skipping - implementation already in progress
2026-03-06 18:04:45,977 INFO [auto-impl] Skipping - implementation already in progress
2026-03-06 18:04:50,366 INFO [auto-plan] Checking boards: ['mad']
2026-03-06 18:04:50,366 INFO [auto-plan] mad: plan-inbox=0, reviewing-plan=0
2026-03-06 18:04:50,366 INFO [auto-impl] Skipping - implementation already in progress
2026-03-06 18:04:55,973 INFO [auto-impl] Skipping - implementation already in progress
2026-03-06 18:05:00,365 INFO [auto-plan] Checking boards: ['mad']
2026-03-06 18:05:00,365 INFO [auto-plan] mad: plan-inbox=0, reviewing-plan=0
2026-03-06 18:05:00,366 INFO [auto-impl] Skipping - implementation already in progress
2026-03-06 18:05:05,978 INFO [auto-impl] Skipping - implementation already in progress
2026-03-06 18:05:10,367 INFO [auto-plan] Checking boards: ['mad']
2026-03-06 18:05:10,367 INFO [auto-plan] mad: plan-inbox=0, reviewing-plan=0
2026-03-06 18:05:10,367 INFO [auto-impl] Skipping - implementation already in progress
2026-03-06 18:05:15,971 INFO [auto-impl] Skipping - implementation already in progress
2026-03-06 18:05:20,356 INFO [auto-plan] Checking boards: ['mad']
2026-03-06 18:05:20,357 INFO [auto-plan] mad: plan-inbox=0, reviewing-plan=0
2026-03-06 18:05:20,357 INFO [auto-impl] Skipping - implementation already in progress
2026-03-06 18:05:25,965 INFO [auto-impl] Skipping - implementation already in progress
2026-03-06 18:05:30,355 INFO [auto-plan] Checking boards: ['mad']
2026-03-06 18:05:30,356 INFO [auto-plan] mad: plan-inbox=0, reviewing-plan=0
2026-03-06 18:05:30,356 INFO [auto-impl] Skipping - implementation already in progress
2026-03-06 18:05:35,965 INFO [auto-impl] Skipping - implementation already in progress
2026-03-06 18:05:40,357 INFO [auto-plan] Checking boards: ['mad']
2026-03-06 18:05:40,357 INFO [auto-plan] mad: plan-inbox=0, reviewing-plan=0
2026-03-06 18:05:40,357 INFO [auto-impl] Skipping - implementation already in progress
2026-03-06 18:05:45,963 INFO [auto-impl] Skipping - implementation already in progress
2026-03-06 18:05:50,351 INFO [auto-plan] Checking boards: ['mad']
2026-03-06 18:05:50,351 INFO [auto-plan] mad: plan-inbox=0, reviewing-plan=0
2026-03-06 18:05:50,351 INFO [auto-impl] Skipping - implementation already in progress
2026-03-06 18:05:55,962 INFO [auto-impl] Skipping - implementation already in progress
2026-03-06 18:06:00,357 INFO [auto-plan] Checking boards: ['mad']
2026-03-06 18:06:00,358 INFO [auto-plan] mad: plan-inbox=0, reviewing-plan=0
2026-03-06 18:06:00,358 INFO [auto-impl] Skipping - implementation already in progress
2026-03-06 18:06:05,963 INFO [auto-impl] Skipping - implementation already in progress
2026-03-06 18:06:10,351 INFO [auto-plan] Checking boards: ['mad']
2026-03-06 18:06:10,352 INFO [auto-plan] mad: plan-inbox=0, reviewing-plan=0
2026-03-06 18:06:10,352 INFO [auto-impl] Skipping - implementation already in progress
2026-03-06 18:06:15,959 INFO [auto-impl] Skipping - implementation already in progress
2026-03-06 18:06:20,355 INFO [auto-plan] Checking boards: ['mad']
2026-03-06 18:06:20,355 INFO [auto-plan] mad: plan-inbox=0, reviewing-plan=0
2026-03-06 18:06:20,355 INFO [auto-impl] Skipping - implementation already in progress
2026-03-06 18:06:25,957 INFO [auto-impl] Skipping - implementation already in progress
2026-03-06 18:06:30,350 INFO [auto-plan] Checking boards: ['mad']
2026-03-06 18:06:30,351 INFO [auto-plan] mad: plan-inbox=0, reviewing-plan=0
2026-03-06 18:06:30,351 INFO [auto-impl] Skipping - implementation already in progress
2026-03-06 18:06:35,960 INFO [auto-impl] Skipping - implementation already in progress
2026-03-06 18:06:40,353 INFO [auto-plan] Checking boards: ['mad']
2026-03-06 18:06:40,354 INFO [auto-plan] mad: plan-inbox=0, reviewing-plan=0
2026-03-06 18:06:40,354 INFO [auto-impl] Skipping - implementation already in progress
2026-03-06 18:06:45,959 INFO [auto-impl] Skipping - implementation already in progress
2026-03-06 18:06:50,340 INFO [auto-plan] Checking boards: ['mad']
2026-03-06 18:06:50,340 INFO [auto-plan] mad: plan-inbox=0, reviewing-plan=0
2026-03-06 18:06:50,340 INFO [auto-impl] Skipping - implementation already in progress
2026-03-06 18:06:55,950 INFO [auto-impl] Skipping - implementation already in progress
2026-03-06 18:07:00,345 INFO [auto-plan] Checking boards: ['mad']
2026-03-06 18:07:00,345 INFO [auto-plan] mad: plan-inbox=0, reviewing-plan=0
2026-03-06 18:07:00,345 INFO [auto-impl] Skipping - implementation already in progress
2026-03-06 18:07:05,952 INFO [auto-impl] Skipping - implementation already in progress
2026-03-06 18:07:10,343 INFO [auto-plan] Checking boards: ['mad']
2026-03-06 18:07:10,344 INFO [auto-plan] mad: plan-inbox=0, reviewing-plan=0
2026-03-06 18:07:10,344 INFO [auto-impl] Skipping - implementation already in progress
2026-03-06 18:07:15,952 INFO [auto-impl] Skipping - implementation already in progress
2026-03-06 18:07:20,339 INFO [auto-plan] Checking boards: ['mad']
2026-03-06 18:07:20,339 INFO [auto-plan] mad: plan-inbox=0, reviewing-plan=0
2026-03-06 18:07:20,339 INFO [auto-impl] Skipping - implementation already in progress
2026-03-06 18:07:25,948 INFO [auto-impl] Skipping - implementation already in progress
2026-03-06 18:07:30,341 INFO [auto-plan] Checking boards: ['mad']
2026-03-06 18:07:30,341 INFO [auto-plan] mad: plan-inbox=0, reviewing-plan=0
2026-03-06 18:07:30,342 INFO [auto-impl] Skipping - implementation already in progress
2026-03-06 18:07:35,953 INFO [auto-impl] Skipping - implementation already in progress
2026-03-06 18:07:40,342 INFO [auto-plan] Checking boards: ['mad']
2026-03-06 18:07:40,343 INFO [auto-plan] mad: plan-inbox=0, reviewing-plan=0
2026-03-06 18:07:40,343 INFO [auto-impl] Skipping - implementation already in progress
2026-03-06 18:07:45,952 INFO [auto-impl] Skipping - implementation already in progress
2026-03-06 18:07:50,334 INFO [auto-plan] Checking boards: ['mad']
2026-03-06 18:07:50,335 INFO [auto-plan] mad: plan-inbox=0, reviewing-plan=0
2026-03-06 18:07:50,335 INFO [auto-impl] Skipping - implementation already in progress
2026-03-06 18:07:55,950 INFO [auto-impl] Skipping - implementation already in progress
2026-03-06 18:08:00,336 INFO [auto-plan] Checking boards: ['mad']
2026-03-06 18:08:00,337 INFO [auto-plan] mad: plan-inbox=0, reviewing-plan=0
2026-03-06 18:08:00,337 INFO [auto-impl] Skipping - implementation already in progress
2026-03-06 18:08:05,949 INFO [auto-impl] Skipping - implementation already in progress
2026-03-06 18:08:10,334 INFO [auto-plan] Checking boards: ['mad']
2026-03-06 18:08:10,335 INFO [auto-plan] mad: plan-inbox=0, reviewing-plan=0
2026-03-06 18:08:10,335 INFO [auto-impl] Skipping - implementation already in progress
2026-03-06 18:08:15,942 INFO [auto-impl] Skipping - implementation already in progress
2026-03-06 18:08:20,331 INFO [auto-plan] Checking boards: ['mad']
2026-03-06 18:08:20,332 INFO [auto-plan] mad: plan-inbox=0, reviewing-plan=0
2026-03-06 18:08:20,332 INFO [auto-impl] Skipping - implementation already in progress
2026-03-06 18:08:25,938 INFO [auto-impl] Skipping - implementation already in progress
2026-03-06 18:08:30,333 INFO [auto-plan] Checking boards: ['mad']
2026-03-06 18:08:30,333 INFO [auto-plan] mad: plan-inbox=0, reviewing-plan=0
2026-03-06 18:08:30,333 INFO [auto-impl] Skipping - implementation already in progress
2026-03-06 18:08:35,160 WARNING [git] Commit failed: Command '['git', 'add', '-A', '.mad/boards/', '.mad/logs/']' returned non-zero exit status 1.
2026-03-06 18:08:35,160 INFO Implementation done. Feature moved to testing.
2026-03-06 18:08:35,176 INFO [bold blue]Writing Tests:[/bold blue] Add ability to create new ideas from the server view
2026-03-06 18:08:35,178 INFO [runner] Wrote instructions for 'add-ability-to-create-new-ideas-from-the-server-view': 2815 chars
2026-03-06 18:08:35,178 INFO [runner] Instructions preview: Code Path: /home/paule/MAD
Context File: /home/paule/MAD/.mad/CONTEXT.md

Write tests for the following implemented feature.

Feature: Add ability to create new ideas from the server view

Test Spec (...
2026-03-06 18:08:35,178 INFO Starting kilo with cmd: ['kilo', 'run', '--auto', 'Read /home/paule/MAD/.tmp/add-ability-to-create-new-ideas-from-the-server-view.instructions and follow the instructions exactly.']
2026-03-06 18:08:35,178 INFO status.feature_slug = 'add-ability-to-create-new-ideas-from-the-server-view'
2026-03-06 18:08:35,178 INFO Logging to: /home/paule/MAD/logs/kilo-add-ability-to-create-new-ideas-from-the-server-view-1772849315.log
2026-03-06 18:08:35,938 INFO [auto-impl] Skipping - implementation already in progress
2026-03-06 18:08:40,349 INFO [auto-plan] Checking boards: ['mad']
2026-03-06 18:08:40,357 INFO [auto-plan] mad: plan-inbox=0, reviewing-plan=0
2026-03-06 18:08:40,357 INFO [auto-impl] Skipping - implementation already in progress
2026-03-06 18:08:45,943 INFO [auto-impl] Skipping - implementation already in progress
2026-03-06 18:08:50,375 INFO [auto-plan] Checking boards: ['mad']
2026-03-06 18:08:50,375 INFO [auto-plan] mad: plan-inbox=0, reviewing-plan=0
2026-03-06 18:08:50,375 INFO [auto-impl] Skipping - implementation already in progress
2026-03-06 18:08:55,931 INFO [auto-impl] Skipping - implementation already in progress
2026-03-06 18:09:00,328 INFO [auto-plan] Checking boards: ['mad']
2026-03-06 18:09:00,328 INFO [auto-plan] mad: plan-inbox=0, reviewing-plan=0
2026-03-06 18:09:00,328 INFO [auto-impl] Skipping - implementation already in progress
2026-03-06 18:09:05,940 INFO [auto-impl] Skipping - implementation already in progress
2026-03-06 18:09:10,323 INFO [auto-plan] Checking boards: ['mad']
2026-03-06 18:09:10,324 INFO [auto-plan] mad: plan-inbox=0, reviewing-plan=0
2026-03-06 18:09:10,324 INFO [auto-impl] Skipping - implementation already in progress
2026-03-06 18:09:15,936 INFO [auto-impl] Skipping - implementation already in progress
2026-03-06 18:09:20,323 INFO [auto-plan] Checking boards: ['mad']
2026-03-06 18:09:20,323 INFO [auto-plan] mad: plan-inbox=0, reviewing-plan=0
2026-03-06 18:09:20,323 INFO [auto-impl] Skipping - implementation already in progress
2026-03-06 18:09:25,937 INFO [auto-impl] Skipping - implementation already in progress
2026-03-06 18:09:30,330 INFO [auto-plan] Checking boards: ['mad']
2026-03-06 18:09:30,331 INFO [auto-plan] mad: plan-inbox=0, reviewing-plan=0
2026-03-06 18:09:30,331 INFO [auto-impl] Skipping - implementation already in progress
2026-03-06 18:09:35,933 INFO [auto-impl] Skipping - implementation already in progress
2026-03-06 18:09:40,330 INFO [auto-plan] Checking boards: ['mad']
2026-03-06 18:09:40,330 INFO [auto-plan] mad: plan-inbox=0, reviewing-plan=0
2026-03-06 18:09:40,330 INFO [auto-impl] Skipping - implementation already in progress
2026-03-06 18:09:45,929 INFO [auto-impl] Skipping - implementation already in progress
2026-03-06 18:09:50,319 INFO [auto-plan] Checking boards: ['mad']
2026-03-06 18:09:50,319 INFO [auto-plan] mad: plan-inbox=0, reviewing-plan=0
2026-03-06 18:09:50,319 INFO [auto-impl] Skipping - implementation already in progress
2026-03-06 18:09:55,922 INFO [auto-impl] Skipping - implementation already in progress
2026-03-06 18:10:00,318 INFO [auto-plan] Checking boards: ['mad']
2026-03-06 18:10:00,318 INFO [auto-plan] mad: plan-inbox=0, reviewing-plan=0
2026-03-06 18:10:00,318 INFO [auto-impl] Skipping - implementation already in progress
2026-03-06 18:10:05,927 INFO [auto-impl] Skipping - implementation already in progress
2026-03-06 18:10:10,321 INFO [auto-plan] Checking boards: ['mad']
2026-03-06 18:10:10,321 INFO [auto-plan] mad: plan-inbox=0, reviewing-plan=0
2026-03-06 18:10:10,321 INFO [auto-impl] Skipping - implementation already in progress
2026-03-06 18:10:15,927 INFO [auto-impl] Skipping - implementation already in progress
2026-03-06 18:10:20,315 INFO [auto-plan] Checking boards: ['mad']
2026-03-06 18:10:20,315 INFO [auto-plan] mad: plan-inbox=0, reviewing-plan=0
2026-03-06 18:10:20,315 INFO [auto-impl] Skipping - implementation already in progress
2026-03-06 18:10:25,916 INFO [auto-impl] Skipping - implementation already in progress
2026-03-06 18:10:30,313 INFO [auto-plan] Checking boards: ['mad']
2026-03-06 18:10:30,313 INFO [auto-plan] mad: plan-inbox=0, reviewing-plan=0
2026-03-06 18:10:30,313 INFO [auto-impl] Skipping - implementation already in progress
2026-03-06 18:10:35,920 INFO [auto-impl] Skipping - implementation already in progress
2026-03-06 18:10:40,313 INFO [auto-plan] Checking boards: ['mad']
2026-03-06 18:10:40,313 INFO [auto-plan] mad: plan-inbox=0, reviewing-plan=0
2026-03-06 18:10:40,313 INFO [auto-impl] Skipping - implementation already in progress
2026-03-06 18:10:45,915 INFO [auto-impl] Skipping - implementation already in progress
2026-03-06 18:10:50,306 INFO [auto-plan] Checking boards: ['mad']
2026-03-06 18:10:50,306 INFO [auto-plan] mad: plan-inbox=0, reviewing-plan=0
2026-03-06 18:10:50,306 INFO [auto-impl] Skipping - implementation already in progress
2026-03-06 18:10:55,922 INFO [auto-impl] Skipping - implementation already in progress
2026-03-06 18:11:00,313 INFO [auto-plan] Checking boards: ['mad']
2026-03-06 18:11:00,314 INFO [auto-plan] mad: plan-inbox=0, reviewing-plan=0
2026-03-06 18:11:00,314 INFO [auto-impl] Skipping - implementation already in progress
2026-03-06 18:11:05,919 INFO [auto-impl] Skipping - implementation already in progress
2026-03-06 18:11:10,306 INFO [auto-plan] Checking boards: ['mad']
2026-03-06 18:11:10,307 INFO [auto-plan] mad: plan-inbox=0, reviewing-plan=0
2026-03-06 18:11:10,307 INFO [auto-impl] Skipping - implementation already in progress
2026-03-06 18:11:15,921 INFO [auto-impl] Skipping - implementation already in progress
2026-03-06 18:11:20,306 INFO [auto-plan] Checking boards: ['mad']
2026-03-06 18:11:20,306 INFO [auto-plan] mad: plan-inbox=0, reviewing-plan=0
2026-03-06 18:11:20,307 INFO [auto-impl] Skipping - implementation already in progress
2026-03-06 18:11:25,907 INFO [auto-impl] Skipping - implementation already in progress
2026-03-06 18:11:30,302 INFO [auto-plan] Checking boards: ['mad']
2026-03-06 18:11:30,304 INFO [auto-plan] mad: plan-inbox=0, reviewing-plan=0
2026-03-06 18:11:30,304 INFO [auto-impl] Skipping - implementation already in progress
2026-03-06 18:11:35,909 INFO [auto-impl] Skipping - implementation already in progress
2026-03-06 18:11:40,304 INFO [auto-plan] Checking boards: ['mad']
2026-03-06 18:11:40,305 INFO [auto-plan] mad: plan-inbox=0, reviewing-plan=0
2026-03-06 18:11:40,305 INFO [auto-impl] Skipping - implementation already in progress
2026-03-06 18:11:45,909 INFO [auto-impl] Skipping - implementation already in progress
2026-03-06 18:11:46,314 WARNING Error handling create_idea: The `call_from_thread` method must run in a different thread from the app
2026-03-06 18:11:50,301 INFO [auto-plan] Checking boards: ['mad']
2026-03-06 18:11:50,301 INFO [auto-plan] mad: plan-inbox=0, reviewing-plan=0
2026-03-06 18:11:50,301 INFO [auto-impl] Skipping - implementation already in progress
2026-03-06 18:11:55,901 INFO [auto-impl] Skipping - implementation already in progress
2026-03-06 18:12:00,294 INFO [auto-plan] Checking boards: ['mad']
2026-03-06 18:12:00,294 INFO [auto-plan] mad: plan-inbox=0, reviewing-plan=0
2026-03-06 18:12:00,294 INFO [auto-impl] Skipping - implementation already in progress
2026-03-06 18:12:05,907 INFO [auto-impl] Skipping - implementation already in progress
2026-03-06 18:12:10,294 INFO [auto-plan] Checking boards: ['mad']
2026-03-06 18:12:10,294 INFO [auto-plan] mad: plan-inbox=0, reviewing-plan=0
2026-03-06 18:12:10,294 INFO [auto-impl] Skipping - implementation already in progress
2026-03-06 18:12:15,906 INFO [auto-impl] Skipping - implementation already in progress
2026-03-06 18:12:20,291 INFO [auto-plan] Checking boards: ['mad']
2026-03-06 18:12:20,291 INFO [auto-plan] mad: plan-inbox=0, reviewing-plan=0
2026-03-06 18:12:20,291 INFO [auto-impl] Skipping - implementation already in progress
2026-03-06 18:12:25,898 INFO [auto-impl] Skipping - implementation already in progress
2026-03-06 18:12:30,291 INFO [auto-plan] Checking boards: ['mad']
2026-03-06 18:12:30,291 INFO [auto-plan] mad: plan-inbox=0, reviewing-plan=0
2026-03-06 18:12:30,291 INFO [auto-impl] Skipping - implementation already in progress
2026-03-06 18:12:35,905 INFO [auto-impl] Skipping - implementation already in progress
2026-03-06 18:12:40,292 INFO [auto-plan] Checking boards: ['mad']
2026-03-06 18:12:40,292 INFO [auto-plan] mad: plan-inbox=0, reviewing-plan=0
2026-03-06 18:12:40,293 INFO [auto-impl] Skipping - implementation already in progress
2026-03-06 18:12:45,901 INFO [auto-impl] Skipping - implementation already in progress
2026-03-06 18:12:50,293 INFO [auto-plan] Checking boards: ['mad']
2026-03-06 18:12:50,294 INFO [auto-plan] mad: plan-inbox=0, reviewing-plan=0
2026-03-06 18:12:50,294 INFO [auto-impl] Skipping - implementation already in progress
2026-03-06 18:12:55,896 INFO [auto-impl] Skipping - implementation already in progress
2026-03-06 18:13:00,293 INFO [auto-plan] Checking boards: ['mad']
2026-03-06 18:13:00,294 INFO [auto-plan] mad: plan-inbox=0, reviewing-plan=0
2026-03-06 18:13:00,294 INFO [auto-impl] Skipping - implementation already in progress
2026-03-06 18:13:05,902 INFO [auto-impl] Skipping - implementation already in progress
2026-03-06 18:13:10,293 INFO [auto-plan] Checking boards: ['mad']
2026-03-06 18:13:10,293 INFO [auto-plan] mad: plan-inbox=0, reviewing-plan=0
2026-03-06 18:13:10,293 INFO [auto-impl] Skipping - implementation already in progress
2026-03-06 18:13:15,895 INFO [auto-impl] Skipping - implementation already in progress
2026-03-06 18:13:20,291 INFO [auto-plan] Checking boards: ['mad']
2026-03-06 18:13:20,291 INFO [auto-plan] mad: plan-inbox=0, reviewing-plan=0
2026-03-06 18:13:20,291 INFO [auto-impl] Skipping - implementation already in progress
2026-03-06 18:13:25,893 INFO [auto-impl] Skipping - implementation already in progress
2026-03-06 18:13:30,286 INFO [auto-plan] Checking boards: ['mad']
2026-03-06 18:13:30,287 INFO [auto-plan] mad: plan-inbox=0, reviewing-plan=0
2026-03-06 18:13:30,287 INFO [auto-impl] Skipping - implementation already in progress
2026-03-06 18:13:35,892 INFO [auto-impl] Skipping - implementation already in progress
2026-03-06 18:13:40,291 INFO [auto-plan] Checking boards: ['mad']
2026-03-06 18:13:40,291 INFO [auto-plan] mad: plan-inbox=0, reviewing-plan=0
2026-03-06 18:13:40,291 INFO [auto-impl] Skipping - implementation already in progress
2026-03-06 18:13:45,893 INFO [auto-impl] Skipping - implementation already in progress
2026-03-06 18:13:50,283 INFO [auto-plan] Checking boards: ['mad']
2026-03-06 18:13:50,283 INFO [auto-plan] mad: plan-inbox=0, reviewing-plan=0
2026-03-06 18:13:50,283 INFO [auto-impl] Skipping - implementation already in progress
2026-03-06 18:13:55,890 INFO [auto-impl] Skipping - implementation already in progress
2026-03-06 18:14:00,284 INFO [auto-plan] Checking boards: ['mad']
2026-03-06 18:14:00,284 INFO [auto-plan] mad: plan-inbox=0, reviewing-plan=0
2026-03-06 18:14:00,285 INFO [auto-impl] Skipping - implementation already in progress
2026-03-06 18:14:05,889 INFO [auto-impl] Skipping - implementation already in progress
2026-03-06 18:14:10,285 INFO [auto-plan] Checking boards: ['mad']
2026-03-06 18:14:10,285 INFO [auto-plan] mad: plan-inbox=0, reviewing-plan=0
2026-03-06 18:14:10,285 INFO [auto-impl] Skipping - implementation already in progress
2026-03-06 18:14:15,966 INFO [auto-impl] Skipping - implementation already in progress
2026-03-06 18:14:20,279 INFO [auto-plan] Checking boards: ['mad']
2026-03-06 18:14:20,279 INFO [auto-plan] mad: plan-inbox=0, reviewing-plan=0
2026-03-06 18:14:20,280 INFO [auto-impl] Skipping - implementation already in progress
2026-03-06 18:14:25,887 INFO [auto-impl] Skipping - implementation already in progress
2026-03-06 18:14:30,283 INFO [auto-plan] Checking boards: ['mad']
2026-03-06 18:14:30,284 INFO [auto-plan] mad: plan-inbox=0, reviewing-plan=0
2026-03-06 18:14:30,284 INFO [auto-impl] Skipping - implementation already in progress
2026-03-06 18:14:35,887 INFO [auto-impl] Skipping - implementation already in progress
2026-03-06 18:14:40,280 INFO [auto-plan] Checking boards: ['mad']
2026-03-06 18:14:40,281 INFO [auto-plan] mad: plan-inbox=0, reviewing-plan=0
2026-03-06 18:14:40,281 INFO [auto-impl] Skipping - implementation already in progress
2026-03-06 18:14:41,198 INFO Tests written. Feature moved to review.
2026-03-06 18:14:41,205 INFO [bold blue]Reviewing:[/bold blue] Add ability to create new ideas from the server view
2026-03-06 18:14:41,215 INFO [runner] Wrote instructions for 'add-ability-to-create-new-ideas-from-the-server-view': 8717 chars
2026-03-06 18:14:41,215 INFO [runner] Instructions preview: Code Path: /home/paule/MAD
Context File: /home/paule/MAD/.mad/CONTEXT.md

You are a senior code reviewer tasked with critically evaluating an implementation.

## Feature: Add ability to create new ide...
2026-03-06 18:14:41,216 INFO Starting kilo with cmd: ['kilo', 'run', '--auto', 'Read /home/paule/MAD/.tmp/add-ability-to-create-new-ideas-from-the-server-view.instructions and follow the instructions exactly.']
2026-03-06 18:14:41,216 INFO status.feature_slug = 'add-ability-to-create-new-ideas-from-the-server-view'
2026-03-06 18:14:41,216 INFO Logging to: /home/paule/MAD/logs/kilo-add-ability-to-create-new-ideas-from-the-server-view-1772849681.log
2026-03-06 18:14:45,998 INFO [auto-impl] Skipping - implementation already in progress
2026-03-06 18:14:50,292 INFO [auto-plan] Checking boards: ['mad']
2026-03-06 18:14:50,301 INFO [auto-plan] mad: plan-inbox=0, reviewing-plan=0
2026-03-06 18:14:50,301 INFO [auto-impl] Skipping - implementation already in progress
2026-03-06 18:14:55,901 INFO [auto-impl] Skipping - implementation already in progress
2026-03-06 18:15:00,334 INFO [auto-plan] Checking boards: ['mad']
2026-03-06 18:15:00,335 INFO [auto-plan] mad: plan-inbox=0, reviewing-plan=0
2026-03-06 18:15:00,335 INFO [auto-impl] Skipping - implementation already in progress
2026-03-06 18:15:05,885 INFO [auto-impl] Skipping - implementation already in progress
2026-03-06 18:15:10,279 INFO [auto-plan] Checking boards: ['mad']
2026-03-06 18:15:10,279 INFO [auto-plan] mad: plan-inbox=0, reviewing-plan=0
2026-03-06 18:15:10,279 INFO [auto-impl] Skipping - implementation already in progress
2026-03-06 18:15:15,884 INFO [auto-impl] Skipping - implementation already in progress
2026-03-06 18:15:20,273 INFO [auto-plan] Checking boards: ['mad']
2026-03-06 18:15:20,273 INFO [auto-plan] mad: plan-inbox=0, reviewing-plan=0
2026-03-06 18:15:20,273 INFO [auto-impl] Skipping - implementation already in progress
2026-03-06 18:15:25,882 INFO [auto-impl] Skipping - implementation already in progress
2026-03-06 18:15:30,275 INFO [auto-plan] Checking boards: ['mad']
2026-03-06 18:15:30,275 INFO [auto-plan] mad: plan-inbox=0, reviewing-plan=0
2026-03-06 18:15:30,275 INFO [auto-impl] Skipping - implementation already in progress
2026-03-06 18:15:35,882 INFO [auto-impl] Skipping - implementation already in progress
2026-03-06 18:15:40,274 INFO [auto-plan] Checking boards: ['mad']
2026-03-06 18:15:40,275 INFO [auto-plan] mad: plan-inbox=0, reviewing-plan=0
2026-03-06 18:15:40,275 INFO [auto-impl] Skipping - implementation already in progress
2026-03-06 18:15:45,882 INFO [auto-impl] Skipping - implementation already in progress
2026-03-06 18:15:50,273 INFO [auto-plan] Checking boards: ['mad']
2026-03-06 18:15:50,273 INFO [auto-plan] mad: plan-inbox=0, reviewing-plan=0
2026-03-06 18:15:50,273 INFO [auto-impl] Skipping - implementation already in progress
2026-03-06 18:15:55,879 INFO [auto-impl] Skipping - implementation already in progress
2026-03-06 18:16:00,272 INFO [auto-plan] Checking boards: ['mad']
2026-03-06 18:16:00,272 INFO [auto-plan] mad: plan-inbox=0, reviewing-plan=0
2026-03-06 18:16:00,272 INFO [auto-impl] Skipping - implementation already in progress
2026-03-06 18:16:05,880 INFO [auto-impl] Skipping - implementation already in progress
2026-03-06 18:16:10,272 INFO [auto-plan] Checking boards: ['mad']
2026-03-06 18:16:10,272 INFO [auto-plan] mad: plan-inbox=0, reviewing-plan=0
2026-03-06 18:16:10,272 INFO [auto-impl] Skipping - implementation already in progress
2026-03-06 18:16:15,879 INFO [auto-impl] Skipping - implementation already in progress
2026-03-06 18:16:20,269 INFO [auto-plan] Checking boards: ['mad']
2026-03-06 18:16:20,270 INFO [auto-plan] mad: plan-inbox=0, reviewing-plan=0
2026-03-06 18:16:20,270 INFO [auto-impl] Skipping - implementation already in progress
2026-03-06 18:16:25,876 INFO [auto-impl] Skipping - implementation already in progress
2026-03-06 18:16:30,269 INFO [auto-plan] Checking boards: ['mad']
2026-03-06 18:16:30,270 INFO [auto-plan] mad: plan-inbox=0, reviewing-plan=0
2026-03-06 18:16:30,270 INFO [auto-impl] Skipping - implementation already in progress
2026-03-06 18:16:35,877 INFO [auto-impl] Skipping - implementation already in progress
2026-03-06 18:16:40,269 INFO [auto-plan] Checking boards: ['mad']
2026-03-06 18:16:40,269 INFO [auto-plan] mad: plan-inbox=0, reviewing-plan=0
2026-03-06 18:16:40,270 INFO [auto-impl] Skipping - implementation already in progress
2026-03-06 18:16:45,877 INFO [auto-impl] Skipping - implementation already in progress
2026-03-06 18:16:50,267 INFO [auto-plan] Checking boards: ['mad']
2026-03-06 18:16:50,268 INFO [auto-plan] mad: plan-inbox=0, reviewing-plan=0
2026-03-06 18:16:50,268 INFO [auto-impl] Skipping - implementation already in progress
2026-03-06 18:16:54,742 INFO Review verdict: FAIL
2026-03-06 18:16:54,742 INFO Review feedback: Critical build error in server/api.go:200 - getBoardsFromClients is undefined. The function is defin...
2026-03-06 18:16:54,743 INFO Review FAILED. Feature moved back to implementing.
2026-03-06 18:16:54,757 INFO [bold blue]Writing Tests:[/bold blue] Add ability to create new ideas from the server view
2026-03-06 18:16:54,759 INFO [runner] Wrote instructions for 'add-ability-to-create-new-ideas-from-the-server-view': 4243 chars
2026-03-06 18:16:54,759 INFO [runner] Instructions preview: Code Path: /home/paule/MAD
Context File: /home/paule/MAD/.mad/CONTEXT.md

Write tests for the following implemented feature.

Feature: Add ability to create new ideas from the server view

Test Spec (...
2026-03-06 18:16:54,759 INFO Starting kilo with cmd: ['kilo', 'run', '--auto', 'Read /home/paule/MAD/.tmp/add-ability-to-create-new-ideas-from-the-server-view.instructions and follow the instructions exactly.']
2026-03-06 18:16:54,759 INFO status.feature_slug = 'add-ability-to-create-new-ideas-from-the-server-view'
2026-03-06 18:16:54,759 INFO Logging to: /home/paule/MAD/logs/kilo-add-ability-to-create-new-ideas-from-the-server-view-1772849814.log
2026-03-06 18:16:55,874 INFO [auto-impl] Skipping - implementation already in progress
2026-03-06 18:17:00,285 INFO [auto-plan] Checking boards: ['mad']
2026-03-06 18:17:00,289 INFO [auto-plan] mad: plan-inbox=0, reviewing-plan=0
2026-03-06 18:17:00,289 INFO [auto-impl] Skipping - implementation already in progress
2026-03-06 18:17:05,874 INFO [auto-impl] Skipping - implementation already in progress
2026-03-06 18:17:10,267 INFO [auto-plan] Checking boards: ['mad']
2026-03-06 18:17:10,268 INFO [auto-plan] mad: plan-inbox=0, reviewing-plan=0
2026-03-06 18:17:10,268 INFO [auto-impl] Skipping - implementation already in progress
2026-03-06 18:17:15,875 INFO [auto-impl] Skipping - implementation already in progress
2026-03-06 18:17:20,265 INFO [auto-plan] Checking boards: ['mad']
2026-03-06 18:17:20,265 INFO [auto-plan] mad: plan-inbox=0, reviewing-plan=0
2026-03-06 18:17:20,265 INFO [auto-impl] Skipping - implementation already in progress
2026-03-06 18:17:25,873 INFO [auto-impl] Skipping - implementation already in progress
2026-03-06 18:17:30,265 INFO [auto-plan] Checking boards: ['mad']
2026-03-06 18:17:30,266 INFO [auto-plan] mad: plan-inbox=0, reviewing-plan=0
2026-03-06 18:17:30,266 INFO [auto-impl] Skipping - implementation already in progress
2026-03-06 18:17:35,872 INFO [auto-impl] Skipping - implementation already in progress
2026-03-06 18:17:40,265 INFO [auto-plan] Checking boards: ['mad']
2026-03-06 18:17:40,266 INFO [auto-plan] mad: plan-inbox=0, reviewing-plan=0
2026-03-06 18:17:40,266 INFO [auto-impl] Skipping - implementation already in progress
2026-03-06 18:17:45,869 INFO [auto-impl] Skipping - implementation already in progress
2026-03-06 18:17:50,262 INFO [auto-plan] Checking boards: ['mad']
2026-03-06 18:17:50,263 INFO [auto-plan] mad: plan-inbox=0, reviewing-plan=0
2026-03-06 18:17:50,263 INFO [auto-impl] Skipping - implementation already in progress
2026-03-06 18:17:55,866 INFO [auto-impl] Skipping - implementation already in progress
2026-03-06 18:18:00,262 INFO [auto-plan] Checking boards: ['mad']
2026-03-06 18:18:00,262 INFO [auto-plan] mad: plan-inbox=0, reviewing-plan=0
2026-03-06 18:18:00,262 INFO [auto-impl] Skipping - implementation already in progress
2026-03-06 18:18:05,869 INFO [auto-impl] Skipping - implementation already in progress
2026-03-06 18:18:10,270 INFO [auto-plan] Checking boards: ['mad']
2026-03-06 18:18:10,270 INFO [auto-plan] mad: plan-inbox=0, reviewing-plan=0
2026-03-06 18:18:10,271 INFO [auto-impl] Skipping - implementation already in progress
2026-03-06 18:18:15,873 INFO [auto-impl] Skipping - implementation already in progress
2026-03-06 18:18:20,258 INFO [auto-plan] Checking boards: ['mad']
2026-03-06 18:18:20,258 INFO [auto-plan] mad: plan-inbox=0, reviewing-plan=0
2026-03-06 18:18:20,259 INFO [auto-impl] Skipping - implementation already in progress
2026-03-06 18:18:25,015 INFO Tests written. Feature moved to review.
2026-03-06 18:18:25,021 INFO [bold blue]Reviewing:[/bold blue] Add ability to create new ideas from the server view
2026-03-06 18:18:25,027 INFO [runner] Wrote instructions for 'add-ability-to-create-new-ideas-from-the-server-view': 10299 chars
2026-03-06 18:18:25,027 INFO [runner] Instructions preview: Code Path: /home/paule/MAD
Context File: /home/paule/MAD/.mad/CONTEXT.md

You are a senior code reviewer tasked with critically evaluating an implementation.

## Feature: Add ability to create new ide...
2026-03-06 18:18:25,028 INFO Starting kilo with cmd: ['kilo', 'run', '--auto', 'Read /home/paule/MAD/.tmp/add-ability-to-create-new-ideas-from-the-server-view.instructions and follow the instructions exactly.']
2026-03-06 18:18:25,028 INFO status.feature_slug = 'add-ability-to-create-new-ideas-from-the-server-view'
2026-03-06 18:18:25,028 INFO Logging to: /home/paule/MAD/logs/kilo-add-ability-to-create-new-ideas-from-the-server-view-1772849905.log
2026-03-06 18:18:25,860 INFO [auto-impl] Skipping - implementation already in progress
2026-03-06 18:18:30,272 INFO [auto-plan] Checking boards: ['mad']
2026-03-06 18:18:30,276 INFO [auto-plan] mad: plan-inbox=0, reviewing-plan=0
2026-03-06 18:18:30,276 INFO [auto-impl] Skipping - implementation already in progress
2026-03-06 18:18:35,865 INFO [auto-impl] Skipping - implementation already in progress
2026-03-06 18:18:40,254 INFO [auto-plan] Checking boards: ['mad']
2026-03-06 18:18:40,254 INFO [auto-plan] mad: plan-inbox=0, reviewing-plan=0
2026-03-06 18:18:40,254 INFO [auto-impl] Skipping - implementation already in progress
2026-03-06 18:18:45,860 INFO [auto-impl] Skipping - implementation already in progress
2026-03-06 18:18:50,256 INFO [auto-plan] Checking boards: ['mad']
2026-03-06 18:18:50,257 INFO [auto-plan] mad: plan-inbox=0, reviewing-plan=0
2026-03-06 18:18:50,257 INFO [auto-impl] Skipping - implementation already in progress
2026-03-06 18:18:55,867 INFO [auto-impl] Skipping - implementation already in progress
2026-03-06 18:18:57,220 WARNING [git] Commit failed: Command '['git', 'add', '-A', '.mad/boards/', '.mad/logs/']' returned non-zero exit status 1.
2026-03-06 18:18:57,221 INFO Implementation done. Feature moved to testing.
2026-03-06 18:18:57,230 INFO [bold blue]Writing Tests:[/bold blue] Seasonal Events (Phase 6d)
2026-03-06 18:18:57,235 INFO [runner] Wrote instructions for 'seasonal-events': 5036 chars
2026-03-06 18:18:57,235 INFO [runner] Instructions preview: Code Path: /home/paule/chicken-tracking/chickentracks.app
Context File: /home/paule/chicken-tracking/chickentracks.app/.mad/CONTEXT.md

Write tests for the following implemented feature.

Feature: Sea...
2026-03-06 18:18:57,235 INFO Starting claude with cmd: ['claude', '-p', 'Read /home/paule/chicken-tracking/chickentracks.app/.tmp/seasonal-events.instructions and follow the instructions exactly.', '--dangerously-skip-permissions']
2026-03-06 18:18:57,235 INFO status.feature_slug = 'seasonal-events'
2026-03-06 18:18:57,235 INFO Logging to: /home/paule/chicken-tracking/chickentracks.app/logs/claude-seasonal-events-1772849937.log
2026-03-06 18:19:00,258 INFO [auto-plan] Checking boards: ['mad']
2026-03-06 18:19:00,258 INFO [auto-plan] mad: plan-inbox=0, reviewing-plan=0
2026-03-06 18:19:00,259 INFO [auto-impl] Skipping - implementation already in progress
2026-03-06 18:19:05,883 INFO [auto-impl] Skipping - implementation already in progress
2026-03-06 18:19:10,256 INFO [auto-plan] Checking boards: ['mad']
2026-03-06 18:19:10,256 INFO [auto-plan] mad: plan-inbox=0, reviewing-plan=0
2026-03-06 18:19:10,256 INFO [auto-impl] Skipping - implementation already in progress
2026-03-06 18:19:15,869 INFO [auto-impl] Skipping - implementation already in progress
2026-03-06 18:19:20,254 INFO [auto-plan] Checking boards: ['mad']
2026-03-06 18:19:20,254 INFO [auto-plan] mad: plan-inbox=0, reviewing-plan=0
2026-03-06 18:19:20,254 INFO [auto-impl] Skipping - implementation already in progress
2026-03-06 18:19:25,859 INFO [auto-impl] Skipping - implementation already in progress
2026-03-06 18:19:30,255 INFO [auto-plan] Checking boards: ['mad']
2026-03-06 18:19:30,256 INFO [auto-plan] mad: plan-inbox=0, reviewing-plan=0
2026-03-06 18:19:30,256 INFO [auto-impl] Skipping - implementation already in progress
2026-03-06 18:19:35,865 INFO [auto-impl] Skipping - implementation already in progress
2026-03-06 18:19:39,675 INFO Review verdict: PASS
2026-03-06 18:19:39,675 INFO Review feedback: Let me read the key files to assess the implementation:
Now let me check the FeatureFile.create meth...
2026-03-06 18:19:39,676 INFO Review PASSED. Feature moved to final-human-approval.
2026-03-06 18:19:40,267 INFO [auto-plan] Checking boards: ['mad']
2026-03-06 18:19:40,272 INFO [auto-plan] mad: plan-inbox=0, reviewing-plan=0
2026-03-06 18:19:40,272 INFO [auto-impl] Checking boards: ['mad']
2026-03-06 18:19:40,272 INFO [auto-impl] Board 'mad', stage 'review': 0 features
2026-03-06 18:19:40,272 INFO [auto-impl] Board 'mad', stage 'testing': 0 features
2026-03-06 18:19:40,272 INFO [auto-impl] Board 'mad', stage 'implementing': 0 features
2026-03-06 18:19:40,272 INFO [auto-impl] Board 'mad', stage 'spec-writing': 1 features
2026-03-06 18:19:40,272 INFO [auto-impl] Starting: Add ability to "move" items from the MAD webapp (spec-writing)
2026-03-06 18:19:40,571 INFO [bold blue]Spec Writing:[/bold blue] Add ability to "move" items from the MAD webapp
2026-03-06 18:19:40,583 INFO [spec-writing] Starting: Add ability to "move" items from the MAD webapp
2026-03-06 18:19:40,764 INFO Agent A: Generating implementation spec...
2026-03-06 18:19:40,833 INFO [runner] Wrote instructions for 'add-ability-to-move-items-from-the-mad-webapp': 4140 chars
2026-03-06 18:19:40,833 INFO [runner] Instructions preview: Code Path: /home/paule/MAD
Context File: /home/paule/MAD/.mad/CONTEXT.md

You are an implementer breaking down a feature plan into concrete coding tasks.

Feature: Add ability to "move" items from the...
2026-03-06 18:19:40,834 INFO Starting claude with cmd: ['claude', '-p', 'Read /home/paule/MAD/.tmp/add-ability-to-move-items-from-the-mad-webapp.instructions and follow the instructions exactly.', '--dangerously-skip-permissions']
2026-03-06 18:19:40,834 INFO status.feature_slug = 'add-ability-to-move-items-from-the-mad-webapp'
2026-03-06 18:19:40,834 INFO Logging to: /home/paule/MAD/logs/claude-add-ability-to-move-items-from-the-mad-webapp-1772849980.log
2026-03-06 18:19:45,859 INFO [auto-impl] Skipping - implementation already in progress
2026-03-06 18:19:50,264 INFO [auto-plan] Checking boards: ['mad']
2026-03-06 18:19:50,269 INFO [auto-plan] mad: plan-inbox=0, reviewing-plan=0
2026-03-06 18:19:50,269 INFO [auto-impl] Skipping - implementation already in progress
2026-03-06 18:19:55,862 INFO [auto-impl] Skipping - implementation already in progress
2026-03-06 18:20:00,251 INFO [auto-plan] Checking boards: ['mad']
2026-03-06 18:20:00,251 INFO [auto-plan] mad: plan-inbox=0, reviewing-plan=0
2026-03-06 18:20:00,251 INFO [auto-impl] Skipping - implementation already in progress
2026-03-06 18:20:05,862 INFO [auto-impl] Skipping - implementation already in progress
2026-03-06 18:20:15,858 INFO [auto-impl] Skipping - implementation already in progress
2026-03-06 18:23:17,537 INFO Connected to server as 'wsl-mad-cwd'
2026-03-06 18:23:27,293 INFO [auto-plan] Checking boards: ['mad']
2026-03-06 18:23:27,294 INFO [auto-plan] mad: plan-inbox=0, reviewing-plan=0
2026-03-06 18:23:27,294 INFO [auto-impl] Checking boards: ['mad']
2026-03-06 18:23:27,294 INFO [auto-impl] Board 'mad', stage 'review': 0 features
2026-03-06 18:23:27,294 INFO [auto-impl] Board 'mad', stage 'testing': 0 features
2026-03-06 18:23:27,294 INFO [auto-impl] Board 'mad', stage 'implementing': 0 features
2026-03-06 18:23:27,294 INFO [auto-impl] Board 'mad', stage 'spec-writing': 1 features
2026-03-06 18:23:27,295 INFO [auto-impl] Starting: Add ability to "move" items from the MAD webapp (spec-writing)
2026-03-06 18:23:27,351 INFO [bold blue]Spec Writing:[/bold blue] Add ability to "move" items from the MAD webapp
2026-03-06 18:23:27,354 INFO [spec-writing] Starting: Add ability to "move" items from the MAD webapp
2026-03-06 18:23:27,357 INFO Agent A: Generating implementation spec...
2026-03-06 18:23:27,357 INFO [runner] Wrote instructions for 'add-ability-to-move-items-from-the-mad-webapp': 4140 chars
2026-03-06 18:23:27,358 INFO [runner] Instructions preview: Code Path: /home/paule/MAD
Context File: /home/paule/MAD/.mad/CONTEXT.md

You are an implementer breaking down a feature plan into concrete coding tasks.

Feature: Add ability to "move" items from the...
2026-03-06 18:23:27,358 INFO Starting claude in cwd=/home/paule/MAD with cmd: ['claude', '-p', 'Read /home/paule/MAD/.tmp/add-ability-to-move-items-from-the-mad-webapp.instructions and follow the instructions exactly.', '--dangerously-skip-permissions']
2026-03-06 18:23:27,358 INFO status.feature_slug = 'add-ability-to-move-items-from-the-mad-webapp'
2026-03-06 18:23:27,358 INFO Logging to: /home/paule/MAD/logs/claude-add-ability-to-move-items-from-the-mad-webapp-1772850207.log
2026-03-06 18:24:43,599 INFO Connected to server as 'wsl-mad-cwd'
2026-03-06 18:24:53,357 INFO [auto-impl] Checking boards: ['mad']
2026-03-06 18:24:53,357 INFO [auto-impl] Board 'mad', stage 'review': 0 features
2026-03-06 18:24:53,358 INFO [auto-impl] Board 'mad', stage 'testing': 0 features
2026-03-06 18:24:53,358 INFO [auto-impl] Board 'mad', stage 'implementing': 0 features
2026-03-06 18:24:53,358 INFO [auto-impl] Board 'mad', stage 'spec-writing': 1 features
2026-03-06 18:24:53,358 INFO [auto-impl] Starting: Add ability to "move" items from the MAD webapp (spec-writing)
2026-03-06 18:24:53,382 INFO [bold blue]Spec Writing:[/bold blue] Add ability to "move" items from the MAD webapp
2026-03-06 18:24:53,383 INFO [spec-writing] Starting: Add ability to "move" items from the MAD webapp
2026-03-06 18:24:53,384 INFO Agent A: Generating implementation spec...
2026-03-06 18:24:53,384 INFO [runner] Wrote instructions for 'add-ability-to-move-items-from-the-mad-webapp': 4140 chars
2026-03-06 18:24:53,384 INFO [runner] Instructions preview: Code Path: /home/paule/MAD
Context File: /home/paule/MAD/.mad/CONTEXT.md

You are an implementer breaking down a feature plan into concrete coding tasks.

Feature: Add ability to "move" items from the...
2026-03-06 18:24:53,385 INFO Starting kilo in cwd=/home/paule/MAD with cmd: ['kilo', 'run', '--auto', 'Read /home/paule/MAD/.tmp/add-ability-to-move-items-from-the-mad-webapp.instructions and follow the instructions exactly.']
2026-03-06 18:24:53,385 INFO status.feature_slug = 'add-ability-to-move-items-from-the-mad-webapp'
2026-03-06 18:24:53,385 INFO Logging to: /home/paule/MAD/logs/kilo-add-ability-to-move-items-from-the-mad-webapp-1772850293.log
2026-03-06 18:25:03,356 INFO [auto-impl] Skipping - implementation already in progress
2026-03-06 18:25:13,342 INFO [auto-impl] Skipping - implementation already in progress
2026-03-06 18:25:23,341 INFO [auto-impl] Skipping - implementation already in progress
2026-03-06 18:25:33,347 INFO [auto-impl] Skipping - implementation already in progress
2026-03-06 18:25:43,342 INFO [auto-impl] Skipping - implementation already in progress
2026-03-06 18:25:53,331 INFO [auto-impl] Skipping - implementation already in progress
2026-03-06 18:26:03,331 INFO [auto-impl] Skipping - implementation already in progress
2026-03-06 18:26:13,332 INFO [auto-impl] Skipping - implementation already in progress
2026-03-06 18:26:23,335 INFO [auto-impl] Skipping - implementation already in progress
2026-03-06 18:26:33,335 INFO [auto-impl] Skipping - implementation already in progress
2026-03-06 18:26:43,337 INFO [auto-impl] Skipping - implementation already in progress
2026-03-06 18:26:53,332 INFO [auto-impl] Skipping - implementation already in progress
2026-03-06 18:27:03,337 INFO [auto-impl] Skipping - implementation already in progress
2026-03-06 18:27:13,330 INFO [auto-impl] Skipping - implementation already in progress
2026-03-06 18:27:23,334 INFO [auto-impl] Skipping - implementation already in progress
2026-03-06 18:27:33,330 INFO [auto-impl] Skipping - implementation already in progress
2026-03-06 18:27:43,333 INFO [auto-impl] Skipping - implementation already in progress
2026-03-06 18:27:53,333 INFO [auto-impl] Skipping - implementation already in progress
2026-03-06 18:28:03,329 INFO [auto-impl] Skipping - implementation already in progress
2026-03-06 18:28:13,325 INFO [auto-impl] Skipping - implementation already in progress
2026-03-06 18:28:23,326 INFO [auto-impl] Skipping - implementation already in progress
2026-03-06 18:28:33,327 INFO [auto-impl] Skipping - implementation already in progress
2026-03-06 18:28:43,323 INFO [auto-impl] Skipping - implementation already in progress
2026-03-06 18:28:50,988 INFO Agent B: Generating test spec...
2026-03-06 18:28:50,988 INFO [runner] Wrote instructions for 'add-ability-to-move-items-from-the-mad-webapp': 4605 chars
2026-03-06 18:28:50,988 INFO [runner] Instructions preview: Code Path: /home/paule/MAD
Context File: /home/paule/MAD/.mad/CONTEXT.md

You are a QA engineer writing a test specification from a feature plan.

## Feature: Add ability to "move" items from the MAD ...
2026-03-06 18:28:50,989 INFO Starting kilo in cwd=/home/paule/MAD with cmd: ['kilo', 'run', '--auto', 'Read /home/paule/MAD/.tmp/add-ability-to-move-items-from-the-mad-webapp.instructions and follow the instructions exactly.']
2026-03-06 18:28:50,989 INFO status.feature_slug = 'add-ability-to-move-items-from-the-mad-webapp'
2026-03-06 18:28:50,989 INFO Logging to: /home/paule/MAD/logs/kilo-add-ability-to-move-items-from-the-mad-webapp-1772850530.log
2026-03-06 18:28:53,332 INFO [auto-impl] Skipping - implementation already in progress
2026-03-06 18:29:03,324 INFO [auto-impl] Skipping - implementation already in progress
2026-03-06 18:29:13,327 INFO [auto-impl] Skipping - implementation already in progress
2026-03-06 18:29:23,324 INFO [auto-impl] Skipping - implementation already in progress
2026-03-06 18:29:33,321 INFO [auto-impl] Skipping - implementation already in progress
2026-03-06 18:29:43,324 INFO [auto-impl] Skipping - implementation already in progress
2026-03-06 18:29:51,056 INFO Specs generated. Feature moved to implementing.
2026-03-06 18:29:51,062 INFO [bold blue]Implementing:[/bold blue] Add ability to "move" items from the MAD webapp
2026-03-06 18:29:51,062 INFO [implementing] Starting: Add ability to "move" items from the MAD webapp
2026-03-06 18:29:51,063 INFO [runner] Wrote instructions for 'add-ability-to-move-items-from-the-mad-webapp': 6663 chars
2026-03-06 18:29:51,063 INFO [runner] Instructions preview: Code Path: /home/paule/MAD
Context File: /home/paule/MAD/.mad/CONTEXT.md

Implement the following feature.

Feature: Add ability to "move" items from the MAD webapp

Plan:
# Plan: Add Ability to "Move...
2026-03-06 18:29:51,064 INFO Starting kilo in cwd=/home/paule/MAD with cmd: ['kilo', 'run', '--auto', 'Read /home/paule/MAD/.tmp/add-ability-to-move-items-from-the-mad-webapp.instructions and follow the instructions exactly.']
2026-03-06 18:29:51,064 INFO status.feature_slug = 'add-ability-to-move-items-from-the-mad-webapp'
2026-03-06 18:29:51,064 INFO Logging to: /home/paule/MAD/logs/kilo-add-ability-to-move-items-from-the-mad-webapp-1772850591.log
2026-03-06 18:29:53,327 INFO [auto-impl] Skipping - implementation already in progress
2026-03-06 18:30:03,316 INFO [auto-impl] Skipping - implementation already in progress
2026-03-06 18:30:13,316 INFO [auto-impl] Skipping - implementation already in progress
2026-03-06 18:30:23,317 INFO [auto-impl] Skipping - implementation already in progress
2026-03-06 18:30:33,311 INFO [auto-impl] Skipping - implementation already in progress
2026-03-06 18:30:43,316 INFO [auto-impl] Skipping - implementation already in progress
2026-03-06 18:30:53,309 INFO [auto-impl] Skipping - implementation already in progress
2026-03-06 18:31:03,310 INFO [auto-impl] Skipping - implementation already in progress
2026-03-06 18:31:13,320 INFO [auto-impl] Skipping - implementation already in progress
2026-03-06 18:31:23,304 INFO [auto-impl] Skipping - implementation already in progress
2026-03-06 18:31:26,483 WARNING [git] Commit failed: Command '['git', 'add', '-A', '.mad/boards/', '.mad/logs/']' returned non-zero exit status 1.
2026-03-06 18:31:26,483 INFO Implementation done. Feature moved to testing.
2026-03-06 18:31:26,490 INFO [bold blue]Writing Tests:[/bold blue] Add ability to "move" items from the MAD webapp
2026-03-06 18:31:26,491 INFO [runner] Wrote instructions for 'add-ability-to-move-items-from-the-mad-webapp': 1724 chars
2026-03-06 18:31:26,491 INFO [runner] Instructions preview: Code Path: /home/paule/MAD
Context File: /home/paule/MAD/.mad/CONTEXT.md

Write tests for the following implemented feature.

Feature: Add ability to "move" items from the MAD webapp

Test Spec (behav...
2026-03-06 18:31:26,492 INFO Starting kilo in cwd=/home/paule/MAD with cmd: ['kilo', 'run', '--auto', 'Read /home/paule/MAD/.tmp/add-ability-to-move-items-from-the-mad-webapp.instructions and follow the instructions exactly.']
2026-03-06 18:31:26,492 INFO status.feature_slug = 'add-ability-to-move-items-from-the-mad-webapp'
2026-03-06 18:31:26,492 INFO Logging to: /home/paule/MAD/logs/kilo-add-ability-to-move-items-from-the-mad-webapp-1772850686.log
2026-03-06 18:31:33,324 INFO [auto-impl] Skipping - implementation already in progress
2026-03-06 18:31:43,305 INFO [auto-impl] Skipping - implementation already in progress
2026-03-06 18:31:53,310 INFO [auto-impl] Skipping - implementation already in progress
2026-03-06 18:32:03,309 INFO [auto-impl] Skipping - implementation already in progress
2026-03-06 18:32:13,309 INFO [auto-impl] Skipping - implementation already in progress
2026-03-06 18:32:23,302 INFO [auto-impl] Skipping - implementation already in progress
2026-03-06 18:32:33,296 INFO [auto-impl] Skipping - implementation already in progress
2026-03-06 18:32:43,304 INFO [auto-impl] Skipping - implementation already in progress
2026-03-06 18:32:53,292 INFO [auto-impl] Skipping - implementation already in progress
2026-03-06 18:33:03,300 INFO [auto-impl] Skipping - implementation already in progress
2026-03-06 18:33:13,300 INFO [auto-impl] Skipping - implementation already in progress
2026-03-06 18:33:23,294 INFO [auto-impl] Skipping - implementation already in progress
2026-03-06 18:33:33,289 INFO [auto-impl] Skipping - implementation already in progress
2026-03-06 18:33:43,294 INFO [auto-impl] Skipping - implementation already in progress
2026-03-06 18:33:53,286 INFO [auto-impl] Skipping - implementation already in progress
2026-03-06 18:34:03,284 INFO [auto-impl] Skipping - implementation already in progress
2026-03-06 18:34:13,285 INFO [auto-impl] Skipping - implementation already in progress
2026-03-06 18:34:23,278 INFO [auto-impl] Skipping - implementation already in progress
2026-03-06 18:34:33,278 INFO [auto-impl] Skipping - implementation already in progress
2026-03-06 18:34:43,278 INFO [auto-impl] Skipping - implementation already in progress
2026-03-06 18:34:53,272 INFO [auto-impl] Skipping - implementation already in progress
2026-03-06 18:35:03,273 INFO [auto-impl] Skipping - implementation already in progress
2026-03-06 18:35:13,272 INFO [auto-impl] Skipping - implementation already in progress
2026-03-06 18:35:23,265 INFO [auto-impl] Skipping - implementation already in progress
2026-03-06 18:35:33,266 INFO [auto-impl] Skipping - implementation already in progress
2026-03-06 18:35:43,271 INFO [auto-impl] Skipping - implementation already in progress
2026-03-06 18:35:53,270 INFO [auto-impl] Skipping - implementation already in progress
2026-03-06 18:36:03,266 INFO [auto-impl] Skipping - implementation already in progress
2026-03-06 18:36:13,267 INFO [auto-impl] Skipping - implementation already in progress
2026-03-06 18:36:23,264 INFO [auto-impl] Skipping - implementation already in progress
2026-03-06 18:36:33,260 INFO [auto-impl] Skipping - implementation already in progress
2026-03-06 18:36:43,258 INFO [auto-impl] Skipping - implementation already in progress
2026-03-06 18:36:53,251 INFO [auto-impl] Skipping - implementation already in progress
2026-03-06 18:37:03,256 INFO [auto-impl] Skipping - implementation already in progress
2026-03-06 18:37:13,257 INFO [auto-impl] Skipping - implementation already in progress
2026-03-06 18:37:23,252 INFO [auto-impl] Skipping - implementation already in progress
2026-03-06 18:37:33,247 INFO [auto-impl] Skipping - implementation already in progress
2026-03-06 18:37:43,245 INFO [auto-impl] Skipping - implementation already in progress
2026-03-06 18:37:53,244 INFO [auto-impl] Skipping - implementation already in progress
2026-03-06 18:38:03,241 INFO [auto-impl] Skipping - implementation already in progress
2026-03-06 18:38:13,244 INFO [auto-impl] Skipping - implementation already in progress
2026-03-06 18:38:16,854 WARNING [runner] No log activity for 410s. Agent may be stuck. Feature: add-ability-to-move-items-from-the-mad-webapp, cwd: /home/paule/MAD
2026-03-06 18:38:17,147 INFO Tests written. Feature moved to review.
2026-03-06 18:38:17,148 INFO [bold blue]Reviewing:[/bold blue] Add ability to "move" items from the MAD webapp
2026-03-06 18:38:17,154 INFO [runner] Wrote instructions for 'add-ability-to-move-items-from-the-mad-webapp': 7560 chars
2026-03-06 18:38:17,154 INFO [runner] Instructions preview: Code Path: /home/paule/MAD
Context File: /home/paule/MAD/.mad/CONTEXT.md

You are a senior code reviewer tasked with critically evaluating an implementation.

## Feature: Add ability to "move" items f...
2026-03-06 18:38:17,154 INFO Starting kilo in cwd=/home/paule/MAD with cmd: ['kilo', 'run', '--auto', 'Read /home/paule/MAD/.tmp/add-ability-to-move-items-from-the-mad-webapp.instructions and follow the instructions exactly.']
2026-03-06 18:38:17,155 INFO status.feature_slug = 'add-ability-to-move-items-from-the-mad-webapp'
2026-03-06 18:38:17,155 INFO Logging to: /home/paule/MAD/logs/kilo-add-ability-to-move-items-from-the-mad-webapp-1772851097.log
2026-03-06 18:38:23,253 INFO [auto-impl] Skipping - implementation already in progress
2026-03-06 18:38:33,236 INFO [auto-impl] Skipping - implementation already in progress
2026-03-06 18:38:43,236 INFO [auto-impl] Skipping - implementation already in progress
2026-03-06 18:38:53,234 INFO [auto-impl] Skipping - implementation already in progress
2026-03-06 18:39:03,236 INFO [auto-impl] Skipping - implementation already in progress
2026-03-06 18:39:13,232 INFO [auto-impl] Skipping - implementation already in progress
2026-03-06 18:39:23,229 INFO [auto-impl] Skipping - implementation already in progress
2026-03-06 18:39:33,221 INFO [auto-impl] Skipping - implementation already in progress
2026-03-06 18:39:43,222 INFO [auto-impl] Skipping - implementation already in progress
2026-03-06 18:39:53,223 INFO [auto-impl] Skipping - implementation already in progress
2026-03-06 18:40:03,225 INFO [auto-impl] Skipping - implementation already in progress
2026-03-06 18:40:13,226 INFO [auto-impl] Skipping - implementation already in progress
2026-03-06 18:40:23,213 INFO [auto-impl] Skipping - implementation already in progress
2026-03-06 18:40:33,213 INFO [auto-impl] Skipping - implementation already in progress
2026-03-06 18:40:43,214 INFO [auto-impl] Skipping - implementation already in progress
2026-03-06 18:40:53,205 INFO [auto-impl] Skipping - implementation already in progress
2026-03-06 18:41:03,206 INFO [auto-impl] Skipping - implementation already in progress
2026-03-06 18:41:13,206 INFO [auto-impl] Skipping - implementation already in progress
2026-03-06 18:41:23,206 INFO [auto-impl] Skipping - implementation already in progress
2026-03-06 18:41:31,491 INFO Review verdict: PASS
2026-03-06 18:41:31,491 INFO Review feedback: VERDICT: PASS
2026-03-06 18:41:31,493 INFO Review PASSED. Feature moved to final-human-approval.
2026-03-06 18:41:33,220 INFO [auto-impl] Checking boards: ['mad']
2026-03-06 18:41:33,223 INFO [auto-impl] Board 'mad', stage 'review': 0 features
2026-03-06 18:41:33,223 INFO [auto-impl] Board 'mad', stage 'testing': 0 features
2026-03-06 18:41:33,223 INFO [auto-impl] Board 'mad', stage 'implementing': 0 features
2026-03-06 18:41:33,223 INFO [auto-impl] Board 'mad', stage 'spec-writing': 0 features
2026-03-06 18:41:33,223 INFO [auto-impl] Board 'mad', stage 'approved': 1 features
2026-03-06 18:41:33,223 INFO [auto-impl] Starting: slimmer-item-details (approved)
2026-03-06 18:41:33,444 INFO [bold blue]Spec Writing:[/bold blue] slimmer-item-details
2026-03-06 18:41:33,454 INFO [spec-writing] Starting: slimmer-item-details
2026-03-06 18:41:33,527 INFO Agent A: Generating implementation spec...
2026-03-06 18:41:33,533 INFO [runner] Wrote instructions for 'slimmer-item-details': 5026 chars
2026-03-06 18:41:33,533 INFO [runner] Instructions preview: Code Path: /home/paule/MAD
Context File: /home/paule/MAD/.mad/CONTEXT.md

You are an implementer breaking down a feature plan into concrete coding tasks.

Feature: slimmer-item-details

Plan:
## Imple...
2026-03-06 18:41:33,533 INFO Starting kilo in cwd=/home/paule/MAD with cmd: ['kilo', 'run', '--auto', 'Read /home/paule/MAD/.tmp/slimmer-item-details.instructions and follow the instructions exactly.']
2026-03-06 18:41:33,533 INFO status.feature_slug = 'slimmer-item-details'
2026-03-06 18:41:33,534 INFO Logging to: /home/paule/MAD/logs/kilo-slimmer-item-details-1772851293.log
2026-03-06 18:41:43,217 INFO [auto-impl] Skipping - implementation already in progress
2026-03-06 18:41:53,198 INFO [auto-impl] Skipping - implementation already in progress
2026-03-06 18:42:03,194 INFO [auto-impl] Skipping - implementation already in progress
2026-03-06 18:42:13,194 INFO [auto-impl] Skipping - implementation already in progress
2026-03-06 18:42:23,187 INFO [auto-impl] Skipping - implementation already in progress
2026-03-06 18:42:33,191 INFO [auto-impl] Skipping - implementation already in progress
2026-03-06 18:42:43,187 INFO [auto-impl] Skipping - implementation already in progress
2026-03-06 18:42:53,181 INFO [auto-impl] Skipping - implementation already in progress
2026-03-06 18:43:03,185 INFO [auto-impl] Skipping - implementation already in progress
2026-03-06 18:43:13,186 INFO [auto-impl] Skipping - implementation already in progress
2026-03-06 18:43:23,177 INFO [auto-impl] Skipping - implementation already in progress
2026-03-06 18:43:33,184 INFO [auto-impl] Skipping - implementation already in progress
2026-03-06 18:43:43,180 INFO [auto-impl] Skipping - implementation already in progress
2026-03-06 18:43:53,177 INFO [auto-impl] Skipping - implementation already in progress
2026-03-06 18:44:03,181 INFO [auto-impl] Skipping - implementation already in progress
2026-03-06 18:44:13,179 INFO [auto-impl] Skipping - implementation already in progress
2026-03-06 18:44:23,172 INFO [auto-impl] Skipping - implementation already in progress
2026-03-06 18:44:33,166 INFO [auto-impl] Skipping - implementation already in progress
2026-03-06 18:44:43,168 INFO [auto-impl] Skipping - implementation already in progress
2026-03-06 18:44:53,166 INFO [auto-impl] Skipping - implementation already in progress
2026-03-06 18:45:03,167 INFO [auto-impl] Skipping - implementation already in progress
2026-03-06 18:45:13,167 INFO [auto-impl] Skipping - implementation already in progress
2026-03-06 18:45:23,164 INFO [auto-impl] Skipping - implementation already in progress
2026-03-06 18:45:33,163 INFO [auto-impl] Skipping - implementation already in progress
2026-03-06 18:45:43,158 INFO [auto-impl] Skipping - implementation already in progress
2026-03-06 18:45:53,161 INFO [auto-impl] Skipping - implementation already in progress
2026-03-06 18:46:03,159 INFO [auto-impl] Skipping - implementation already in progress
2026-03-06 18:46:13,155 INFO [auto-impl] Skipping - implementation already in progress
2026-03-06 18:46:23,151 INFO [auto-impl] Skipping - implementation already in progress
2026-03-06 18:46:33,151 INFO [auto-impl] Skipping - implementation already in progress
2026-03-06 18:46:43,157 INFO [auto-impl] Skipping - implementation already in progress
2026-03-06 18:46:53,149 INFO [auto-impl] Skipping - implementation already in progress
2026-03-06 18:47:03,142 INFO [auto-impl] Skipping - implementation already in progress
2026-03-06 18:47:13,146 INFO [auto-impl] Skipping - implementation already in progress
2026-03-06 18:47:23,140 INFO [auto-impl] Skipping - implementation already in progress
2026-03-06 18:47:33,143 INFO [auto-impl] Skipping - implementation already in progress
2026-03-06 18:47:43,140 INFO [auto-impl] Skipping - implementation already in progress
2026-03-06 18:47:53,135 INFO [auto-impl] Skipping - implementation already in progress
2026-03-06 18:48:03,137 INFO [auto-impl] Skipping - implementation already in progress
2026-03-06 18:48:13,129 INFO [auto-impl] Skipping - implementation already in progress
2026-03-06 18:48:23,126 INFO [auto-impl] Skipping - implementation already in progress
2026-03-06 18:48:33,125 INFO [auto-impl] Skipping - implementation already in progress
2026-03-06 18:48:43,128 INFO [auto-impl] Skipping - implementation already in progress
2026-03-06 18:48:53,124 INFO [auto-impl] Skipping - implementation already in progress
2026-03-06 18:49:03,124 INFO [auto-impl] Skipping - implementation already in progress
2026-03-06 18:49:13,119 INFO [auto-impl] Skipping - implementation already in progress
2026-03-06 18:49:23,122 INFO [auto-impl] Skipping - implementation already in progress
2026-03-06 18:49:33,120 INFO [auto-impl] Skipping - implementation already in progress
2026-03-06 18:49:43,124 INFO [auto-impl] Skipping - implementation already in progress
2026-03-06 18:49:53,108 INFO [auto-impl] Skipping - implementation already in progress
2026-03-06 18:50:03,109 INFO [auto-impl] Skipping - implementation already in progress
2026-03-06 18:50:13,102 INFO [auto-impl] Skipping - implementation already in progress
2026-03-06 18:50:23,106 INFO [auto-impl] Skipping - implementation already in progress
2026-03-06 18:50:33,108 INFO [auto-impl] Skipping - implementation already in progress
2026-03-06 18:50:43,106 INFO [auto-impl] Skipping - implementation already in progress
2026-03-06 18:50:53,101 INFO [auto-impl] Skipping - implementation already in progress
2026-03-06 18:51:03,102 INFO [auto-impl] Skipping - implementation already in progress
2026-03-06 18:51:13,098 INFO [auto-impl] Skipping - implementation already in progress
2026-03-06 18:51:23,097 INFO [auto-impl] Skipping - implementation already in progress
2026-03-06 18:51:33,094 INFO [auto-impl] Skipping - implementation already in progress
2026-03-06 18:51:43,094 INFO [auto-impl] Skipping - implementation already in progress
2026-03-06 18:51:53,084 INFO [auto-impl] Skipping - implementation already in progress
2026-03-06 18:52:03,084 INFO [auto-impl] Skipping - implementation already in progress
2026-03-06 18:52:13,086 INFO [auto-impl] Skipping - implementation already in progress
2026-03-06 18:52:23,084 INFO [auto-impl] Skipping - implementation already in progress
2026-03-06 18:52:33,087 INFO [auto-impl] Skipping - implementation already in progress
2026-03-06 18:52:43,085 INFO [auto-impl] Skipping - implementation already in progress
2026-03-06 18:52:53,079 INFO [auto-impl] Skipping - implementation already in progress
2026-03-06 18:53:03,079 INFO [auto-impl] Skipping - implementation already in progress
2026-03-06 18:53:13,079 INFO [auto-impl] Skipping - implementation already in progress
2026-03-06 18:53:23,068 INFO [auto-impl] Skipping - implementation already in progress
2026-03-06 18:53:33,072 INFO [auto-impl] Skipping - implementation already in progress
2026-03-06 18:53:43,068 INFO [auto-impl] Skipping - implementation already in progress
2026-03-06 18:53:53,065 INFO [auto-impl] Skipping - implementation already in progress
2026-03-06 18:54:03,065 INFO [auto-impl] Skipping - implementation already in progress
2026-03-06 18:54:08,985 WARNING [runner] No log activity for 755s. Agent may be stuck. Feature: slimmer-item-details, cwd: /home/paule/MAD
2026-03-06 18:54:09,302 INFO Agent B: Generating test spec...
2026-03-06 18:54:09,303 INFO [runner] Wrote instructions for 'slimmer-item-details': 5491 chars
2026-03-06 18:54:09,303 INFO [runner] Instructions preview: Code Path: /home/paule/MAD
Context File: /home/paule/MAD/.mad/CONTEXT.md

You are a QA engineer writing a test specification from a feature plan.

## Feature: slimmer-item-details

### Plan:
## Implem...
2026-03-06 18:54:09,303 INFO Starting kilo in cwd=/home/paule/MAD with cmd: ['kilo', 'run', '--auto', 'Read /home/paule/MAD/.tmp/slimmer-item-details.instructions and follow the instructions exactly.']
2026-03-06 18:54:09,304 INFO status.feature_slug = 'slimmer-item-details'
2026-03-06 18:54:09,304 INFO Logging to: /home/paule/MAD/logs/kilo-slimmer-item-details-1772852049.log
2026-03-06 18:54:13,083 INFO [auto-impl] Skipping - implementation already in progress
2026-03-06 18:54:23,062 INFO [auto-impl] Skipping - implementation already in progress
2026-03-06 18:54:33,067 INFO [auto-impl] Skipping - implementation already in progress
2026-03-06 18:54:43,066 INFO [auto-impl] Skipping - implementation already in progress
2026-03-06 18:54:53,058 INFO [auto-impl] Skipping - implementation already in progress
2026-03-06 18:55:03,058 INFO [auto-impl] Skipping - implementation already in progress
2026-03-06 18:55:13,058 INFO [auto-impl] Skipping - implementation already in progress
2026-03-06 18:55:23,053 INFO [auto-impl] Skipping - implementation already in progress
2026-03-06 18:55:33,053 INFO [auto-impl] Skipping - implementation already in progress
2026-03-06 18:55:43,053 INFO [auto-impl] Skipping - implementation already in progress
2026-03-06 18:55:53,051 INFO [auto-impl] Skipping - implementation already in progress
2026-03-06 18:56:03,051 INFO [auto-impl] Skipping - implementation already in progress
2026-03-06 18:56:07,743 INFO Specs generated. Feature moved to implementing.
2026-03-06 18:56:07,753 INFO [bold blue]Implementing:[/bold blue] slimmer-item-details
2026-03-06 18:56:07,753 INFO [implementing] Starting: slimmer-item-details
2026-03-06 18:56:07,755 INFO [runner] Wrote instructions for 'slimmer-item-details': 14315 chars
2026-03-06 18:56:07,755 INFO [runner] Instructions preview: Code Path: /home/paule/MAD
Context File: /home/paule/MAD/.mad/CONTEXT.md

Implement the following feature.

Feature: slimmer-item-details

Plan:
## Implementation Plan: Slirmer Item Details with Colla...
2026-03-06 18:56:07,755 INFO Starting kilo in cwd=/home/paule/MAD with cmd: ['kilo', 'run', '--auto', 'Read /home/paule/MAD/.tmp/slimmer-item-details.instructions and follow the instructions exactly.']
2026-03-06 18:56:07,755 INFO status.feature_slug = 'slimmer-item-details'
2026-03-06 18:56:07,755 INFO Logging to: /home/paule/MAD/logs/kilo-slimmer-item-details-1772852167.log
2026-03-06 18:56:13,064 INFO [auto-impl] Skipping - implementation already in progress
2026-03-06 18:56:23,047 INFO [auto-impl] Skipping - implementation already in progress
2026-03-06 18:56:33,047 INFO [auto-impl] Skipping - implementation already in progress
2026-03-06 18:56:43,047 INFO [auto-impl] Skipping - implementation already in progress
2026-03-06 18:56:53,036 INFO [auto-impl] Skipping - implementation already in progress
2026-03-06 18:57:03,043 INFO [auto-impl] Skipping - implementation already in progress
2026-03-06 18:57:13,036 INFO [auto-impl] Skipping - implementation already in progress
2026-03-06 18:57:23,037 INFO [auto-impl] Skipping - implementation already in progress
2026-03-06 18:57:33,031 INFO [auto-impl] Skipping - implementation already in progress
2026-03-06 18:57:43,031 INFO [auto-impl] Skipping - implementation already in progress
2026-03-06 18:57:53,034 INFO [auto-impl] Skipping - implementation already in progress
2026-03-06 18:58:03,031 INFO [auto-impl] Skipping - implementation already in progress
2026-03-06 18:58:13,035 INFO [auto-impl] Skipping - implementation already in progress
2026-03-06 18:58:23,033 INFO [auto-impl] Skipping - implementation already in progress
2026-03-06 18:58:33,027 INFO [auto-impl] Skipping - implementation already in progress
2026-03-06 18:58:43,027 INFO [auto-impl] Skipping - implementation already in progress
2026-03-06 18:58:53,030 INFO [auto-impl] Skipping - implementation already in progress
2026-03-06 18:59:03,029 INFO [auto-impl] Skipping - implementation already in progress
2026-03-06 18:59:13,024 INFO [auto-impl] Skipping - implementation already in progress
2026-03-06 18:59:23,025 INFO [auto-impl] Skipping - implementation already in progress
2026-03-06 18:59:33,030 INFO [auto-impl] Skipping - implementation already in progress
2026-03-06 18:59:43,023 INFO [auto-impl] Skipping - implementation already in progress
2026-03-06 18:59:53,022 INFO [auto-impl] Skipping - implementation already in progress
2026-03-06 19:00:03,024 INFO [auto-impl] Skipping - implementation already in progress
2026-03-06 19:00:13,024 INFO [auto-impl] Skipping - implementation already in progress
2026-03-06 19:00:23,020 INFO [auto-impl] Skipping - implementation already in progress
2026-03-06 19:00:33,024 INFO [auto-impl] Skipping - implementation already in progress
2026-03-06 19:00:43,022 INFO [auto-impl] Skipping - implementation already in progress
2026-03-06 19:00:53,017 INFO [auto-impl] Skipping - implementation already in progress
2026-03-06 19:01:03,018 INFO [auto-impl] Skipping - implementation already in progress
2026-03-06 19:01:13,017 INFO [auto-impl] Skipping - implementation already in progress
2026-03-06 19:01:23,009 INFO [auto-impl] Skipping - implementation already in progress
2026-03-06 19:01:33,009 INFO [auto-impl] Skipping - implementation already in progress
2026-03-06 19:01:43,009 INFO [auto-impl] Skipping - implementation already in progress
2026-03-06 19:01:53,004 INFO [auto-impl] Skipping - implementation already in progress
2026-03-06 19:02:03,012 INFO [auto-impl] Skipping - implementation already in progress
2026-03-06 19:02:13,007 INFO [auto-impl] Skipping - implementation already in progress
2026-03-06 19:02:23,002 INFO [auto-impl] Skipping - implementation already in progress
2026-03-06 19:02:33,007 INFO [auto-impl] Skipping - implementation already in progress
2026-03-06 19:02:43,006 INFO [auto-impl] Skipping - implementation already in progress
2026-03-06 19:02:53,000 INFO [auto-impl] Skipping - implementation already in progress
2026-03-06 19:03:03,005 INFO [auto-impl] Skipping - implementation already in progress
2026-03-06 19:03:13,007 INFO [auto-impl] Skipping - implementation already in progress
2026-03-06 19:03:22,997 INFO [auto-impl] Skipping - implementation already in progress
2026-03-06 19:03:33,000 INFO [auto-impl] Skipping - implementation already in progress
2026-03-06 19:03:43,005 INFO [auto-impl] Skipping - implementation already in progress
2026-03-06 19:03:52,998 INFO [auto-impl] Skipping - implementation already in progress
2026-03-06 19:04:02,994 INFO [auto-impl] Skipping - implementation already in progress
2026-03-06 19:04:12,998 INFO [auto-impl] Skipping - implementation already in progress
2026-03-06 19:04:22,993 INFO [auto-impl] Skipping - implementation already in progress
2026-03-06 19:04:32,993 INFO [auto-impl] Skipping - implementation already in progress
2026-03-06 19:04:42,994 INFO [auto-impl] Skipping - implementation already in progress
2026-03-06 19:04:47,342 WARNING [runner] No log activity for 519s. Agent may be stuck. Feature: slimmer-item-details, cwd: /home/paule/MAD
2026-03-06 19:04:47,715 WARNING [git] Commit failed: Command '['git', 'add', '-A', '.mad/boards/', '.mad/logs/']' returned non-zero exit status 1.
2026-03-06 19:04:47,715 INFO Implementation done. Feature moved to testing.
2026-03-06 19:04:47,729 INFO [bold blue]Writing Tests:[/bold blue] slimmer-item-details
2026-03-06 19:04:47,731 INFO [runner] Wrote instructions for 'slimmer-item-details': 2162 chars
2026-03-06 19:04:47,731 INFO [runner] Instructions preview: Code Path: /home/paule/MAD
Context File: /home/paule/MAD/.mad/CONTEXT.md

Write tests for the following implemented feature.

Feature: slimmer-item-details

Test Spec (behaviors to verify):
Test speci...
2026-03-06 19:04:47,731 INFO Starting kilo in cwd=/home/paule/MAD with cmd: ['kilo', 'run', '--auto', 'Read /home/paule/MAD/.tmp/slimmer-item-details.instructions and follow the instructions exactly.']
2026-03-06 19:04:47,731 INFO status.feature_slug = 'slimmer-item-details'
2026-03-06 19:04:47,731 INFO Logging to: /home/paule/MAD/logs/kilo-slimmer-item-details-1772852687.log
2026-03-06 19:04:53,004 INFO [auto-impl] Skipping - implementation already in progress
2026-03-06 19:05:02,990 INFO [auto-impl] Skipping - implementation already in progress
2026-03-06 19:05:12,992 INFO [auto-impl] Skipping - implementation already in progress
2026-03-06 19:05:22,989 INFO [auto-impl] Skipping - implementation already in progress
2026-03-06 19:05:32,992 INFO [auto-impl] Skipping - implementation already in progress
2026-03-06 19:05:42,984 INFO [auto-impl] Skipping - implementation already in progress
2026-03-06 19:05:52,988 INFO [auto-impl] Skipping - implementation already in progress
2026-03-06 19:06:02,988 INFO [auto-impl] Skipping - implementation already in progress
2026-03-06 19:06:12,980 INFO [auto-impl] Skipping - implementation already in progress
2026-03-06 19:06:22,970 INFO [auto-impl] Skipping - implementation already in progress
2026-03-06 19:06:32,975 INFO [auto-impl] Skipping - implementation already in progress
2026-03-06 19:06:42,977 INFO [auto-impl] Skipping - implementation already in progress
2026-03-06 19:06:52,971 INFO [auto-impl] Skipping - implementation already in progress
2026-03-06 19:07:02,970 INFO [auto-impl] Skipping - implementation already in progress
2026-03-06 19:07:12,970 INFO [auto-impl] Skipping - implementation already in progress
2026-03-06 19:07:22,958 INFO [auto-impl] Skipping - implementation already in progress
2026-03-06 19:07:32,957 INFO [auto-impl] Skipping - implementation already in progress
2026-03-06 19:07:42,958 INFO [auto-impl] Skipping - implementation already in progress
2026-03-06 19:07:52,958 INFO [auto-impl] Skipping - implementation already in progress
2026-03-06 19:08:02,962 INFO [auto-impl] Skipping - implementation already in progress
2026-03-06 19:08:12,960 INFO [auto-impl] Skipping - implementation already in progress
2026-03-06 19:08:22,949 INFO [auto-impl] Skipping - implementation already in progress
2026-03-06 19:08:32,950 INFO [auto-impl] Skipping - implementation already in progress
2026-03-06 19:08:42,949 INFO [auto-impl] Skipping - implementation already in progress
2026-03-06 19:08:52,948 INFO [auto-impl] Skipping - implementation already in progress
2026-03-06 19:09:02,943 INFO [auto-impl] Skipping - implementation already in progress
2026-03-06 19:09:12,949 INFO [auto-impl] Skipping - implementation already in progress
2026-03-06 19:09:22,941 INFO [auto-impl] Skipping - implementation already in progress
2026-03-06 19:09:32,946 INFO [auto-impl] Skipping - implementation already in progress
2026-03-06 19:09:42,941 INFO [auto-impl] Skipping - implementation already in progress
2026-03-06 19:09:52,938 INFO [auto-impl] Skipping - implementation already in progress
2026-03-06 19:10:02,937 INFO [auto-impl] Skipping - implementation already in progress
2026-03-06 19:10:12,939 INFO [auto-impl] Skipping - implementation already in progress
2026-03-06 19:10:22,932 INFO [auto-impl] Skipping - implementation already in progress
2026-03-06 19:10:32,932 INFO [auto-impl] Skipping - implementation already in progress
2026-03-06 19:10:42,939 INFO [auto-impl] Skipping - implementation already in progress
2026-03-06 19:10:52,933 INFO [auto-impl] Skipping - implementation already in progress
2026-03-06 19:11:02,932 INFO [auto-impl] Skipping - implementation already in progress
2026-03-06 19:11:12,925 INFO [auto-impl] Skipping - implementation already in progress
2026-03-06 19:11:22,923 INFO [auto-impl] Skipping - implementation already in progress
2026-03-06 19:11:32,927 INFO [auto-impl] Skipping - implementation already in progress
2026-03-06 19:11:42,926 INFO [auto-impl] Skipping - implementation already in progress
2026-03-06 19:11:52,921 INFO [auto-impl] Skipping - implementation already in progress
2026-03-06 19:12:02,913 INFO [auto-impl] Skipping - implementation already in progress
2026-03-06 19:12:12,919 INFO [auto-impl] Skipping - implementation already in progress
2026-03-06 19:12:22,908 INFO [auto-impl] Skipping - implementation already in progress
2026-03-06 19:12:32,911 INFO [auto-impl] Skipping - implementation already in progress
2026-03-06 19:12:42,909 INFO [auto-impl] Skipping - implementation already in progress
2026-03-06 19:12:52,899 INFO [auto-impl] Skipping - implementation already in progress
2026-03-06 19:13:02,899 INFO [auto-impl] Skipping - implementation already in progress
2026-03-06 19:13:12,899 INFO [auto-impl] Skipping - implementation already in progress
2026-03-06 19:13:22,893 INFO [auto-impl] Skipping - implementation already in progress
2026-03-06 19:13:32,893 INFO [auto-impl] Skipping - implementation already in progress
2026-03-06 19:13:42,893 INFO [auto-impl] Skipping - implementation already in progress
2026-03-06 19:13:52,887 INFO [auto-impl] Skipping - implementation already in progress
2026-03-06 19:14:02,887 INFO [auto-impl] Skipping - implementation already in progress
2026-03-06 19:14:12,887 INFO [auto-impl] Skipping - implementation already in progress
2026-03-06 19:14:22,882 INFO [auto-impl] Skipping - implementation already in progress
2026-03-06 19:14:32,882 INFO [auto-impl] Skipping - implementation already in progress
2026-03-06 19:14:42,882 INFO [auto-impl] Skipping - implementation already in progress
2026-03-06 19:14:52,877 INFO [auto-impl] Skipping - implementation already in progress
2026-03-06 19:15:02,879 INFO [auto-impl] Skipping - implementation already in progress
2026-03-06 19:15:12,879 INFO [auto-impl] Skipping - implementation already in progress
2026-03-06 19:15:22,873 INFO [auto-impl] Skipping - implementation already in progress
2026-03-06 19:15:32,873 INFO [auto-impl] Skipping - implementation already in progress
2026-03-06 19:15:42,873 INFO [auto-impl] Skipping - implementation already in progress
2026-03-06 19:15:52,867 INFO [auto-impl] Skipping - implementation already in progress
2026-03-06 19:16:02,866 INFO [auto-impl] Skipping - implementation already in progress
2026-03-06 19:16:12,867 INFO [auto-impl] Skipping - implementation already in progress
2026-03-06 19:16:22,863 INFO [auto-impl] Skipping - implementation already in progress
2026-03-06 19:16:32,861 INFO [auto-impl] Skipping - implementation already in progress
2026-03-06 19:16:42,863 INFO [auto-impl] Skipping - implementation already in progress
2026-03-06 19:16:52,857 INFO [auto-impl] Skipping - implementation already in progress
2026-03-06 19:17:02,857 INFO [auto-impl] Skipping - implementation already in progress
2026-03-06 19:17:12,857 INFO [auto-impl] Skipping - implementation already in progress
2026-03-06 19:17:22,852 INFO [auto-impl] Skipping - implementation already in progress
2026-03-06 19:17:32,853 INFO [auto-impl] Skipping - implementation already in progress
2026-03-06 19:17:42,852 INFO [auto-impl] Skipping - implementation already in progress
2026-03-06 19:17:52,846 INFO [auto-impl] Skipping - implementation already in progress
2026-03-06 19:18:02,845 INFO [auto-impl] Skipping - implementation already in progress
2026-03-06 19:18:12,845 INFO [auto-impl] Skipping - implementation already in progress
2026-03-06 19:18:22,840 INFO [auto-impl] Skipping - implementation already in progress
2026-03-06 19:18:32,841 INFO [auto-impl] Skipping - implementation already in progress
2026-03-06 19:18:42,841 INFO [auto-impl] Skipping - implementation already in progress
2026-03-06 19:18:52,836 INFO [auto-impl] Skipping - implementation already in progress
2026-03-06 19:19:02,835 INFO [auto-impl] Skipping - implementation already in progress
2026-03-06 19:19:12,836 INFO [auto-impl] Skipping - implementation already in progress
2026-03-06 19:19:22,831 INFO [auto-impl] Skipping - implementation already in progress
2026-03-06 19:19:32,831 INFO [auto-impl] Skipping - implementation already in progress
2026-03-06 19:19:42,832 INFO [auto-impl] Skipping - implementation already in progress
2026-03-06 19:19:52,828 INFO [auto-impl] Skipping - implementation already in progress
2026-03-06 19:20:02,826 INFO [auto-impl] Skipping - implementation already in progress
2026-03-06 19:20:12,826 INFO [auto-impl] Skipping - implementation already in progress
2026-03-06 19:20:22,821 INFO [auto-impl] Skipping - implementation already in progress
2026-03-06 19:20:32,821 INFO [auto-impl] Skipping - implementation already in progress
2026-03-06 19:20:42,821 INFO [auto-impl] Skipping - implementation already in progress
2026-03-06 19:20:52,816 INFO [auto-impl] Skipping - implementation already in progress
2026-03-06 19:21:02,817 INFO [auto-impl] Skipping - implementation already in progress
2026-03-06 19:21:12,817 INFO [auto-impl] Skipping - implementation already in progress
2026-03-06 19:21:22,813 INFO [auto-impl] Skipping - implementation already in progress
2026-03-06 19:21:32,813 INFO [auto-impl] Skipping - implementation already in progress
2026-03-06 19:21:42,814 INFO [auto-impl] Skipping - implementation already in progress
2026-03-06 19:21:52,808 INFO [auto-impl] Skipping - implementation already in progress
2026-03-06 19:22:02,807 INFO [auto-impl] Skipping - implementation already in progress
2026-03-06 19:22:12,809 INFO [auto-impl] Skipping - implementation already in progress
2026-03-06 19:22:22,803 INFO [auto-impl] Skipping - implementation already in progress
2026-03-06 19:22:32,803 INFO [auto-impl] Skipping - implementation already in progress
2026-03-06 19:22:42,804 INFO [auto-impl] Skipping - implementation already in progress
2026-03-06 19:22:52,800 INFO [auto-impl] Skipping - implementation already in progress
2026-03-06 19:23:02,813 INFO [auto-impl] Skipping - implementation already in progress
2026-03-06 19:23:12,801 INFO [auto-impl] Skipping - implementation already in progress
2026-03-06 19:23:22,796 INFO [auto-impl] Skipping - implementation already in progress
2026-03-06 19:23:32,796 INFO [auto-impl] Skipping - implementation already in progress
2026-03-06 19:23:42,798 INFO [auto-impl] Skipping - implementation already in progress
2026-03-06 19:23:52,803 INFO [auto-impl] Skipping - implementation already in progress
2026-03-06 19:24:02,792 INFO [auto-impl] Skipping - implementation already in progress
2026-03-06 19:24:12,804 INFO [auto-impl] Skipping - implementation already in progress
2026-03-06 19:24:22,789 INFO [auto-impl] Skipping - implementation already in progress
2026-03-06 19:24:32,788 INFO [auto-impl] Skipping - implementation already in progress
2026-03-06 19:24:42,790 INFO [auto-impl] Skipping - implementation already in progress
2026-03-06 19:24:52,795 INFO [auto-impl] Skipping - implementation already in progress
2026-03-06 19:25:02,788 INFO [auto-impl] Skipping - implementation already in progress
2026-03-06 19:25:12,786 INFO [auto-impl] Skipping - implementation already in progress
2026-03-06 19:25:22,783 INFO [auto-impl] Skipping - implementation already in progress
2026-03-06 19:25:32,784 INFO [auto-impl] Skipping - implementation already in progress
2026-03-06 19:25:42,783 INFO [auto-impl] Skipping - implementation already in progress
2026-03-06 19:25:52,779 INFO [auto-impl] Skipping - implementation already in progress
2026-03-06 19:26:02,780 INFO [auto-impl] Skipping - implementation already in progress
2026-03-06 19:26:12,779 INFO [auto-impl] Skipping - implementation already in progress
2026-03-06 19:26:22,776 INFO [auto-impl] Skipping - implementation already in progress
2026-03-06 19:26:32,776 INFO [auto-impl] Skipping - implementation already in progress
2026-03-06 19:26:42,775 INFO [auto-impl] Skipping - implementation already in progress
2026-03-06 19:26:52,774 INFO [auto-impl] Skipping - implementation already in progress
2026-03-06 19:27:02,773 INFO [auto-impl] Skipping - implementation already in progress
2026-03-06 19:27:12,773 INFO [auto-impl] Skipping - implementation already in progress
2026-03-06 19:27:22,770 INFO [auto-impl] Skipping - implementation already in progress
2026-03-06 19:27:32,771 INFO [auto-impl] Skipping - implementation already in progress
2026-03-06 19:27:42,770 INFO [auto-impl] Skipping - implementation already in progress
2026-03-06 19:27:52,767 INFO [auto-impl] Skipping - implementation already in progress
2026-03-06 19:28:02,767 INFO [auto-impl] Skipping - implementation already in progress
2026-03-06 19:28:12,767 INFO [auto-impl] Skipping - implementation already in progress
2026-03-06 19:28:22,764 INFO [auto-impl] Skipping - implementation already in progress
2026-03-06 19:28:32,764 INFO [auto-impl] Skipping - implementation already in progress
2026-03-06 19:28:42,764 INFO [auto-impl] Skipping - implementation already in progress
2026-03-06 19:28:52,761 INFO [auto-impl] Skipping - implementation already in progress
2026-03-06 19:29:02,765 INFO [auto-impl] Skipping - implementation already in progress
2026-03-06 19:29:12,761 INFO [auto-impl] Skipping - implementation already in progress
2026-03-06 19:29:22,758 INFO [auto-impl] Skipping - implementation already in progress
2026-03-06 19:29:32,757 INFO [auto-impl] Skipping - implementation already in progress
2026-03-06 19:29:42,758 INFO [auto-impl] Skipping - implementation already in progress
2026-03-06 19:29:52,756 INFO [auto-impl] Skipping - implementation already in progress
2026-03-06 19:30:02,756 INFO [auto-impl] Skipping - implementation already in progress
2026-03-06 19:30:12,756 INFO [auto-impl] Skipping - implementation already in progress
2026-03-06 19:30:22,754 INFO [auto-impl] Skipping - implementation already in progress
2026-03-06 19:30:32,753 INFO [auto-impl] Skipping - implementation already in progress
2026-03-06 19:30:42,754 INFO [auto-impl] Skipping - implementation already in progress
2026-03-06 19:30:52,750 INFO [auto-impl] Skipping - implementation already in progress
2026-03-06 19:31:02,750 INFO [auto-impl] Skipping - implementation already in progress
2026-03-06 19:31:12,753 INFO [auto-impl] Skipping - implementation already in progress
2026-03-06 19:31:22,747 INFO [auto-impl] Skipping - implementation already in progress
2026-03-06 19:31:32,747 INFO [auto-impl] Skipping - implementation already in progress
2026-03-06 19:31:42,749 INFO [auto-impl] Skipping - implementation already in progress
2026-03-06 19:31:52,744 INFO [auto-impl] Skipping - implementation already in progress
2026-03-06 19:32:02,745 INFO [auto-impl] Skipping - implementation already in progress
2026-03-06 19:32:12,745 INFO [auto-impl] Skipping - implementation already in progress
2026-03-06 19:32:22,740 INFO [auto-impl] Skipping - implementation already in progress
2026-03-06 19:32:32,741 INFO [auto-impl] Skipping - implementation already in progress
2026-03-06 19:32:42,741 INFO [auto-impl] Skipping - implementation already in progress
2026-03-06 19:32:52,738 INFO [auto-impl] Skipping - implementation already in progress
2026-03-06 19:33:02,738 INFO [auto-impl] Skipping - implementation already in progress
2026-03-06 19:33:12,739 INFO [auto-impl] Skipping - implementation already in progress
2026-03-06 19:33:22,736 INFO [auto-impl] Skipping - implementation already in progress
2026-03-06 19:33:32,736 INFO [auto-impl] Skipping - implementation already in progress
2026-03-06 19:33:42,737 INFO [auto-impl] Skipping - implementation already in progress
2026-03-06 19:33:52,733 INFO [auto-impl] Skipping - implementation already in progress
2026-03-06 19:34:02,733 INFO [auto-impl] Skipping - implementation already in progress
2026-03-06 19:34:12,733 INFO [auto-impl] Skipping - implementation already in progress
2026-03-06 19:34:22,732 INFO [auto-impl] Skipping - implementation already in progress
2026-03-06 19:34:32,731 INFO [auto-impl] Skipping - implementation already in progress
2026-03-06 19:34:42,730 INFO [auto-impl] Skipping - implementation already in progress
2026-03-06 19:34:52,729 INFO [auto-impl] Skipping - implementation already in progress
2026-03-06 19:35:02,728 INFO [auto-impl] Skipping - implementation already in progress
2026-03-06 19:35:12,728 INFO [auto-impl] Skipping - implementation already in progress
2026-03-06 19:35:22,727 INFO [auto-impl] Skipping - implementation already in progress
2026-03-06 19:35:32,726 INFO [auto-impl] Skipping - implementation already in progress
2026-03-06 19:35:42,726 INFO [auto-impl] Skipping - implementation already in progress
2026-03-06 19:35:52,724 INFO [auto-impl] Skipping - implementation already in progress
2026-03-06 19:36:02,724 INFO [auto-impl] Skipping - implementation already in progress
2026-03-06 19:36:12,724 INFO [auto-impl] Skipping - implementation already in progress
2026-03-06 19:36:22,723 INFO [auto-impl] Skipping - implementation already in progress
2026-03-06 19:36:32,723 INFO [auto-impl] Skipping - implementation already in progress
2026-03-06 19:36:42,723 INFO [auto-impl] Skipping - implementation already in progress
2026-03-06 19:36:52,720 INFO [auto-impl] Skipping - implementation already in progress
2026-03-06 19:37:02,720 INFO [auto-impl] Skipping - implementation already in progress
2026-03-06 19:37:12,720 INFO [auto-impl] Skipping - implementation already in progress
2026-03-06 19:37:22,720 INFO [auto-impl] Skipping - implementation already in progress
2026-03-06 19:37:32,718 INFO [auto-impl] Skipping - implementation already in progress
2026-03-06 19:37:42,718 INFO [auto-impl] Skipping - implementation already in progress
2026-03-06 19:37:52,716 INFO [auto-impl] Skipping - implementation already in progress
2026-03-06 19:38:02,716 INFO [auto-impl] Skipping - implementation already in progress
2026-03-06 19:38:12,716 INFO [auto-impl] Skipping - implementation already in progress
2026-03-06 19:38:22,714 INFO [auto-impl] Skipping - implementation already in progress
2026-03-06 19:38:29,782 WARNING Error handling create_idea: The `call_from_thread` method must run in a different thread from the app
2026-03-06 19:38:32,714 INFO [auto-impl] Skipping - implementation already in progress
2026-03-06 19:38:42,714 INFO [auto-impl] Skipping - implementation already in progress
2026-03-06 19:38:52,712 INFO [auto-impl] Skipping - implementation already in progress
2026-03-06 19:39:02,713 INFO [auto-impl] Skipping - implementation already in progress
2026-03-06 19:39:12,713 INFO [auto-impl] Skipping - implementation already in progress
2026-03-06 19:39:22,797 INFO [auto-impl] Skipping - implementation already in progress
2026-03-06 19:39:32,710 INFO [auto-impl] Skipping - implementation already in progress
2026-03-06 19:39:42,710 INFO [auto-impl] Skipping - implementation already in progress
2026-03-06 19:39:52,708 INFO [auto-impl] Skipping - implementation already in progress
2026-03-06 19:40:02,708 INFO [auto-impl] Skipping - implementation already in progress
2026-03-06 19:40:12,708 INFO [auto-impl] Skipping - implementation already in progress
2026-03-06 19:40:22,706 INFO [auto-impl] Skipping - implementation already in progress
2026-03-06 19:40:32,705 INFO [auto-impl] Skipping - implementation already in progress
2026-03-06 19:40:42,705 INFO [auto-impl] Skipping - implementation already in progress
2026-03-06 19:40:52,704 INFO [auto-impl] Skipping - implementation already in progress
2026-03-06 19:41:02,704 INFO [auto-impl] Skipping - implementation already in progress
2026-03-06 19:41:12,704 INFO [auto-impl] Skipping - implementation already in progress
2026-03-06 19:41:22,701 INFO [auto-impl] Skipping - implementation already in progress
2026-03-06 19:41:32,718 INFO [auto-impl] Skipping - implementation already in progress
2026-03-06 19:41:42,702 INFO [auto-impl] Skipping - implementation already in progress
2026-03-06 19:41:52,699 INFO [auto-impl] Skipping - implementation already in progress
2026-03-06 19:42:02,700 INFO [auto-impl] Skipping - implementation already in progress
2026-03-06 19:42:12,699 INFO [auto-impl] Skipping - implementation already in progress
2026-03-06 19:42:22,696 INFO [auto-impl] Skipping - implementation already in progress
2026-03-06 19:42:32,697 INFO [auto-impl] Skipping - implementation already in progress
2026-03-06 19:42:42,697 INFO [auto-impl] Skipping - implementation already in progress
2026-03-06 19:42:52,696 INFO [auto-impl] Skipping - implementation already in progress
2026-03-06 19:43:02,695 INFO [auto-impl] Skipping - implementation already in progress
2026-03-06 19:43:12,695 INFO [auto-impl] Skipping - implementation already in progress
2026-03-06 19:43:22,698 INFO [auto-impl] Skipping - implementation already in progress
2026-03-06 19:43:32,694 INFO [auto-impl] Skipping - implementation already in progress
2026-03-06 19:43:42,694 INFO [auto-impl] Skipping - implementation already in progress
2026-03-06 19:43:52,691 INFO [auto-impl] Skipping - implementation already in progress
2026-03-06 19:44:02,692 INFO [auto-impl] Skipping - implementation already in progress
2026-03-06 19:44:12,692 INFO [auto-impl] Skipping - implementation already in progress
2026-03-06 19:44:22,690 INFO [auto-impl] Skipping - implementation already in progress
2026-03-06 19:44:32,690 INFO [auto-impl] Skipping - implementation already in progress
2026-03-06 19:44:42,690 INFO [auto-impl] Skipping - implementation already in progress
2026-03-06 19:44:52,688 INFO [auto-impl] Skipping - implementation already in progress
2026-03-06 19:45:02,688 INFO [auto-impl] Skipping - implementation already in progress
2026-03-06 19:45:12,687 INFO [auto-impl] Skipping - implementation already in progress
2026-03-06 19:45:22,698 INFO [auto-impl] Skipping - implementation already in progress
2026-03-06 19:45:32,685 INFO [auto-impl] Skipping - implementation already in progress
2026-03-06 19:45:42,685 INFO [auto-impl] Skipping - implementation already in progress
2026-03-06 19:45:52,683 INFO [auto-impl] Skipping - implementation already in progress
2026-03-06 19:46:02,683 INFO [auto-impl] Skipping - implementation already in progress
2026-03-06 19:46:12,683 INFO [auto-impl] Skipping - implementation already in progress
2026-03-06 19:46:22,681 INFO [auto-impl] Skipping - implementation already in progress
2026-03-06 19:46:32,681 INFO [auto-impl] Skipping - implementation already in progress
2026-03-06 19:46:42,681 INFO [auto-impl] Skipping - implementation already in progress
2026-03-06 19:46:52,678 INFO [auto-impl] Skipping - implementation already in progress
2026-03-06 19:47:02,680 INFO [auto-impl] Skipping - implementation already in progress
2026-03-06 19:47:12,679 INFO [auto-impl] Skipping - implementation already in progress
2026-03-06 19:47:22,676 INFO [auto-impl] Skipping - implementation already in progress
2026-03-06 19:47:32,676 INFO [auto-impl] Skipping - implementation already in progress
2026-03-06 19:47:42,674 INFO [auto-impl] Skipping - implementation already in progress
2026-03-06 19:47:52,674 INFO [auto-impl] Skipping - implementation already in progress
2026-03-06 19:48:02,674 INFO [auto-impl] Skipping - implementation already in progress
2026-03-06 19:48:12,674 INFO [auto-impl] Skipping - implementation already in progress
2026-03-06 19:48:22,673 INFO [auto-impl] Skipping - implementation already in progress
2026-03-06 19:48:32,685 INFO [auto-impl] Skipping - implementation already in progress
2026-03-06 19:48:42,673 INFO [auto-impl] Skipping - implementation already in progress
2026-03-06 19:48:52,671 INFO [auto-impl] Skipping - implementation already in progress
2026-03-06 19:49:02,670 INFO [auto-impl] Skipping - implementation already in progress
2026-03-06 19:49:12,671 INFO [auto-impl] Skipping - implementation already in progress
2026-03-06 19:49:22,668 INFO [auto-impl] Skipping - implementation already in progress
2026-03-06 19:49:32,668 INFO [auto-impl] Skipping - implementation already in progress
2026-03-06 19:49:42,669 INFO [auto-impl] Skipping - implementation already in progress
2026-03-06 19:49:52,667 INFO [auto-impl] Skipping - implementation already in progress
2026-03-06 19:50:02,667 INFO [auto-impl] Skipping - implementation already in progress
2026-03-06 19:50:12,667 INFO [auto-impl] Skipping - implementation already in progress
2026-03-06 19:50:22,666 INFO [auto-impl] Skipping - implementation already in progress
2026-03-06 19:50:32,664 INFO [auto-impl] Skipping - implementation already in progress
2026-03-06 19:50:42,664 INFO [auto-impl] Skipping - implementation already in progress
2026-03-06 19:50:52,663 INFO [auto-impl] Skipping - implementation already in progress
2026-03-06 19:51:02,664 INFO [auto-impl] Skipping - implementation already in progress
2026-03-06 19:51:12,662 INFO [auto-impl] Skipping - implementation already in progress
2026-03-06 19:51:22,661 INFO [auto-impl] Skipping - implementation already in progress
2026-03-06 19:51:32,660 INFO [auto-impl] Skipping - implementation already in progress
2026-03-06 19:51:42,662 INFO [auto-impl] Skipping - implementation already in progress
2026-03-06 19:51:52,659 INFO [auto-impl] Skipping - implementation already in progress
2026-03-06 19:52:02,659 INFO [auto-impl] Skipping - implementation already in progress
2026-03-06 19:52:12,658 INFO [auto-impl] Skipping - implementation already in progress
2026-03-06 19:52:22,657 INFO [auto-impl] Skipping - implementation already in progress
2026-03-06 19:52:32,657 INFO [auto-impl] Skipping - implementation already in progress
2026-03-06 19:52:42,660 INFO [auto-impl] Skipping - implementation already in progress
2026-03-06 19:52:52,654 INFO [auto-impl] Skipping - implementation already in progress
2026-03-06 19:53:02,655 INFO [auto-impl] Skipping - implementation already in progress
2026-03-06 19:53:12,654 INFO [auto-impl] Skipping - implementation already in progress
2026-03-06 19:53:22,652 INFO [auto-impl] Skipping - implementation already in progress
2026-03-06 19:53:32,652 INFO [auto-impl] Skipping - implementation already in progress
2026-03-06 19:53:42,652 INFO [auto-impl] Skipping - implementation already in progress
2026-03-06 19:53:52,655 INFO [auto-impl] Skipping - implementation already in progress
2026-03-06 19:54:02,652 INFO [auto-impl] Skipping - implementation already in progress
2026-03-06 19:54:12,651 INFO [auto-impl] Skipping - implementation already in progress
2026-03-06 19:54:22,650 INFO [auto-impl] Skipping - implementation already in progress
2026-03-06 19:54:32,649 INFO [auto-impl] Skipping - implementation already in progress
2026-03-06 19:54:42,649 INFO [auto-impl] Skipping - implementation already in progress
2026-03-06 19:54:52,646 INFO [auto-impl] Skipping - implementation already in progress
2026-03-06 19:55:02,648 INFO [auto-impl] Skipping - implementation already in progress
2026-03-06 19:55:12,645 INFO [auto-impl] Skipping - implementation already in progress
2026-03-06 19:55:22,645 INFO [auto-impl] Skipping - implementation already in progress
2026-03-06 19:55:32,646 INFO [auto-impl] Skipping - implementation already in progress
2026-03-06 19:55:42,645 INFO [auto-impl] Skipping - implementation already in progress
2026-03-06 19:55:52,643 INFO [auto-impl] Skipping - implementation already in progress
2026-03-06 19:56:02,643 INFO [auto-impl] Skipping - implementation already in progress
2026-03-06 19:56:12,643 INFO [auto-impl] Skipping - implementation already in progress
2026-03-06 19:56:22,641 INFO [auto-impl] Skipping - implementation already in progress
2026-03-06 19:56:32,640 INFO [auto-impl] Skipping - implementation already in progress
2026-03-06 19:56:42,641 INFO [auto-impl] Skipping - implementation already in progress
2026-03-06 19:56:52,637 INFO [auto-impl] Skipping - implementation already in progress
2026-03-06 19:57:02,636 INFO [auto-impl] Skipping - implementation already in progress
2026-03-06 19:57:12,636 INFO [auto-impl] Skipping - implementation already in progress
2026-03-06 19:57:22,638 INFO [auto-impl] Skipping - implementation already in progress
2026-03-06 19:57:32,637 INFO [auto-impl] Skipping - implementation already in progress
2026-03-06 19:57:42,636 INFO [auto-impl] Skipping - implementation already in progress
2026-03-06 19:57:52,661 INFO [auto-impl] Skipping - implementation already in progress
2026-03-06 19:58:02,632 INFO [auto-impl] Skipping - implementation already in progress
2026-03-06 19:58:12,631 INFO [auto-impl] Skipping - implementation already in progress
2026-03-06 19:58:22,630 INFO [auto-impl] Skipping - implementation already in progress
2026-03-06 19:58:32,628 INFO [auto-impl] Skipping - implementation already in progress
2026-03-06 19:58:42,629 INFO [auto-impl] Skipping - implementation already in progress
2026-03-06 19:58:52,627 INFO [auto-impl] Skipping - implementation already in progress
2026-03-06 19:59:02,626 INFO [auto-impl] Skipping - implementation already in progress
2026-03-06 19:59:12,627 INFO [auto-impl] Skipping - implementation already in progress
2026-03-06 19:59:22,626 INFO [auto-impl] Skipping - implementation already in progress
2026-03-06 19:59:32,624 INFO [auto-impl] Skipping - implementation already in progress
2026-03-06 19:59:42,624 INFO [auto-impl] Skipping - implementation already in progress
2026-03-06 19:59:52,621 INFO [auto-impl] Skipping - implementation already in progress
2026-03-06 20:00:02,622 INFO [auto-impl] Skipping - implementation already in progress
2026-03-06 20:00:12,622 INFO [auto-impl] Skipping - implementation already in progress
2026-03-06 20:00:22,619 INFO [auto-impl] Skipping - implementation already in progress
2026-03-06 20:00:32,619 INFO [auto-impl] Skipping - implementation already in progress
2026-03-06 20:00:42,620 INFO [auto-impl] Skipping - implementation already in progress
2026-03-06 20:00:52,618 INFO [auto-impl] Skipping - implementation already in progress
2026-03-06 20:01:02,618 INFO [auto-impl] Skipping - implementation already in progress
2026-03-06 20:01:12,617 INFO [auto-impl] Skipping - implementation already in progress
2026-03-06 20:01:22,615 INFO [auto-impl] Skipping - implementation already in progress
2026-03-06 20:01:32,614 INFO [auto-impl] Skipping - implementation already in progress
2026-03-06 20:01:42,614 INFO [auto-impl] Skipping - implementation already in progress
2026-03-06 20:01:52,613 INFO [auto-impl] Skipping - implementation already in progress
2026-03-06 20:02:02,613 INFO [auto-impl] Skipping - implementation already in progress
2026-03-06 20:02:12,612 INFO [auto-impl] Skipping - implementation already in progress
2026-03-06 20:02:22,610 INFO [auto-impl] Skipping - implementation already in progress
2026-03-06 20:02:32,610 INFO [auto-impl] Skipping - implementation already in progress
2026-03-06 20:02:42,610 INFO [auto-impl] Skipping - implementation already in progress
2026-03-06 20:02:52,607 INFO [auto-impl] Skipping - implementation already in progress
2026-03-06 20:03:02,608 INFO [auto-impl] Skipping - implementation already in progress
2026-03-06 20:03:12,607 INFO [auto-impl] Skipping - implementation already in progress
2026-03-06 20:03:22,606 INFO [auto-impl] Skipping - implementation already in progress
2026-03-06 20:03:32,605 INFO [auto-impl] Skipping - implementation already in progress
2026-03-06 20:03:42,606 INFO [auto-impl] Skipping - implementation already in progress
2026-03-06 20:03:52,603 INFO [auto-impl] Skipping - implementation already in progress
2026-03-06 20:04:02,605 INFO [auto-impl] Skipping - implementation already in progress
2026-03-06 20:04:12,604 INFO [auto-impl] Skipping - implementation already in progress
2026-03-06 20:04:22,600 INFO [auto-impl] Skipping - implementation already in progress
2026-03-06 20:04:32,602 INFO [auto-impl] Skipping - implementation already in progress
2026-03-06 20:04:42,601 INFO [auto-impl] Skipping - implementation already in progress
2026-03-06 20:04:52,597 INFO [auto-impl] Skipping - implementation already in progress
2026-03-06 20:05:02,596 INFO [auto-impl] Skipping - implementation already in progress
2026-03-06 20:05:12,597 INFO [auto-impl] Skipping - implementation already in progress
2026-03-06 20:05:22,596 INFO [auto-impl] Skipping - implementation already in progress
2026-03-06 20:05:32,596 INFO [auto-impl] Skipping - implementation already in progress
2026-03-06 20:05:42,601 INFO [auto-impl] Skipping - implementation already in progress
2026-03-06 20:05:52,595 INFO [auto-impl] Skipping - implementation already in progress
2026-03-06 20:06:02,594 INFO [auto-impl] Skipping - implementation already in progress
2026-03-06 20:06:12,593 INFO [auto-impl] Skipping - implementation already in progress
2026-03-06 20:06:22,592 INFO [auto-impl] Skipping - implementation already in progress
2026-03-06 20:06:32,593 INFO [auto-impl] Skipping - implementation already in progress
2026-03-06 20:06:42,592 INFO [auto-impl] Skipping - implementation already in progress
2026-03-06 20:06:52,589 INFO [auto-impl] Skipping - implementation already in progress
2026-03-06 20:07:02,589 INFO [auto-impl] Skipping - implementation already in progress
2026-03-06 20:07:12,596 INFO [auto-impl] Skipping - implementation already in progress
2026-03-06 20:07:22,588 INFO [auto-impl] Skipping - implementation already in progress
2026-03-06 20:07:32,587 INFO [auto-impl] Skipping - implementation already in progress
2026-03-06 20:07:42,592 INFO [auto-impl] Skipping - implementation already in progress
2026-03-06 20:07:52,586 INFO [auto-impl] Skipping - implementation already in progress
2026-03-06 20:08:02,585 INFO [auto-impl] Skipping - implementation already in progress
2026-03-06 20:08:12,585 INFO [auto-impl] Skipping - implementation already in progress
2026-03-06 20:08:22,585 INFO [auto-impl] Skipping - implementation already in progress
2026-03-06 20:08:32,584 INFO [auto-impl] Skipping - implementation already in progress
2026-03-06 20:08:42,583 INFO [auto-impl] Skipping - implementation already in progress
2026-03-06 20:08:52,591 INFO [auto-impl] Skipping - implementation already in progress
2026-03-06 20:09:02,581 INFO [auto-impl] Skipping - implementation already in progress
2026-03-06 20:09:12,582 INFO [auto-impl] Skipping - implementation already in progress
2026-03-06 20:09:22,582 INFO [auto-impl] Skipping - implementation already in progress
2026-03-06 20:09:32,581 INFO [auto-impl] Skipping - implementation already in progress
2026-03-06 20:09:42,580 INFO [auto-impl] Skipping - implementation already in progress
2026-03-06 20:09:52,578 INFO [auto-impl] Skipping - implementation already in progress
2026-03-06 20:10:02,578 INFO [auto-impl] Skipping - implementation already in progress
2026-03-06 20:10:12,578 INFO [auto-impl] Skipping - implementation already in progress
2026-03-06 20:10:22,575 INFO [auto-impl] Skipping - implementation already in progress
2026-03-06 20:10:32,576 INFO [auto-impl] Skipping - implementation already in progress
2026-03-06 20:10:42,581 INFO [auto-impl] Skipping - implementation already in progress
2026-03-06 20:10:52,575 INFO [auto-impl] Skipping - implementation already in progress
2026-03-06 20:11:02,573 INFO [auto-impl] Skipping - implementation already in progress
2026-03-06 20:11:12,572 INFO [auto-impl] Skipping - implementation already in progress
2026-03-06 20:11:22,571 INFO [auto-impl] Skipping - implementation already in progress
2026-03-06 20:11:32,571 INFO [auto-impl] Skipping - implementation already in progress
2026-03-06 20:11:42,572 INFO [auto-impl] Skipping - implementation already in progress
2026-03-06 20:11:52,570 INFO [auto-impl] Skipping - implementation already in progress
2026-03-06 20:12:02,570 INFO [auto-impl] Skipping - implementation already in progress
2026-03-06 20:12:12,570 INFO [auto-impl] Skipping - implementation already in progress
2026-03-06 20:12:22,567 INFO [auto-impl] Skipping - implementation already in progress
2026-03-06 20:12:32,567 INFO [auto-impl] Skipping - implementation already in progress
2026-03-06 20:12:42,567 INFO [auto-impl] Skipping - implementation already in progress
2026-03-06 20:12:52,566 INFO [auto-impl] Skipping - implementation already in progress
2026-03-06 20:13:02,567 INFO [auto-impl] Skipping - implementation already in progress
2026-03-06 20:13:12,565 INFO [auto-impl] Skipping - implementation already in progress
2026-03-06 20:13:22,563 INFO [auto-impl] Skipping - implementation already in progress
2026-03-06 20:13:32,563 INFO [auto-impl] Skipping - implementation already in progress
2026-03-06 20:13:42,564 INFO [auto-impl] Skipping - implementation already in progress
2026-03-06 20:13:52,561 INFO [auto-impl] Skipping - implementation already in progress
2026-03-06 20:14:02,561 INFO [auto-impl] Skipping - implementation already in progress
2026-03-06 20:14:12,561 INFO [auto-impl] Skipping - implementation already in progress
2026-03-06 20:14:22,559 INFO [auto-impl] Skipping - implementation already in progress
2026-03-06 20:14:32,559 INFO [auto-impl] Skipping - implementation already in progress
2026-03-06 20:14:42,559 INFO [auto-impl] Skipping - implementation already in progress
2026-03-06 20:14:52,557 INFO [auto-impl] Skipping - implementation already in progress
2026-03-06 20:15:02,557 INFO [auto-impl] Skipping - implementation already in progress
2026-03-06 20:15:12,557 INFO [auto-impl] Skipping - implementation already in progress
2026-03-06 20:15:22,555 INFO [auto-impl] Skipping - implementation already in progress
2026-03-06 20:15:32,555 INFO [auto-impl] Skipping - implementation already in progress
2026-03-06 20:15:42,556 INFO [auto-impl] Skipping - implementation already in progress
2026-03-06 20:15:52,553 INFO [auto-impl] Skipping - implementation already in progress
2026-03-06 20:16:02,554 INFO [auto-impl] Skipping - implementation already in progress
2026-03-06 20:16:12,555 INFO [auto-impl] Skipping - implementation already in progress
2026-03-06 20:16:22,551 INFO [auto-impl] Skipping - implementation already in progress
2026-03-06 20:16:32,551 INFO [auto-impl] Skipping - implementation already in progress
2026-03-06 20:16:42,552 INFO [auto-impl] Skipping - implementation already in progress
2026-03-06 20:16:52,549 INFO [auto-impl] Skipping - implementation already in progress
2026-03-06 20:17:02,549 INFO [auto-impl] Skipping - implementation already in progress
2026-03-06 20:17:12,549 INFO [auto-impl] Skipping - implementation already in progress
2026-03-06 20:17:22,548 INFO [auto-impl] Skipping - implementation already in progress
2026-03-06 20:17:32,545 INFO [auto-impl] Skipping - implementation already in progress
2026-03-06 20:17:42,547 INFO [auto-impl] Skipping - implementation already in progress
2026-03-06 20:17:52,544 INFO [auto-impl] Skipping - implementation already in progress
2026-03-06 20:18:02,544 INFO [auto-impl] Skipping - implementation already in progress
2026-03-06 20:18:12,545 INFO [auto-impl] Skipping - implementation already in progress
2026-03-06 20:18:22,544 INFO [auto-impl] Skipping - implementation already in progress
2026-03-06 20:18:32,543 INFO [auto-impl] Skipping - implementation already in progress
2026-03-06 20:18:42,543 INFO [auto-impl] Skipping - implementation already in progress
2026-03-06 20:18:52,541 INFO [auto-impl] Skipping - implementation already in progress
2026-03-06 20:19:02,601 INFO [auto-impl] Skipping - implementation already in progress
2026-03-06 20:19:12,541 INFO [auto-impl] Skipping - implementation already in progress
2026-03-06 20:19:22,539 INFO [auto-impl] Skipping - implementation already in progress
2026-03-06 20:19:32,540 INFO [auto-impl] Skipping - implementation already in progress
2026-03-06 20:19:42,540 INFO [auto-impl] Skipping - implementation already in progress
2026-03-06 20:19:52,536 INFO [auto-impl] Skipping - implementation already in progress
2026-03-06 20:20:02,542 INFO [auto-impl] Skipping - implementation already in progress
2026-03-06 20:20:12,536 INFO [auto-impl] Skipping - implementation already in progress
2026-03-06 20:20:22,535 INFO [auto-impl] Skipping - implementation already in progress
2026-03-06 20:20:32,536 INFO [auto-impl] Skipping - implementation already in progress
2026-03-06 20:20:42,535 INFO [auto-impl] Skipping - implementation already in progress
2026-03-06 20:20:52,534 INFO [auto-impl] Skipping - implementation already in progress
2026-03-06 20:21:02,534 INFO [auto-impl] Skipping - implementation already in progress
2026-03-06 20:21:12,534 INFO [auto-impl] Skipping - implementation already in progress
2026-03-06 20:21:22,532 INFO [auto-impl] Skipping - implementation already in progress
2026-03-06 20:21:32,533 INFO [auto-impl] Skipping - implementation already in progress
2026-03-06 20:21:42,531 INFO [auto-impl] Skipping - implementation already in progress
2026-03-06 20:21:52,530 INFO [auto-impl] Skipping - implementation already in progress
2026-03-06 20:22:02,530 INFO [auto-impl] Skipping - implementation already in progress
2026-03-06 20:22:12,529 INFO [auto-impl] Skipping - implementation already in progress
2026-03-06 20:22:22,528 INFO [auto-impl] Skipping - implementation already in progress
2026-03-06 20:22:32,529 INFO [auto-impl] Skipping - implementation already in progress
2026-03-06 20:22:42,528 INFO [auto-impl] Skipping - implementation already in progress
2026-03-06 20:22:52,525 INFO [auto-impl] Skipping - implementation already in progress
2026-03-06 20:23:02,525 INFO [auto-impl] Skipping - implementation already in progress
2026-03-06 20:23:12,525 INFO [auto-impl] Skipping - implementation already in progress
2026-03-06 20:23:22,524 INFO [auto-impl] Skipping - implementation already in progress
2026-03-06 20:23:32,531 INFO [auto-impl] Skipping - implementation already in progress
2026-03-06 20:23:42,524 INFO [auto-impl] Skipping - implementation already in progress
2026-03-06 20:23:52,522 INFO [auto-impl] Skipping - implementation already in progress
2026-03-06 20:24:02,521 INFO [auto-impl] Skipping - implementation already in progress
2026-03-06 20:24:12,522 INFO [auto-impl] Skipping - implementation already in progress
2026-03-06 20:24:22,521 INFO [auto-impl] Skipping - implementation already in progress
2026-03-06 20:24:32,521 INFO [auto-impl] Skipping - implementation already in progress
2026-03-06 20:24:42,520 INFO [auto-impl] Skipping - implementation already in progress
2026-03-06 20:24:52,520 INFO [auto-impl] Skipping - implementation already in progress
2026-03-06 20:25:02,518 INFO [auto-impl] Skipping - implementation already in progress
2026-03-06 20:25:12,518 INFO [auto-impl] Skipping - implementation already in progress
2026-03-06 20:25:22,516 INFO [auto-impl] Skipping - implementation already in progress
2026-03-06 20:25:32,520 INFO [auto-impl] Skipping - implementation already in progress
2026-03-06 20:25:42,516 INFO [auto-impl] Skipping - implementation already in progress
2026-03-06 20:25:52,515 INFO [auto-impl] Skipping - implementation already in progress
2026-03-06 20:26:02,514 INFO [auto-impl] Skipping - implementation already in progress
2026-03-06 20:26:12,515 INFO [auto-impl] Skipping - implementation already in progress
2026-03-06 20:26:22,512 INFO [auto-impl] Skipping - implementation already in progress
2026-03-06 20:26:32,513 INFO [auto-impl] Skipping - implementation already in progress
2026-03-06 20:26:42,512 INFO [auto-impl] Skipping - implementation already in progress
2026-03-06 20:26:52,512 INFO [auto-impl] Skipping - implementation already in progress
2026-03-06 20:27:02,512 INFO [auto-impl] Skipping - implementation already in progress
2026-03-06 20:27:12,511 INFO [auto-impl] Skipping - implementation already in progress
2026-03-06 20:27:22,508 INFO [auto-impl] Skipping - implementation already in progress
2026-03-06 20:27:32,509 INFO [auto-impl] Skipping - implementation already in progress
2026-03-06 20:27:42,510 INFO [auto-impl] Skipping - implementation already in progress
2026-03-06 20:27:52,507 INFO [auto-impl] Skipping - implementation already in progress
2026-03-06 20:28:02,506 INFO [auto-impl] Skipping - implementation already in progress
2026-03-06 20:28:12,507 INFO [auto-impl] Skipping - implementation already in progress
2026-03-06 20:28:22,504 INFO [auto-impl] Skipping - implementation already in progress
2026-03-06 20:28:32,505 INFO [auto-impl] Skipping - implementation already in progress
2026-03-06 20:28:42,504 INFO [auto-impl] Skipping - implementation already in progress
2026-03-06 20:28:52,503 INFO [auto-impl] Skipping - implementation already in progress
2026-03-06 20:29:02,503 INFO [auto-impl] Skipping - implementation already in progress
2026-03-06 20:29:12,503 INFO [auto-impl] Skipping - implementation already in progress
2026-03-06 20:29:22,501 INFO [auto-impl] Skipping - implementation already in progress
2026-03-06 20:29:32,505 INFO [auto-impl] Skipping - implementation already in progress
2026-03-06 20:29:42,501 INFO [auto-impl] Skipping - implementation already in progress
2026-03-06 20:29:52,499 INFO [auto-impl] Skipping - implementation already in progress
2026-03-06 20:30:02,499 INFO [auto-impl] Skipping - implementation already in progress
2026-03-06 20:30:12,500 INFO [auto-impl] Skipping - implementation already in progress
2026-03-06 20:30:22,494 INFO [auto-impl] Skipping - implementation already in progress
2026-03-06 20:30:32,494 INFO [auto-impl] Skipping - implementation already in progress
2026-03-06 20:30:42,493 INFO [auto-impl] Skipping - implementation already in progress
2026-03-06 20:30:52,495 INFO [auto-impl] Skipping - implementation already in progress
2026-03-06 20:31:02,495 INFO [auto-impl] Skipping - implementation already in progress
2026-03-06 20:31:12,496 INFO [auto-impl] Skipping - implementation already in progress
2026-03-06 20:31:22,494 INFO [auto-impl] Skipping - implementation already in progress
2026-03-06 20:31:32,495 INFO [auto-impl] Skipping - implementation already in progress
2026-03-06 20:31:42,494 INFO [auto-impl] Skipping - implementation already in progress
2026-03-06 20:31:52,491 INFO [auto-impl] Skipping - implementation already in progress
2026-03-06 20:32:02,491 INFO [auto-impl] Skipping - implementation already in progress
2026-03-06 20:32:12,491 INFO [auto-impl] Skipping - implementation already in progress
2026-03-06 20:32:22,489 INFO [auto-impl] Skipping - implementation already in progress
2026-03-06 20:32:32,490 INFO [auto-impl] Skipping - implementation already in progress
2026-03-06 20:32:42,490 INFO [auto-impl] Skipping - implementation already in progress
2026-03-06 20:32:52,489 INFO [auto-impl] Skipping - implementation already in progress
2026-03-06 20:33:02,488 INFO [auto-impl] Skipping - implementation already in progress
2026-03-06 20:33:12,487 INFO [auto-impl] Skipping - implementation already in progress
2026-03-06 20:33:22,486 INFO [auto-impl] Skipping - implementation already in progress
2026-03-06 20:33:32,486 INFO [auto-impl] Skipping - implementation already in progress
2026-03-06 20:33:42,485 INFO [auto-impl] Skipping - implementation already in progress
2026-03-06 20:33:52,484 INFO [auto-impl] Skipping - implementation already in progress
2026-03-06 20:34:02,484 INFO [auto-impl] Skipping - implementation already in progress
2026-03-06 20:34:12,484 INFO [auto-impl] Skipping - implementation already in progress
2026-03-06 20:34:22,482 INFO [auto-impl] Skipping - implementation already in progress
2026-03-06 20:34:32,482 INFO [auto-impl] Skipping - implementation already in progress
2026-03-06 20:34:42,483 INFO [auto-impl] Skipping - implementation already in progress
2026-03-06 20:34:52,481 INFO [auto-impl] Skipping - implementation already in progress
2026-03-06 20:35:02,480 INFO [auto-impl] Skipping - implementation already in progress
2026-03-06 20:35:12,486 INFO [auto-impl] Skipping - implementation already in progress
2026-03-06 20:35:22,478 INFO [auto-impl] Skipping - implementation already in progress
2026-03-06 20:35:32,480 INFO [auto-impl] Skipping - implementation already in progress
2026-03-06 20:35:42,479 INFO [auto-impl] Skipping - implementation already in progress
2026-03-06 20:35:52,476 INFO [auto-impl] Skipping - implementation already in progress
2026-03-06 20:36:02,476 INFO [auto-impl] Skipping - implementation already in progress
2026-03-06 20:36:12,475 INFO [auto-impl] Skipping - implementation already in progress
2026-03-06 20:36:22,474 INFO [auto-impl] Skipping - implementation already in progress
2026-03-06 20:36:32,475 INFO [auto-impl] Skipping - implementation already in progress
2026-03-06 20:36:42,474 INFO [auto-impl] Skipping - implementation already in progress
2026-03-06 20:36:52,472 INFO [auto-impl] Skipping - implementation already in progress
2026-03-06 20:37:02,473 INFO [auto-impl] Skipping - implementation already in progress
2026-03-06 20:37:12,474 INFO [auto-impl] Skipping - implementation already in progress
2026-03-06 20:37:22,471 INFO [auto-impl] Skipping - implementation already in progress
2026-03-06 20:37:32,470 INFO [auto-impl] Skipping - implementation already in progress
2026-03-06 20:37:42,473 INFO [auto-impl] Skipping - implementation already in progress
2026-03-06 20:37:52,470 INFO [auto-impl] Skipping - implementation already in progress
2026-03-06 20:38:02,468 INFO [auto-impl] Skipping - implementation already in progress
2026-03-06 20:38:12,470 INFO [auto-impl] Skipping - implementation already in progress
2026-03-06 20:38:22,467 INFO [auto-impl] Skipping - implementation already in progress
2026-03-06 20:38:32,467 INFO [auto-impl] Skipping - implementation already in progress
2026-03-06 20:38:42,466 INFO [auto-impl] Skipping - implementation already in progress
2026-03-06 20:38:52,465 INFO [auto-impl] Skipping - implementation already in progress
2026-03-06 20:39:02,465 INFO [auto-impl] Skipping - implementation already in progress
2026-03-06 20:39:12,466 INFO [auto-impl] Skipping - implementation already in progress
2026-03-06 20:39:22,464 INFO [auto-impl] Skipping - implementation already in progress
2026-03-06 20:39:32,463 INFO [auto-impl] Skipping - implementation already in progress
2026-03-06 20:39:42,463 INFO [auto-impl] Skipping - implementation already in progress
2026-03-06 20:39:52,477 INFO [auto-impl] Skipping - implementation already in progress
2026-03-06 20:40:02,462 INFO [auto-impl] Skipping - implementation already in progress
2026-03-06 20:40:12,462 INFO [auto-impl] Skipping - implementation already in progress
2026-03-06 20:40:22,462 INFO [auto-impl] Skipping - implementation already in progress
2026-03-06 20:40:32,461 INFO [auto-impl] Skipping - implementation already in progress
2026-03-06 20:40:42,461 INFO [auto-impl] Skipping - implementation already in progress
2026-03-06 20:40:52,458 INFO [auto-impl] Skipping - implementation already in progress
2026-03-06 20:41:02,458 INFO [auto-impl] Skipping - implementation already in progress
2026-03-06 20:41:12,459 INFO [auto-impl] Skipping - implementation already in progress
2026-03-06 20:41:22,456 INFO [auto-impl] Skipping - implementation already in progress
2026-03-06 20:41:32,456 INFO [auto-impl] Skipping - implementation already in progress
2026-03-06 20:41:42,456 INFO [auto-impl] Skipping - implementation already in progress
2026-03-06 20:41:52,458 INFO [auto-impl] Skipping - implementation already in progress
2026-03-06 20:42:02,454 INFO [auto-impl] Skipping - implementation already in progress
2026-03-06 20:42:12,454 INFO [auto-impl] Skipping - implementation already in progress
2026-03-06 20:42:22,462 INFO [auto-impl] Skipping - implementation already in progress
2026-03-06 20:42:32,454 INFO [auto-impl] Skipping - implementation already in progress
2026-03-06 20:42:42,453 INFO [auto-impl] Skipping - implementation already in progress
2026-03-06 20:42:52,448 INFO [auto-impl] Skipping - implementation already in progress
2026-03-06 20:43:02,448 INFO [auto-impl] Skipping - implementation already in progress
2026-03-06 20:43:12,450 INFO [auto-impl] Skipping - implementation already in progress
2026-03-06 20:43:22,450 INFO [auto-impl] Skipping - implementation already in progress
2026-03-06 20:43:32,446 INFO [auto-impl] Skipping - implementation already in progress
2026-03-06 20:43:42,445 INFO [auto-impl] Skipping - implementation already in progress
2026-03-06 20:43:52,443 INFO [auto-impl] Skipping - implementation already in progress
2026-03-06 20:44:02,443 INFO [auto-impl] Skipping - implementation already in progress
2026-03-06 20:44:12,445 INFO [auto-impl] Skipping - implementation already in progress
2026-03-06 20:44:22,440 INFO [auto-impl] Skipping - implementation already in progress
2026-03-06 20:44:37,904 INFO Connected to server as 'wsl-mad-cwd'
2026-03-06 20:44:47,472 INFO [auto-impl] Checking boards: ['mad']
2026-03-06 20:44:47,472 INFO [auto-impl] Board 'mad', stage 'review': 0 features
2026-03-06 20:44:47,473 INFO [auto-impl] Board 'mad', stage 'testing': 1 features
2026-03-06 20:44:47,473 INFO [auto-impl] Starting: slimmer-item-details (testing)
2026-03-06 20:44:47,499 INFO [bold blue]Writing Tests:[/bold blue] slimmer-item-details
2026-03-06 20:44:47,504 INFO [runner] Wrote instructions for 'slimmer-item-details': 2162 chars
2026-03-06 20:44:47,504 INFO [runner] Instructions preview: Code Path: /home/paule/MAD
Context File: /home/paule/MAD/.mad/CONTEXT.md

Write tests for the following implemented feature.

Feature: slimmer-item-details

Test Spec (behaviors to verify):
Test speci...
2026-03-06 20:44:47,505 INFO Starting kilo in cwd=/home/paule/MAD with cmd: ['kilo', 'run', '--auto', 'Read /home/paule/MAD/.tmp/slimmer-item-details.instructions and follow the instructions exactly.']
2026-03-06 20:44:47,505 INFO status.feature_slug = 'slimmer-item-details'
2026-03-06 20:44:47,506 INFO Logging to: /home/paule/MAD/logs/kilo-slimmer-item-details-1772858687.log
2026-03-06 20:44:57,467 INFO [auto-impl] Skipping - implementation already in progress
2026-03-06 20:45:07,411 INFO Server connection lost, will reconnect...
2026-03-06 20:45:07,455 INFO [auto-impl] Skipping - implementation already in progress
2026-03-06 20:45:08,695 WARNING Failed to connect to server: server rejected WebSocket connection: HTTP 502
2026-03-06 20:45:10,970 WARNING Failed to connect to server: server rejected WebSocket connection: HTTP 502
2026-03-06 20:45:15,157 WARNING Failed to connect to server: no close frame received or sent
2026-03-06 20:45:17,455 INFO [auto-impl] Skipping - implementation already in progress
2026-03-06 20:45:23,416 INFO Connected to server as 'wsl-mad-cwd'
2026-03-06 20:45:27,453 INFO [auto-impl] Skipping - implementation already in progress
2026-03-06 20:45:37,454 INFO [auto-impl] Skipping - implementation already in progress
2026-03-06 20:45:47,453 INFO [auto-impl] Skipping - implementation already in progress
2026-03-06 20:45:57,443 INFO [auto-impl] Skipping - implementation already in progress
2026-03-06 20:46:07,443 INFO [auto-impl] Skipping - implementation already in progress
2026-03-06 20:46:17,443 INFO [auto-impl] Skipping - implementation already in progress
2026-03-06 20:46:27,446 INFO [auto-impl] Skipping - implementation already in progress
2026-03-06 20:46:37,447 INFO [auto-impl] Skipping - implementation already in progress
2026-03-06 20:46:47,446 INFO [auto-impl] Skipping - implementation already in progress
2026-03-06 20:46:57,443 INFO [auto-impl] Skipping - implementation already in progress
2026-03-06 20:47:07,445 INFO [auto-impl] Skipping - implementation already in progress
2026-03-06 20:47:17,445 INFO [auto-impl] Skipping - implementation already in progress
2026-03-06 20:47:27,441 INFO [auto-impl] Skipping - implementation already in progress
2026-03-06 20:47:37,441 INFO [auto-impl] Skipping - implementation already in progress
2026-03-06 20:47:47,442 INFO [auto-impl] Skipping - implementation already in progress
2026-03-06 20:47:57,439 INFO [auto-impl] Skipping - implementation already in progress
2026-03-06 20:48:07,441 INFO [auto-impl] Skipping - implementation already in progress
2026-03-06 20:48:17,439 INFO [auto-impl] Skipping - implementation already in progress
2026-03-06 20:48:27,436 INFO [auto-impl] Skipping - implementation already in progress
2026-03-06 20:48:37,436 INFO [auto-impl] Skipping - implementation already in progress
2026-03-06 20:48:47,435 INFO [auto-impl] Skipping - implementation already in progress
2026-03-06 20:48:57,431 INFO [auto-impl] Skipping - implementation already in progress
2026-03-06 20:49:07,439 INFO [auto-impl] Skipping - implementation already in progress
2026-03-06 20:49:17,433 INFO [auto-impl] Skipping - implementation already in progress
2026-03-06 20:49:21,202 INFO Tests written. Feature moved to review.
2026-03-06 20:49:21,204 INFO [bold blue]Reviewing:[/bold blue] slimmer-item-details
2026-03-06 20:49:21,210 INFO [runner] Wrote instructions for 'slimmer-item-details': 9555 chars
2026-03-06 20:49:21,210 INFO [runner] Instructions preview: Code Path: /home/paule/MAD
Context File: /home/paule/MAD/.mad/CONTEXT.md

You are a senior code reviewer tasked with critically evaluating an implementation.

## Feature: slimmer-item-details

### Ori...
2026-03-06 20:49:21,211 INFO Starting kilo in cwd=/home/paule/MAD with cmd: ['kilo', 'run', '--auto', 'Read /home/paule/MAD/.tmp/slimmer-item-details.instructions and follow the instructions exactly.']
2026-03-06 20:49:21,211 INFO status.feature_slug = 'slimmer-item-details'
2026-03-06 20:49:21,211 INFO Logging to: /home/paule/MAD/logs/kilo-slimmer-item-details-1772858961.log
2026-03-06 20:49:27,434 INFO [auto-impl] Skipping - implementation already in progress
2026-03-06 20:49:37,422 INFO [auto-impl] Skipping - implementation already in progress
2026-03-06 20:49:47,425 INFO [auto-impl] Skipping - implementation already in progress
2026-03-06 20:49:57,428 INFO [auto-impl] Skipping - implementation already in progress
2026-03-06 20:50:07,434 INFO [auto-impl] Skipping - implementation already in progress
2026-03-06 20:50:17,251 WARNING Error handling create_idea: The `call_from_thread` method must run in a different thread from the app
2026-03-06 20:50:17,429 INFO [auto-impl] Skipping - implementation already in progress
2026-03-06 20:50:27,424 INFO [auto-impl] Skipping - implementation already in progress
2026-03-06 20:50:37,417 INFO [auto-impl] Skipping - implementation already in progress
2026-03-06 20:50:47,420 INFO [auto-impl] Skipping - implementation already in progress
2026-03-06 20:50:57,418 INFO [auto-impl] Skipping - implementation already in progress
2026-03-06 20:51:07,414 INFO [auto-impl] Skipping - implementation already in progress
2026-03-06 20:51:17,414 INFO [auto-impl] Skipping - implementation already in progress
2026-03-06 20:51:27,409 INFO [auto-impl] Skipping - implementation already in progress
2026-03-06 20:51:37,410 INFO [auto-impl] Skipping - implementation already in progress
2026-03-06 20:51:47,408 INFO [auto-impl] Skipping - implementation already in progress
2026-03-06 20:51:57,404 INFO [auto-impl] Skipping - implementation already in progress
2026-03-06 20:52:07,400 INFO [auto-impl] Skipping - implementation already in progress
2026-03-06 20:52:17,398 INFO [auto-impl] Skipping - implementation already in progress
2026-03-06 20:52:27,404 INFO [auto-impl] Skipping - implementation already in progress
2026-03-06 20:52:32,035 INFO Review verdict: PASS
2026-03-06 20:52:32,035 INFO Review feedback: Based on my review, I can confirm:

Completeness:
FeatureSummary struct in hub.go has all 4 new fiel...
2026-03-06 20:52:32,036 INFO Review PASSED. Feature moved to final-human-approval.
2026-03-06 20:52:37,426 INFO [auto-impl] Checking boards: ['mad']
2026-03-06 20:52:37,426 INFO [auto-impl] Board 'mad', stage 'review': 0 features
2026-03-06 20:52:37,426 INFO [auto-impl] Board 'mad', stage 'testing': 0 features
2026-03-06 20:52:37,427 INFO [auto-impl] Board 'mad', stage 'implementing': 0 features
2026-03-06 20:52:37,427 INFO [auto-impl] Board 'mad', stage 'spec-writing': 0 features
2026-03-06 20:52:37,427 INFO [auto-impl] Board 'mad', stage 'approved': 0 features
2026-03-06 20:52:47,403 INFO [auto-impl] Checking boards: ['mad']
2026-03-06 20:52:47,403 INFO [auto-impl] Board 'mad', stage 'review': 0 features
2026-03-06 20:52:47,403 INFO [auto-impl] Board 'mad', stage 'testing': 0 features
2026-03-06 20:52:47,403 INFO [auto-impl] Board 'mad', stage 'implementing': 0 features
2026-03-06 20:52:47,404 INFO [auto-impl] Board 'mad', stage 'spec-writing': 0 features
2026-03-06 20:52:47,404 INFO [auto-impl] Board 'mad', stage 'approved': 0 features
2026-03-06 20:52:57,395 INFO [auto-impl] Checking boards: ['mad']
2026-03-06 20:52:57,395 INFO [auto-impl] Board 'mad', stage 'review': 0 features
2026-03-06 20:52:57,395 INFO [auto-impl] Board 'mad', stage 'testing': 0 features
2026-03-06 20:52:57,395 INFO [auto-impl] Board 'mad', stage 'implementing': 0 features
2026-03-06 20:52:57,395 INFO [auto-impl] Board 'mad', stage 'spec-writing': 0 features
2026-03-06 20:52:57,396 INFO [auto-impl] Board 'mad', stage 'approved': 0 features
2026-03-06 20:53:07,395 INFO [auto-impl] Checking boards: ['mad']
2026-03-06 20:53:07,395 INFO [auto-impl] Board 'mad', stage 'review': 0 features
2026-03-06 20:53:07,396 INFO [auto-impl] Board 'mad', stage 'testing': 0 features
2026-03-06 20:53:07,396 INFO [auto-impl] Board 'mad', stage 'implementing': 0 features
2026-03-06 20:53:07,396 INFO [auto-impl] Board 'mad', stage 'spec-writing': 0 features
2026-03-06 20:53:07,396 INFO [auto-impl] Board 'mad', stage 'approved': 0 features
2026-03-06 20:53:17,400 INFO [auto-impl] Checking boards: ['mad']
2026-03-06 20:53:17,400 INFO [auto-impl] Board 'mad', stage 'review': 0 features
2026-03-06 20:53:17,400 INFO [auto-impl] Board 'mad', stage 'testing': 0 features
2026-03-06 20:53:17,400 INFO [auto-impl] Board 'mad', stage 'implementing': 0 features
2026-03-06 20:53:17,401 INFO [auto-impl] Board 'mad', stage 'spec-writing': 0 features
2026-03-06 20:53:17,401 INFO [auto-impl] Board 'mad', stage 'approved': 0 features
2026-03-06 20:53:27,389 INFO [auto-impl] Checking boards: ['mad']
2026-03-06 20:53:27,390 INFO [auto-impl] Board 'mad', stage 'review': 0 features
2026-03-06 20:53:27,390 INFO [auto-impl] Board 'mad', stage 'testing': 0 features
2026-03-06 20:53:27,390 INFO [auto-impl] Board 'mad', stage 'implementing': 0 features
2026-03-06 20:53:27,390 INFO [auto-impl] Board 'mad', stage 'spec-writing': 0 features
2026-03-06 20:53:27,390 INFO [auto-impl] Board 'mad', stage 'approved': 0 features
2026-03-06 20:53:37,390 INFO [auto-impl] Checking boards: ['mad']
2026-03-06 20:53:37,390 INFO [auto-impl] Board 'mad', stage 'review': 0 features
2026-03-06 20:53:37,390 INFO [auto-impl] Board 'mad', stage 'testing': 0 features
2026-03-06 20:53:37,391 INFO [auto-impl] Board 'mad', stage 'implementing': 0 features
2026-03-06 20:53:37,391 INFO [auto-impl] Board 'mad', stage 'spec-writing': 0 features
2026-03-06 20:53:37,391 INFO [auto-impl] Board 'mad', stage 'approved': 0 features
2026-03-06 20:53:47,392 INFO [auto-impl] Checking boards: ['mad']
2026-03-06 20:53:47,392 INFO [auto-impl] Board 'mad', stage 'review': 0 features
2026-03-06 20:53:47,392 INFO [auto-impl] Board 'mad', stage 'testing': 0 features
2026-03-06 20:53:47,392 INFO [auto-impl] Board 'mad', stage 'implementing': 0 features
2026-03-06 20:53:47,393 INFO [auto-impl] Board 'mad', stage 'spec-writing': 0 features
2026-03-06 20:53:47,393 INFO [auto-impl] Board 'mad', stage 'approved': 0 features
2026-03-06 20:53:57,388 INFO [auto-impl] Checking boards: ['mad']
2026-03-06 20:53:57,388 INFO [auto-impl] Board 'mad', stage 'review': 0 features
2026-03-06 20:53:57,388 INFO [auto-impl] Board 'mad', stage 'testing': 0 features
2026-03-06 20:53:57,389 INFO [auto-impl] Board 'mad', stage 'implementing': 0 features
2026-03-06 20:53:57,389 INFO [auto-impl] Board 'mad', stage 'spec-writing': 0 features
2026-03-06 20:53:57,389 INFO [auto-impl] Board 'mad', stage 'approved': 0 features
2026-03-06 20:54:07,384 INFO [auto-impl] Checking boards: ['mad']
2026-03-06 20:54:07,384 INFO [auto-impl] Board 'mad', stage 'review': 0 features
2026-03-06 20:54:07,384 INFO [auto-impl] Board 'mad', stage 'testing': 0 features
2026-03-06 20:54:07,384 INFO [auto-impl] Board 'mad', stage 'implementing': 0 features
2026-03-06 20:54:07,385 INFO [auto-impl] Board 'mad', stage 'spec-writing': 0 features
2026-03-06 20:54:07,385 INFO [auto-impl] Board 'mad', stage 'approved': 0 features
2026-03-06 20:54:17,384 INFO [auto-impl] Checking boards: ['mad']
2026-03-06 20:54:17,384 INFO [auto-impl] Board 'mad', stage 'review': 0 features
2026-03-06 20:54:17,384 INFO [auto-impl] Board 'mad', stage 'testing': 0 features
2026-03-06 20:54:17,384 INFO [auto-impl] Board 'mad', stage 'implementing': 0 features
2026-03-06 20:54:17,384 INFO [auto-impl] Board 'mad', stage 'spec-writing': 0 features
2026-03-06 20:54:17,384 INFO [auto-impl] Board 'mad', stage 'approved': 0 features
2026-03-06 20:54:27,381 INFO [auto-impl] Checking boards: ['mad']
2026-03-06 20:54:27,381 INFO [auto-impl] Board 'mad', stage 'review': 0 features
2026-03-06 20:54:27,382 INFO [auto-impl] Board 'mad', stage 'testing': 0 features
2026-03-06 20:54:27,382 INFO [auto-impl] Board 'mad', stage 'implementing': 0 features
2026-03-06 20:54:27,382 INFO [auto-impl] Board 'mad', stage 'spec-writing': 0 features
2026-03-06 20:54:27,382 INFO [auto-impl] Board 'mad', stage 'approved': 0 features
2026-03-06 20:54:37,381 INFO [auto-impl] Checking boards: ['mad']
2026-03-06 20:54:37,381 INFO [auto-impl] Board 'mad', stage 'review': 0 features
2026-03-06 20:54:37,382 INFO [auto-impl] Board 'mad', stage 'testing': 0 features
2026-03-06 20:54:37,382 INFO [auto-impl] Board 'mad', stage 'implementing': 0 features
2026-03-06 20:54:37,382 INFO [auto-impl] Board 'mad', stage 'spec-writing': 0 features
2026-03-06 20:54:37,382 INFO [auto-impl] Board 'mad', stage 'approved': 0 features
2026-03-06 20:54:47,384 INFO [auto-impl] Checking boards: ['mad']
2026-03-06 20:54:47,384 INFO [auto-impl] Board 'mad', stage 'review': 0 features
2026-03-06 20:54:47,384 INFO [auto-impl] Board 'mad', stage 'testing': 0 features
2026-03-06 20:54:47,385 INFO [auto-impl] Board 'mad', stage 'implementing': 0 features
2026-03-06 20:54:47,385 INFO [auto-impl] Board 'mad', stage 'spec-writing': 0 features
2026-03-06 20:54:47,385 INFO [auto-impl] Board 'mad', stage 'approved': 0 features
2026-03-06 20:54:57,381 INFO [auto-impl] Checking boards: ['mad']
2026-03-06 20:54:57,382 INFO [auto-impl] Board 'mad', stage 'review': 0 features
2026-03-06 20:54:57,383 INFO [auto-impl] Board 'mad', stage 'testing': 0 features
2026-03-06 20:54:57,384 INFO [auto-impl] Board 'mad', stage 'implementing': 0 features
2026-03-06 20:54:57,385 INFO [auto-impl] Board 'mad', stage 'spec-writing': 0 features
2026-03-06 20:54:57,386 INFO [auto-impl] Board 'mad', stage 'approved': 0 features
2026-03-06 20:55:07,382 INFO [auto-impl] Checking boards: ['mad']
2026-03-06 20:55:07,383 INFO [auto-impl] Board 'mad', stage 'review': 0 features
2026-03-06 20:55:07,384 INFO [auto-impl] Board 'mad', stage 'testing': 0 features
2026-03-06 20:55:07,384 INFO [auto-impl] Board 'mad', stage 'implementing': 0 features
2026-03-06 20:55:07,385 INFO [auto-impl] Board 'mad', stage 'spec-writing': 0 features
2026-03-06 20:55:07,385 INFO [auto-impl] Board 'mad', stage 'approved': 0 features
2026-03-06 20:55:17,378 INFO [auto-impl] Checking boards: ['mad']
2026-03-06 20:55:17,378 INFO [auto-impl] Board 'mad', stage 'review': 0 features
2026-03-06 20:55:17,378 INFO [auto-impl] Board 'mad', stage 'testing': 0 features
2026-03-06 20:55:17,379 INFO [auto-impl] Board 'mad', stage 'implementing': 0 features
2026-03-06 20:55:17,379 INFO [auto-impl] Board 'mad', stage 'spec-writing': 0 features
2026-03-06 20:55:17,379 INFO [auto-impl] Board 'mad', stage 'approved': 0 features
2026-03-06 20:55:27,375 INFO [auto-impl] Checking boards: ['mad']
2026-03-06 20:55:27,375 INFO [auto-impl] Board 'mad', stage 'review': 0 features
2026-03-06 20:55:27,375 INFO [auto-impl] Board 'mad', stage 'testing': 0 features
2026-03-06 20:55:27,376 INFO [auto-impl] Board 'mad', stage 'implementing': 0 features
2026-03-06 20:55:27,376 INFO [auto-impl] Board 'mad', stage 'spec-writing': 0 features
2026-03-06 20:55:27,376 INFO [auto-impl] Board 'mad', stage 'approved': 0 features
2026-03-06 20:55:37,376 INFO [auto-impl] Checking boards: ['mad']
2026-03-06 20:55:37,376 INFO [auto-impl] Board 'mad', stage 'review': 0 features
2026-03-06 20:55:37,377 INFO [auto-impl] Board 'mad', stage 'testing': 0 features
2026-03-06 20:55:37,377 INFO [auto-impl] Board 'mad', stage 'implementing': 0 features
2026-03-06 20:55:37,377 INFO [auto-impl] Board 'mad', stage 'spec-writing': 0 features
2026-03-06 20:55:37,377 INFO [auto-impl] Board 'mad', stage 'approved': 0 features
2026-03-06 20:55:47,373 INFO [auto-impl] Checking boards: ['mad']
2026-03-06 20:55:47,373 INFO [auto-impl] Board 'mad', stage 'review': 0 features
2026-03-06 20:55:47,374 INFO [auto-impl] Board 'mad', stage 'testing': 0 features
2026-03-06 20:55:47,374 INFO [auto-impl] Board 'mad', stage 'implementing': 0 features
2026-03-06 20:55:47,374 INFO [auto-impl] Board 'mad', stage 'spec-writing': 0 features
2026-03-06 20:55:47,374 INFO [auto-impl] Board 'mad', stage 'approved': 0 features
2026-03-06 20:55:57,369 INFO [auto-impl] Checking boards: ['mad']
2026-03-06 20:55:57,369 INFO [auto-impl] Board 'mad', stage 'review': 0 features
2026-03-06 20:55:57,370 INFO [auto-impl] Board 'mad', stage 'testing': 0 features
2026-03-06 20:55:57,370 INFO [auto-impl] Board 'mad', stage 'implementing': 0 features
2026-03-06 20:55:57,370 INFO [auto-impl] Board 'mad', stage 'spec-writing': 0 features
2026-03-06 20:55:57,370 INFO [auto-impl] Board 'mad', stage 'approved': 0 features
2026-03-06 20:56:07,369 INFO [auto-impl] Checking boards: ['mad']
2026-03-06 20:56:07,369 INFO [auto-impl] Board 'mad', stage 'review': 0 features
2026-03-06 20:56:07,369 INFO [auto-impl] Board 'mad', stage 'testing': 0 features
2026-03-06 20:56:07,370 INFO [auto-impl] Board 'mad', stage 'implementing': 0 features
2026-03-06 20:56:07,370 INFO [auto-impl] Board 'mad', stage 'spec-writing': 0 features
2026-03-06 20:56:07,370 INFO [auto-impl] Board 'mad', stage 'approved': 0 features
2026-03-06 20:56:17,366 INFO [auto-impl] Checking boards: ['mad']
2026-03-06 20:56:17,367 INFO [auto-impl] Board 'mad', stage 'review': 0 features
2026-03-06 20:56:17,367 INFO [auto-impl] Board 'mad', stage 'testing': 0 features
2026-03-06 20:56:17,367 INFO [auto-impl] Board 'mad', stage 'implementing': 0 features
2026-03-06 20:56:17,367 INFO [auto-impl] Board 'mad', stage 'spec-writing': 0 features
2026-03-06 20:56:17,367 INFO [auto-impl] Board 'mad', stage 'approved': 0 features
2026-03-06 20:56:27,363 INFO [auto-impl] Checking boards: ['mad']
2026-03-06 20:56:27,363 INFO [auto-impl] Board 'mad', stage 'review': 0 features
2026-03-06 20:56:27,364 INFO [auto-impl] Board 'mad', stage 'testing': 0 features
2026-03-06 20:56:27,364 INFO [auto-impl] Board 'mad', stage 'implementing': 0 features
2026-03-06 20:56:27,364 INFO [auto-impl] Board 'mad', stage 'spec-writing': 0 features
2026-03-06 20:56:27,364 INFO [auto-impl] Board 'mad', stage 'approved': 0 features
2026-03-06 20:56:37,365 INFO [auto-impl] Checking boards: ['mad']
2026-03-06 20:56:37,365 INFO [auto-impl] Board 'mad', stage 'review': 0 features
2026-03-06 20:56:37,365 INFO [auto-impl] Board 'mad', stage 'testing': 0 features
2026-03-06 20:56:37,365 INFO [auto-impl] Board 'mad', stage 'implementing': 0 features
2026-03-06 20:56:37,366 INFO [auto-impl] Board 'mad', stage 'spec-writing': 0 features
2026-03-06 20:56:37,366 INFO [auto-impl] Board 'mad', stage 'approved': 0 features
2026-03-06 20:56:47,362 INFO [auto-impl] Checking boards: ['mad']
2026-03-06 20:56:47,363 INFO [auto-impl] Board 'mad', stage 'review': 0 features
2026-03-06 20:56:47,363 INFO [auto-impl] Board 'mad', stage 'testing': 0 features
2026-03-06 20:56:47,363 INFO [auto-impl] Board 'mad', stage 'implementing': 0 features
2026-03-06 20:56:47,363 INFO [auto-impl] Board 'mad', stage 'spec-writing': 0 features
2026-03-06 20:56:47,363 INFO [auto-impl] Board 'mad', stage 'approved': 0 features
2026-03-06 20:56:57,356 INFO [auto-impl] Checking boards: ['mad']
2026-03-06 20:56:57,357 INFO [auto-impl] Board 'mad', stage 'review': 0 features
2026-03-06 20:56:57,357 INFO [auto-impl] Board 'mad', stage 'testing': 0 features
2026-03-06 20:56:57,357 INFO [auto-impl] Board 'mad', stage 'implementing': 0 features
2026-03-06 20:56:57,357 INFO [auto-impl] Board 'mad', stage 'spec-writing': 0 features
2026-03-06 20:56:57,357 INFO [auto-impl] Board 'mad', stage 'approved': 0 features
2026-03-06 20:57:07,354 INFO [auto-impl] Checking boards: ['mad']
2026-03-06 20:57:07,354 INFO [auto-impl] Board 'mad', stage 'review': 0 features
2026-03-06 20:57:07,354 INFO [auto-impl] Board 'mad', stage 'testing': 0 features
2026-03-06 20:57:07,355 INFO [auto-impl] Board 'mad', stage 'implementing': 0 features
2026-03-06 20:57:07,355 INFO [auto-impl] Board 'mad', stage 'spec-writing': 0 features
2026-03-06 20:57:07,355 INFO [auto-impl] Board 'mad', stage 'approved': 0 features
2026-03-06 20:57:17,359 INFO [auto-impl] Checking boards: ['mad']
2026-03-06 20:57:17,359 INFO [auto-impl] Board 'mad', stage 'review': 0 features
2026-03-06 20:57:17,359 INFO [auto-impl] Board 'mad', stage 'testing': 0 features
2026-03-06 20:57:17,360 INFO [auto-impl] Board 'mad', stage 'implementing': 0 features
2026-03-06 20:57:17,360 INFO [auto-impl] Board 'mad', stage 'spec-writing': 0 features
2026-03-06 20:57:17,360 INFO [auto-impl] Board 'mad', stage 'approved': 0 features
2026-03-06 20:57:27,361 INFO [auto-impl] Checking boards: ['mad']
2026-03-06 20:57:27,361 INFO [auto-impl] Board 'mad', stage 'review': 0 features
2026-03-06 20:57:27,361 INFO [auto-impl] Board 'mad', stage 'testing': 0 features
2026-03-06 20:57:27,361 INFO [auto-impl] Board 'mad', stage 'implementing': 0 features
2026-03-06 20:57:27,361 INFO [auto-impl] Board 'mad', stage 'spec-writing': 0 features
2026-03-06 20:57:27,361 INFO [auto-impl] Board 'mad', stage 'approved': 0 features
2026-03-06 20:57:37,364 INFO [auto-impl] Checking boards: ['mad']
2026-03-06 20:57:37,364 INFO [auto-impl] Board 'mad', stage 'review': 0 features
2026-03-06 20:57:37,365 INFO [auto-impl] Board 'mad', stage 'testing': 0 features
2026-03-06 20:57:37,365 INFO [auto-impl] Board 'mad', stage 'implementing': 0 features
2026-03-06 20:57:37,365 INFO [auto-impl] Board 'mad', stage 'spec-writing': 0 features
2026-03-06 20:57:37,365 INFO [auto-impl] Board 'mad', stage 'approved': 0 features
2026-03-06 20:57:47,365 INFO [auto-impl] Checking boards: ['mad']
2026-03-06 20:57:47,365 INFO [auto-impl] Board 'mad', stage 'review': 0 features
2026-03-06 20:57:47,366 INFO [auto-impl] Board 'mad', stage 'testing': 0 features
2026-03-06 20:57:47,366 INFO [auto-impl] Board 'mad', stage 'implementing': 0 features
2026-03-06 20:57:47,366 INFO [auto-impl] Board 'mad', stage 'spec-writing': 0 features
2026-03-06 20:57:47,366 INFO [auto-impl] Board 'mad', stage 'approved': 0 features
2026-03-06 20:57:57,346 INFO [auto-impl] Checking boards: ['mad']
2026-03-06 20:57:57,346 INFO [auto-impl] Board 'mad', stage 'review': 0 features
2026-03-06 20:57:57,346 INFO [auto-impl] Board 'mad', stage 'testing': 0 features
2026-03-06 20:57:57,346 INFO [auto-impl] Board 'mad', stage 'implementing': 0 features
2026-03-06 20:57:57,346 INFO [auto-impl] Board 'mad', stage 'spec-writing': 0 features
2026-03-06 20:57:57,347 INFO [auto-impl] Board 'mad', stage 'approved': 0 features
2026-03-06 20:58:07,348 INFO [auto-impl] Checking boards: ['mad']
2026-03-06 20:58:07,348 INFO [auto-impl] Board 'mad', stage 'review': 0 features
2026-03-06 20:58:07,348 INFO [auto-impl] Board 'mad', stage 'testing': 0 features
2026-03-06 20:58:07,348 INFO [auto-impl] Board 'mad', stage 'implementing': 0 features
2026-03-06 20:58:07,348 INFO [auto-impl] Board 'mad', stage 'spec-writing': 0 features
2026-03-06 20:58:07,349 INFO [auto-impl] Board 'mad', stage 'approved': 0 features
2026-03-06 20:58:17,352 INFO [auto-impl] Checking boards: ['mad']
2026-03-06 20:58:17,353 INFO [auto-impl] Board 'mad', stage 'review': 0 features
2026-03-06 20:58:17,353 INFO [auto-impl] Board 'mad', stage 'testing': 0 features
2026-03-06 20:58:17,354 INFO [auto-impl] Board 'mad', stage 'implementing': 0 features
2026-03-06 20:58:17,354 INFO [auto-impl] Board 'mad', stage 'spec-writing': 0 features
2026-03-06 20:58:17,355 INFO [auto-impl] Board 'mad', stage 'approved': 0 features
2026-03-06 20:58:27,346 INFO [auto-impl] Checking boards: ['mad']
2026-03-06 20:58:27,346 INFO [auto-impl] Board 'mad', stage 'review': 0 features
2026-03-06 20:58:27,346 INFO [auto-impl] Board 'mad', stage 'testing': 0 features
2026-03-06 20:58:27,346 INFO [auto-impl] Board 'mad', stage 'implementing': 0 features
2026-03-06 20:58:27,346 INFO [auto-impl] Board 'mad', stage 'spec-writing': 0 features
2026-03-06 20:58:27,346 INFO [auto-impl] Board 'mad', stage 'approved': 0 features
2026-03-06 20:58:37,352 INFO [auto-impl] Checking boards: ['mad']
2026-03-06 20:58:37,352 INFO [auto-impl] Board 'mad', stage 'review': 0 features
2026-03-06 20:58:37,352 INFO [auto-impl] Board 'mad', stage 'testing': 0 features
2026-03-06 20:58:37,353 INFO [auto-impl] Board 'mad', stage 'implementing': 0 features
2026-03-06 20:58:37,353 INFO [auto-impl] Board 'mad', stage 'spec-writing': 0 features
2026-03-06 20:58:37,353 INFO [auto-impl] Board 'mad', stage 'approved': 0 features
2026-03-06 20:58:47,352 INFO [auto-impl] Checking boards: ['mad']
2026-03-06 20:58:47,352 INFO [auto-impl] Board 'mad', stage 'review': 0 features
2026-03-06 20:58:47,352 INFO [auto-impl] Board 'mad', stage 'testing': 0 features
2026-03-06 20:58:47,352 INFO [auto-impl] Board 'mad', stage 'implementing': 0 features
2026-03-06 20:58:47,352 INFO [auto-impl] Board 'mad', stage 'spec-writing': 0 features
2026-03-06 20:58:47,353 INFO [auto-impl] Board 'mad', stage 'approved': 0 features
2026-03-06 20:58:57,340 INFO [auto-impl] Checking boards: ['mad']
2026-03-06 20:58:57,341 INFO [auto-impl] Board 'mad', stage 'review': 0 features
2026-03-06 20:58:57,341 INFO [auto-impl] Board 'mad', stage 'testing': 0 features
2026-03-06 20:58:57,341 INFO [auto-impl] Board 'mad', stage 'implementing': 0 features
2026-03-06 20:58:57,341 INFO [auto-impl] Board 'mad', stage 'spec-writing': 0 features
2026-03-06 20:58:57,341 INFO [auto-impl] Board 'mad', stage 'approved': 0 features
2026-03-06 20:59:07,345 INFO [auto-impl] Checking boards: ['mad']
2026-03-06 20:59:07,346 INFO [auto-impl] Board 'mad', stage 'review': 0 features
2026-03-06 20:59:07,346 INFO [auto-impl] Board 'mad', stage 'testing': 0 features
2026-03-06 20:59:07,347 INFO [auto-impl] Board 'mad', stage 'implementing': 0 features
2026-03-06 20:59:07,347 INFO [auto-impl] Board 'mad', stage 'spec-writing': 0 features
2026-03-06 20:59:07,347 INFO [auto-impl] Board 'mad', stage 'approved': 0 features
2026-03-06 20:59:17,343 INFO [auto-impl] Checking boards: ['mad']
2026-03-06 20:59:17,344 INFO [auto-impl] Board 'mad', stage 'review': 0 features
2026-03-06 20:59:17,344 INFO [auto-impl] Board 'mad', stage 'testing': 0 features
2026-03-06 20:59:17,344 INFO [auto-impl] Board 'mad', stage 'implementing': 0 features
2026-03-06 20:59:17,344 INFO [auto-impl] Board 'mad', stage 'spec-writing': 0 features
2026-03-06 20:59:17,344 INFO [auto-impl] Board 'mad', stage 'approved': 0 features
2026-03-06 20:59:27,345 INFO [auto-impl] Checking boards: ['mad']
2026-03-06 20:59:27,345 INFO [auto-impl] Board 'mad', stage 'review': 0 features
2026-03-06 20:59:27,346 INFO [auto-impl] Board 'mad', stage 'testing': 0 features
2026-03-06 20:59:27,346 INFO [auto-impl] Board 'mad', stage 'implementing': 0 features
2026-03-06 20:59:27,346 INFO [auto-impl] Board 'mad', stage 'spec-writing': 0 features
2026-03-06 20:59:27,346 INFO [auto-impl] Board 'mad', stage 'approved': 0 features
2026-03-06 20:59:37,342 INFO [auto-impl] Checking boards: ['mad']
2026-03-06 20:59:37,342 INFO [auto-impl] Board 'mad', stage 'review': 0 features
2026-03-06 20:59:37,342 INFO [auto-impl] Board 'mad', stage 'testing': 0 features
2026-03-06 20:59:37,343 INFO [auto-impl] Board 'mad', stage 'implementing': 0 features
2026-03-06 20:59:37,343 INFO [auto-impl] Board 'mad', stage 'spec-writing': 0 features
2026-03-06 20:59:37,343 INFO [auto-impl] Board 'mad', stage 'approved': 0 features
2026-03-06 20:59:47,342 INFO [auto-impl] Checking boards: ['mad']
2026-03-06 20:59:47,342 INFO [auto-impl] Board 'mad', stage 'review': 0 features
2026-03-06 20:59:47,343 INFO [auto-impl] Board 'mad', stage 'testing': 0 features
2026-03-06 20:59:47,343 INFO [auto-impl] Board 'mad', stage 'implementing': 0 features
2026-03-06 20:59:47,343 INFO [auto-impl] Board 'mad', stage 'spec-writing': 0 features
2026-03-06 20:59:47,343 INFO [auto-impl] Board 'mad', stage 'approved': 0 features
2026-03-06 20:59:57,333 INFO [auto-impl] Checking boards: ['mad']
2026-03-06 20:59:57,334 INFO [auto-impl] Board 'mad', stage 'review': 0 features
2026-03-06 20:59:57,334 INFO [auto-impl] Board 'mad', stage 'testing': 0 features
2026-03-06 20:59:57,334 INFO [auto-impl] Board 'mad', stage 'implementing': 0 features
2026-03-06 20:59:57,334 INFO [auto-impl] Board 'mad', stage 'spec-writing': 0 features
2026-03-06 20:59:57,334 INFO [auto-impl] Board 'mad', stage 'approved': 0 features
2026-03-06 21:00:04,607 INFO Connected to server as 'wsl-mad-cwd'
2026-03-06 21:03:02,275 INFO Connected to server as 'wsl-mad-cwd'
2026-03-06 21:03:10,416 INFO Connected to server as 'wsl-mad-cwd'
2026-03-06 21:03:32,098 INFO Connected to server as 'wsl-mad-cwd'
2026-03-06 21:03:34,025 INFO [runner] Interactive instructions for 'ideas': 684 chars
2026-03-06 21:03:34,025 INFO [runner] Instructions preview: Code Path: /home/paule/MAD
Context File: /home/paule/MAD/.mad/CONTEXT.md

**Feature Iteration: Bug: cannot create new item from webui**

The feature file is at: `bug-cannot-create-new-item-from-webui....
2026-03-06 21:11:31,606 INFO Connected to server as 'wsl-mad-cwd'
2026-03-06 21:11:46,652 INFO [runner] Interactive instructions for 'ideas': 785 chars
2026-03-06 21:11:46,652 INFO [runner] Instructions preview: Code Path: /home/paule/MAD
Context File: /home/paule/MAD/.mad/CONTEXT.md

**Feature Iteration: AI Agent Checkpoint System**

The feature file is at: `ai-agent-checkpoint-system.json`

**Current Descri...
2026-03-06 21:17:39,719 INFO Server connection lost, will reconnect...
2026-03-06 21:17:39,720 WARNING Failed to push state: no close frame received or sent
2026-03-06 21:17:39,720 WARNING Failed to push state: no close frame received or sent
2026-03-06 21:17:40,946 INFO Connected to server as 'wsl-mad-cwd'
2026-03-06 21:17:51,324 INFO [auto-plan] Checking boards: ['mad']
2026-03-06 21:17:51,324 INFO [auto-plan] mad: plan-inbox=2, reviewing-plan=0
2026-03-06 21:17:51,324 INFO [auto-plan] Starting: AI Agent Checkpoint System (plan-inbox)
2026-03-06 21:17:51,327 INFO [auto-impl] Checking boards: ['mad']
2026-03-06 21:17:51,327 INFO [planning] Starting: AI Agent Checkpoint System
2026-03-06 21:17:51,328 INFO [auto-impl] Board 'mad', stage 'review': 0 features
2026-03-06 21:17:51,328 INFO [auto-impl] Board 'mad', stage 'testing': 0 features
2026-03-06 21:17:51,328 INFO [auto-impl] Board 'mad', stage 'implementing': 0 features
2026-03-06 21:17:51,328 INFO [auto-impl] Board 'mad', stage 'spec-writing': 0 features
2026-03-06 21:17:51,328 INFO [auto-impl] Board 'mad', stage 'approved': 0 features
2026-03-06 21:17:51,364 INFO [runner] Wrote instructions for 'ai-agent-checkpoint-system': 1621 chars
2026-03-06 21:17:51,364 INFO [runner] Instructions preview: Code Path: /home/paule/MAD
Context File: /home/paule/MAD/.mad/CONTEXT.md

# Design Planning: AI Agent Checkpoint System

**Description:** Agents sometimes hang and have to get killed, or they hit a us...
2026-03-06 21:17:51,365 INFO Starting claude in cwd=/home/paule/MAD with cmd: ['claude', '-p', 'Read /home/paule/MAD/.tmp/ai-agent-checkpoint-system.instructions and follow the instructions exactly.', '--dangerously-skip-permissions']
2026-03-06 21:17:51,365 INFO status.feature_slug = 'ai-agent-checkpoint-system'
2026-03-06 21:17:51,365 INFO Logging to: /home/paule/MAD/logs/claude-ai-agent-checkpoint-system-1772860671.log
2026-03-06 21:18:01,326 INFO [auto-plan] Skipping - planning already in progress
2026-03-06 21:18:01,326 INFO [auto-impl] Checking boards: ['mad']
2026-03-06 21:18:01,326 INFO [auto-impl] Board 'mad', stage 'review': 0 features
2026-03-06 21:18:01,326 INFO [auto-impl] Board 'mad', stage 'testing': 0 features
2026-03-06 21:18:01,327 INFO [auto-impl] Board 'mad', stage 'implementing': 0 features
2026-03-06 21:18:01,327 INFO [auto-impl] Board 'mad', stage 'spec-writing': 0 features
2026-03-06 21:18:01,327 INFO [auto-impl] Board 'mad', stage 'approved': 0 features
2026-03-06 21:18:11,303 INFO [auto-plan] Skipping - planning already in progress
2026-03-06 21:18:11,303 INFO [auto-impl] Checking boards: ['mad']
2026-03-06 21:18:11,303 INFO [auto-impl] Board 'mad', stage 'review': 0 features
2026-03-06 21:18:11,304 INFO [auto-impl] Board 'mad', stage 'testing': 0 features
2026-03-06 21:18:11,304 INFO [auto-impl] Board 'mad', stage 'implementing': 0 features
2026-03-06 21:18:11,304 INFO [auto-impl] Board 'mad', stage 'spec-writing': 0 features
2026-03-06 21:18:11,304 INFO [auto-impl] Board 'mad', stage 'approved': 0 features
2026-03-06 21:18:21,297 INFO [auto-plan] Skipping - planning already in progress
2026-03-06 21:18:21,297 INFO [auto-impl] Checking boards: ['mad']
2026-03-06 21:18:21,298 INFO [auto-impl] Board 'mad', stage 'review': 0 features
2026-03-06 21:18:21,298 INFO [auto-impl] Board 'mad', stage 'testing': 0 features
2026-03-06 21:18:21,298 INFO [auto-impl] Board 'mad', stage 'implementing': 0 features
2026-03-06 21:18:21,298 INFO [auto-impl] Board 'mad', stage 'spec-writing': 0 features
2026-03-06 21:18:21,299 INFO [auto-impl] Board 'mad', stage 'approved': 0 features
2026-03-06 21:18:31,293 INFO [auto-plan] Skipping - planning already in progress
2026-03-06 21:18:31,294 INFO [auto-impl] Checking boards: ['mad']
2026-03-06 21:18:31,294 INFO [auto-impl] Board 'mad', stage 'review': 0 features
2026-03-06 21:18:31,294 INFO [auto-impl] Board 'mad', stage 'testing': 0 features
2026-03-06 21:18:31,294 INFO [auto-impl] Board 'mad', stage 'implementing': 0 features
2026-03-06 21:18:31,295 INFO [auto-impl] Board 'mad', stage 'spec-writing': 0 features
2026-03-06 21:18:31,295 INFO [auto-impl] Board 'mad', stage 'approved': 0 features
2026-03-06 21:18:41,296 INFO [auto-plan] Skipping - planning already in progress
2026-03-06 21:18:41,296 INFO [auto-impl] Checking boards: ['mad']
2026-03-06 21:18:41,297 INFO [auto-impl] Board 'mad', stage 'review': 0 features
2026-03-06 21:18:41,297 INFO [auto-impl] Board 'mad', stage 'testing': 0 features
2026-03-06 21:18:41,297 INFO [auto-impl] Board 'mad', stage 'implementing': 0 features
2026-03-06 21:18:41,297 INFO [auto-impl] Board 'mad', stage 'spec-writing': 0 features
2026-03-06 21:18:41,297 INFO [auto-impl] Board 'mad', stage 'approved': 0 features
2026-03-06 21:18:51,290 INFO [auto-plan] Skipping - planning already in progress
2026-03-06 21:18:51,290 INFO [auto-impl] Checking boards: ['mad']
2026-03-06 21:18:51,291 INFO [auto-impl] Board 'mad', stage 'review': 0 features
2026-03-06 21:18:51,291 INFO [auto-impl] Board 'mad', stage 'testing': 0 features
2026-03-06 21:18:51,291 INFO [auto-impl] Board 'mad', stage 'implementing': 0 features
2026-03-06 21:18:51,291 INFO [auto-impl] Board 'mad', stage 'spec-writing': 0 features
2026-03-06 21:18:51,291 INFO [auto-impl] Board 'mad', stage 'approved': 0 features
2026-03-06 21:19:01,294 INFO [auto-plan] Skipping - planning already in progress
2026-03-06 21:19:01,294 INFO [auto-impl] Checking boards: ['mad']
2026-03-06 21:19:01,295 INFO [auto-impl] Board 'mad', stage 'review': 0 features
2026-03-06 21:19:01,295 INFO [auto-impl] Board 'mad', stage 'testing': 0 features
2026-03-06 21:19:01,295 INFO [auto-impl] Board 'mad', stage 'implementing': 0 features
2026-03-06 21:19:01,295 INFO [auto-impl] Board 'mad', stage 'spec-writing': 0 features
2026-03-06 21:19:01,296 INFO [auto-impl] Board 'mad', stage 'approved': 0 features
2026-03-06 21:19:11,289 INFO [auto-plan] Skipping - planning already in progress
2026-03-06 21:19:11,290 INFO [auto-impl] Checking boards: ['mad']
2026-03-06 21:19:11,290 INFO [auto-impl] Board 'mad', stage 'review': 0 features
2026-03-06 21:19:11,290 INFO [auto-impl] Board 'mad', stage 'testing': 0 features
2026-03-06 21:19:11,290 INFO [auto-impl] Board 'mad', stage 'implementing': 0 features
2026-03-06 21:19:11,290 INFO [auto-impl] Board 'mad', stage 'spec-writing': 0 features
2026-03-06 21:19:11,290 INFO [auto-impl] Board 'mad', stage 'approved': 0 features
2026-03-06 21:19:21,286 INFO [auto-plan] Skipping - planning already in progress
2026-03-06 21:19:21,286 INFO [auto-impl] Checking boards: ['mad']
2026-03-06 21:19:21,286 INFO [auto-impl] Board 'mad', stage 'review': 0 features
2026-03-06 21:19:21,286 INFO [auto-impl] Board 'mad', stage 'testing': 0 features
2026-03-06 21:19:21,286 INFO [auto-impl] Board 'mad', stage 'implementing': 0 features
2026-03-06 21:19:21,287 INFO [auto-impl] Board 'mad', stage 'spec-writing': 0 features
2026-03-06 21:19:21,287 INFO [auto-impl] Board 'mad', stage 'approved': 0 features
2026-03-06 21:19:31,286 INFO [auto-plan] Skipping - planning already in progress
2026-03-06 21:19:31,287 INFO [auto-impl] Checking boards: ['mad']
2026-03-06 21:19:31,287 INFO [auto-impl] Board 'mad', stage 'review': 0 features
2026-03-06 21:19:31,287 INFO [auto-impl] Board 'mad', stage 'testing': 0 features
2026-03-06 21:19:31,287 INFO [auto-impl] Board 'mad', stage 'implementing': 0 features
2026-03-06 21:19:31,287 INFO [auto-impl] Board 'mad', stage 'spec-writing': 0 features
2026-03-06 21:19:31,288 INFO [auto-impl] Board 'mad', stage 'approved': 0 features
2026-03-06 21:19:41,285 INFO [auto-plan] Skipping - planning already in progress
2026-03-06 21:19:41,285 INFO [auto-impl] Checking boards: ['mad']
2026-03-06 21:19:41,285 INFO [auto-impl] Board 'mad', stage 'review': 0 features
2026-03-06 21:19:41,285 INFO [auto-impl] Board 'mad', stage 'testing': 0 features
2026-03-06 21:19:41,286 INFO [auto-impl] Board 'mad', stage 'implementing': 0 features
2026-03-06 21:19:41,286 INFO [auto-impl] Board 'mad', stage 'spec-writing': 0 features
2026-03-06 21:19:41,286 INFO [auto-impl] Board 'mad', stage 'approved': 0 features
2026-03-06 21:19:51,284 INFO [auto-plan] Skipping - planning already in progress
2026-03-06 21:19:51,284 INFO [auto-impl] Checking boards: ['mad']
2026-03-06 21:19:51,284 INFO [auto-impl] Board 'mad', stage 'review': 0 features
2026-03-06 21:19:51,285 INFO [auto-impl] Board 'mad', stage 'testing': 0 features
2026-03-06 21:19:51,285 INFO [auto-impl] Board 'mad', stage 'implementing': 0 features
2026-03-06 21:19:51,285 INFO [auto-impl] Board 'mad', stage 'spec-writing': 0 features
2026-03-06 21:19:51,285 INFO [auto-impl] Board 'mad', stage 'approved': 0 features
2026-03-06 21:20:01,284 INFO [auto-plan] Skipping - planning already in progress
2026-03-06 21:20:01,285 INFO [auto-impl] Checking boards: ['mad']
2026-03-06 21:20:01,285 INFO [auto-impl] Board 'mad', stage 'review': 0 features
2026-03-06 21:20:01,285 INFO [auto-impl] Board 'mad', stage 'testing': 0 features
2026-03-06 21:20:01,285 INFO [auto-impl] Board 'mad', stage 'implementing': 0 features
2026-03-06 21:20:01,285 INFO [auto-impl] Board 'mad', stage 'spec-writing': 0 features
2026-03-06 21:20:01,286 INFO [auto-impl] Board 'mad', stage 'approved': 0 features
2026-03-06 21:20:05,579 INFO Planning output length: 6254 chars
2026-03-06 21:20:05,579 INFO Matched JSON: {
  "questions": [],
  "plan": "# AI Agent Checkpoint System\n\n## Overview\nAgents periodically save progress to checkpoint files so that if they hang, get killed, or hit usage limits, a subsequent a...
2026-03-06 21:20:05,580 INFO Parsed JSON keys: ['questions', 'plan']
2026-03-06 21:20:05,582 INFO Plan generated. Feature moved to reviewing-plan.
2026-03-06 21:20:05,583 INFO [bold blue]Reviewing Plan:[/bold blue] AI Agent Checkpoint System
2026-03-06 21:20:05,583 INFO [plan-review] Starting: AI Agent Checkpoint System
2026-03-06 21:20:05,583 INFO [runner] Wrote instructions for 'ai-agent-checkpoint-system': 7293 chars
2026-03-06 21:20:05,584 INFO [runner] Instructions preview: Code Path: /home/paule/MAD
Context File: /home/paule/MAD/.mad/CONTEXT.md

You are a senior software architect reviewing a feature plan.

## Feature: AI Agent Checkpoint System

### Original Descriptio...
2026-03-06 21:20:05,584 INFO Starting kilo in cwd=/home/paule/MAD with cmd: ['kilo', 'run', '--auto', 'Read /home/paule/MAD/.tmp/ai-agent-checkpoint-system.instructions and follow the instructions exactly.']
2026-03-06 21:20:05,584 INFO status.feature_slug = 'ai-agent-checkpoint-system'
2026-03-06 21:20:05,584 INFO Logging to: /home/paule/MAD/logs/kilo-ai-agent-checkpoint-system-1772860805.log
2026-03-06 21:20:11,336 INFO [auto-plan] Skipping - planning already in progress
2026-03-06 21:20:11,336 INFO [auto-impl] Checking boards: ['mad']
2026-03-06 21:20:11,336 INFO [auto-impl] Board 'mad', stage 'review': 0 features
2026-03-06 21:20:11,336 INFO [auto-impl] Board 'mad', stage 'testing': 0 features
2026-03-06 21:20:11,336 INFO [auto-impl] Board 'mad', stage 'implementing': 0 features
2026-03-06 21:20:11,337 INFO [auto-impl] Board 'mad', stage 'spec-writing': 0 features
2026-03-06 21:20:11,337 INFO [auto-impl] Board 'mad', stage 'approved': 0 features
2026-03-06 21:20:21,289 INFO [auto-plan] Skipping - planning already in progress
2026-03-06 21:20:21,289 INFO [auto-impl] Checking boards: ['mad']
2026-03-06 21:20:21,289 INFO [auto-impl] Board 'mad', stage 'review': 0 features
2026-03-06 21:20:21,289 INFO [auto-impl] Board 'mad', stage 'testing': 0 features
2026-03-06 21:20:21,290 INFO [auto-impl] Board 'mad', stage 'implementing': 0 features
2026-03-06 21:20:21,290 INFO [auto-impl] Board 'mad', stage 'spec-writing': 0 features
2026-03-06 21:20:21,291 INFO [auto-impl] Board 'mad', stage 'approved': 0 features
2026-03-06 21:20:31,283 INFO [auto-plan] Skipping - planning already in progress
2026-03-06 21:20:31,283 INFO [auto-impl] Checking boards: ['mad']
2026-03-06 21:20:31,284 INFO [auto-impl] Board 'mad', stage 'review': 0 features
2026-03-06 21:20:31,284 INFO [auto-impl] Board 'mad', stage 'testing': 0 features
2026-03-06 21:20:31,284 INFO [auto-impl] Board 'mad', stage 'implementing': 0 features
2026-03-06 21:20:31,284 INFO [auto-impl] Board 'mad', stage 'spec-writing': 0 features
2026-03-06 21:20:31,284 INFO [auto-impl] Board 'mad', stage 'approved': 0 features
2026-03-06 21:20:41,306 INFO [auto-plan] Checking boards: ['mad']
2026-03-06 21:20:41,306 INFO [auto-plan] mad: plan-inbox=2, reviewing-plan=0
2026-03-06 21:20:41,306 INFO [auto-plan] Starting: AI Agent Checkpoint System (plan-inbox)
2026-03-06 21:20:41,308 INFO [planning] Starting: AI Agent Checkpoint System
2026-03-06 21:20:41,308 INFO [auto-impl] Checking boards: ['mad']
2026-03-06 21:20:41,308 INFO [auto-impl] Board 'mad', stage 'review': 0 features
2026-03-06 21:20:41,308 INFO [auto-impl] Board 'mad', stage 'testing': 0 features
2026-03-06 21:20:41,308 INFO [auto-impl] Board 'mad', stage 'implementing': 0 features
2026-03-06 21:20:41,308 INFO [auto-impl] Board 'mad', stage 'spec-writing': 0 features
2026-03-06 21:20:41,309 INFO [auto-impl] Board 'mad', stage 'approved': 0 features
2026-03-06 21:20:41,351 INFO [runner] Wrote instructions for 'ai-agent-checkpoint-system': 3975 chars
2026-03-06 21:20:41,351 INFO [runner] Instructions preview: Code Path: /home/paule/MAD
Context File: /home/paule/MAD/.mad/CONTEXT.md

# Design Planning: AI Agent Checkpoint System

**Description:** Agents sometimes hang and have to get killed, or they hit a us...
2026-03-06 21:20:41,351 INFO Starting claude in cwd=/home/paule/MAD with cmd: ['claude', '-p', 'Read /home/paule/MAD/.tmp/ai-agent-checkpoint-system.instructions and follow the instructions exactly.', '--dangerously-skip-permissions']
2026-03-06 21:20:41,352 INFO status.feature_slug = 'ai-agent-checkpoint-system'
2026-03-06 21:20:41,352 INFO Logging to: /home/paule/MAD/logs/claude-ai-agent-checkpoint-system-1772860841.log
2026-03-06 21:20:51,302 INFO [auto-plan] Skipping - planning already in progress
2026-03-06 21:20:51,302 INFO [auto-impl] Checking boards: ['mad']
2026-03-06 21:20:51,302 INFO [auto-impl] Board 'mad', stage 'review': 0 features
2026-03-06 21:20:51,302 INFO [auto-impl] Board 'mad', stage 'testing': 0 features
2026-03-06 21:20:51,302 INFO [auto-impl] Board 'mad', stage 'implementing': 0 features
2026-03-06 21:20:51,303 INFO [auto-impl] Board 'mad', stage 'spec-writing': 0 features
2026-03-06 21:20:51,303 INFO [auto-impl] Board 'mad', stage 'approved': 0 features
2026-03-06 21:21:01,282 INFO [auto-plan] Skipping - planning already in progress
2026-03-06 21:21:01,282 INFO [auto-impl] Checking boards: ['mad']
2026-03-06 21:21:01,282 INFO [auto-impl] Board 'mad', stage 'review': 0 features
2026-03-06 21:21:01,282 INFO [auto-impl] Board 'mad', stage 'testing': 0 features
2026-03-06 21:21:01,282 INFO [auto-impl] Board 'mad', stage 'implementing': 0 features
2026-03-06 21:21:01,282 INFO [auto-impl] Board 'mad', stage 'spec-writing': 0 features
2026-03-06 21:21:01,282 INFO [auto-impl] Board 'mad', stage 'approved': 0 features
2026-03-06 21:21:11,283 INFO [auto-plan] Skipping - planning already in progress
2026-03-06 21:21:11,283 INFO [auto-impl] Checking boards: ['mad']
2026-03-06 21:21:11,283 INFO [auto-impl] Board 'mad', stage 'review': 0 features
2026-03-06 21:21:11,283 INFO [auto-impl] Board 'mad', stage 'testing': 0 features
2026-03-06 21:21:11,283 INFO [auto-impl] Board 'mad', stage 'implementing': 0 features
2026-03-06 21:21:11,283 INFO [auto-impl] Board 'mad', stage 'spec-writing': 0 features
2026-03-06 21:21:11,283 INFO [auto-impl] Board 'mad', stage 'approved': 0 features
2026-03-06 21:21:21,276 INFO [auto-plan] Skipping - planning already in progress
2026-03-06 21:21:21,276 INFO [auto-impl] Checking boards: ['mad']
2026-03-06 21:21:21,276 INFO [auto-impl] Board 'mad', stage 'review': 0 features
2026-03-06 21:21:21,276 INFO [auto-impl] Board 'mad', stage 'testing': 0 features
2026-03-06 21:21:21,276 INFO [auto-impl] Board 'mad', stage 'implementing': 0 features
2026-03-06 21:21:21,276 INFO [auto-impl] Board 'mad', stage 'spec-writing': 0 features
2026-03-06 21:21:21,276 INFO [auto-impl] Board 'mad', stage 'approved': 0 features
2026-03-06 21:21:31,279 INFO [auto-plan] Skipping - planning already in progress
2026-03-06 21:21:31,279 INFO [auto-impl] Checking boards: ['mad']
2026-03-06 21:21:31,279 INFO [auto-impl] Board 'mad', stage 'review': 0 features
2026-03-06 21:21:31,280 INFO [auto-impl] Board 'mad', stage 'testing': 0 features
2026-03-06 21:21:31,281 INFO [auto-impl] Board 'mad', stage 'implementing': 0 features
2026-03-06 21:21:31,281 INFO [auto-impl] Board 'mad', stage 'spec-writing': 0 features
2026-03-06 21:21:31,281 INFO [auto-impl] Board 'mad', stage 'approved': 0 features
2026-03-06 21:21:41,284 INFO [auto-plan] Skipping - planning already in progress
2026-03-06 21:21:41,284 INFO [auto-impl] Checking boards: ['mad']
2026-03-06 21:21:41,285 INFO [auto-impl] Board 'mad', stage 'review': 0 features
2026-03-06 21:21:41,285 INFO [auto-impl] Board 'mad', stage 'testing': 0 features
2026-03-06 21:21:41,285 INFO [auto-impl] Board 'mad', stage 'implementing': 0 features
2026-03-06 21:21:41,285 INFO [auto-impl] Board 'mad', stage 'spec-writing': 0 features
2026-03-06 21:21:41,285 INFO [auto-impl] Board 'mad', stage 'approved': 0 features
2026-03-06 21:21:51,275 INFO [auto-plan] Skipping - planning already in progress
2026-03-06 21:21:51,275 INFO [auto-impl] Checking boards: ['mad']
2026-03-06 21:21:51,275 INFO [auto-impl] Board 'mad', stage 'review': 0 features
2026-03-06 21:21:51,276 INFO [auto-impl] Board 'mad', stage 'testing': 0 features
2026-03-06 21:21:51,276 INFO [auto-impl] Board 'mad', stage 'implementing': 0 features
2026-03-06 21:21:51,276 INFO [auto-impl] Board 'mad', stage 'spec-writing': 0 features
2026-03-06 21:21:51,276 INFO [auto-impl] Board 'mad', stage 'approved': 0 features
2026-03-06 21:22:01,274 INFO [auto-plan] Skipping - planning already in progress
2026-03-06 21:22:01,274 INFO [auto-impl] Checking boards: ['mad']
2026-03-06 21:22:01,275 INFO [auto-impl] Board 'mad', stage 'review': 0 features
2026-03-06 21:22:01,275 INFO [auto-impl] Board 'mad', stage 'testing': 0 features
2026-03-06 21:22:01,275 INFO [auto-impl] Board 'mad', stage 'implementing': 0 features
2026-03-06 21:22:01,275 INFO [auto-impl] Board 'mad', stage 'spec-writing': 0 features
2026-03-06 21:22:01,275 INFO [auto-impl] Board 'mad', stage 'approved': 0 features
2026-03-06 21:22:11,281 INFO [auto-plan] Skipping - planning already in progress
2026-03-06 21:22:11,281 INFO [auto-impl] Checking boards: ['mad']
2026-03-06 21:22:11,282 INFO [auto-impl] Board 'mad', stage 'review': 0 features
2026-03-06 21:22:11,282 INFO [auto-impl] Board 'mad', stage 'testing': 0 features
2026-03-06 21:22:11,282 INFO [auto-impl] Board 'mad', stage 'implementing': 0 features
2026-03-06 21:22:11,282 INFO [auto-impl] Board 'mad', stage 'spec-writing': 0 features
2026-03-06 21:22:11,284 INFO [auto-impl] Board 'mad', stage 'approved': 0 features
2026-03-06 21:22:21,276 INFO [auto-plan] Skipping - planning already in progress
2026-03-06 21:22:21,276 INFO [auto-impl] Checking boards: ['mad']
2026-03-06 21:22:21,276 INFO [auto-impl] Board 'mad', stage 'review': 0 features
2026-03-06 21:22:21,276 INFO [auto-impl] Board 'mad', stage 'testing': 0 features
2026-03-06 21:22:21,276 INFO [auto-impl] Board 'mad', stage 'implementing': 0 features
2026-03-06 21:22:21,277 INFO [auto-impl] Board 'mad', stage 'spec-writing': 0 features
2026-03-06 21:22:21,277 INFO [auto-impl] Board 'mad', stage 'approved': 0 features
2026-03-06 21:22:31,275 INFO [auto-plan] Skipping - planning already in progress
2026-03-06 21:22:31,275 INFO [auto-impl] Checking boards: ['mad']
2026-03-06 21:22:31,276 INFO [auto-impl] Board 'mad', stage 'review': 0 features
2026-03-06 21:22:31,276 INFO [auto-impl] Board 'mad', stage 'testing': 0 features
2026-03-06 21:22:31,276 INFO [auto-impl] Board 'mad', stage 'implementing': 0 features
2026-03-06 21:22:31,276 INFO [auto-impl] Board 'mad', stage 'spec-writing': 0 features
2026-03-06 21:22:31,276 INFO [auto-impl] Board 'mad', stage 'approved': 0 features
2026-03-06 21:22:41,273 INFO [auto-plan] Skipping - planning already in progress
2026-03-06 21:22:41,273 INFO [auto-impl] Checking boards: ['mad']
2026-03-06 21:22:41,274 INFO [auto-impl] Board 'mad', stage 'review': 0 features
2026-03-06 21:22:41,275 INFO [auto-impl] Board 'mad', stage 'testing': 0 features
2026-03-06 21:22:41,275 INFO [auto-impl] Board 'mad', stage 'implementing': 0 features
2026-03-06 21:22:41,275 INFO [auto-impl] Board 'mad', stage 'spec-writing': 0 features
2026-03-06 21:22:41,275 INFO [auto-impl] Board 'mad', stage 'approved': 0 features
2026-03-06 21:22:42,034 INFO Planning output length: 13050 chars
2026-03-06 21:22:42,035 INFO Matched JSON: {
  "plan": "# AI Agent Checkpoint System\n\n## Overview\nAgents periodically save progress to checkpoint files so that if they hang, get killed, or hit usage limits, a subsequent agent session can re...
2026-03-06 21:22:42,035 INFO Parsed JSON keys: ['plan']
2026-03-06 21:22:42,040 INFO Plan generated. Feature moved to reviewing-plan.
2026-03-06 21:22:42,040 INFO [bold blue]Reviewing Plan:[/bold blue] AI Agent Checkpoint System
2026-03-06 21:22:42,040 INFO [plan-review] Starting: AI Agent Checkpoint System
2026-03-06 21:22:42,042 INFO [runner] Wrote instructions for 'ai-agent-checkpoint-system': 13889 chars
2026-03-06 21:22:42,042 INFO [runner] Instructions preview: Code Path: /home/paule/MAD
Context File: /home/paule/MAD/.mad/CONTEXT.md

You are a senior software architect reviewing a feature plan.

## Feature: AI Agent Checkpoint System

### Original Descriptio...
2026-03-06 21:22:42,043 INFO Starting kilo in cwd=/home/paule/MAD with cmd: ['kilo', 'run', '--auto', 'Read /home/paule/MAD/.tmp/ai-agent-checkpoint-system.instructions and follow the instructions exactly.']
2026-03-06 21:22:42,043 INFO status.feature_slug = 'ai-agent-checkpoint-system'
2026-03-06 21:22:42,044 INFO Logging to: /home/paule/MAD/logs/kilo-ai-agent-checkpoint-system-1772860962.log
2026-03-06 21:22:51,298 INFO [auto-plan] Skipping - planning already in progress
2026-03-06 21:22:51,298 INFO [auto-impl] Checking boards: ['mad']
2026-03-06 21:22:51,298 INFO [auto-impl] Board 'mad', stage 'review': 0 features
2026-03-06 21:22:51,298 INFO [auto-impl] Board 'mad', stage 'testing': 0 features
2026-03-06 21:22:51,298 INFO [auto-impl] Board 'mad', stage 'implementing': 0 features
2026-03-06 21:22:51,298 INFO [auto-impl] Board 'mad', stage 'spec-writing': 0 features
2026-03-06 21:22:51,298 INFO [auto-impl] Board 'mad', stage 'approved': 0 features
2026-03-06 21:23:01,273 INFO [auto-plan] Skipping - planning already in progress
2026-03-06 21:23:01,273 INFO [auto-impl] Checking boards: ['mad']
2026-03-06 21:23:01,273 INFO [auto-impl] Board 'mad', stage 'review': 0 features
2026-03-06 21:23:01,273 INFO [auto-impl] Board 'mad', stage 'testing': 0 features
2026-03-06 21:23:01,273 INFO [auto-impl] Board 'mad', stage 'implementing': 0 features
2026-03-06 21:23:01,274 INFO [auto-impl] Board 'mad', stage 'spec-writing': 0 features
2026-03-06 21:23:01,274 INFO [auto-impl] Board 'mad', stage 'approved': 0 features
2026-03-06 21:23:11,335 INFO [auto-plan] Checking boards: ['mad']
2026-03-06 21:23:11,335 INFO [auto-plan] mad: plan-inbox=1, reviewing-plan=0
2026-03-06 21:23:11,335 INFO [auto-plan] Starting: Bug: cannot create new item from webui (plan-inbox)
2026-03-06 21:23:11,336 INFO [auto-impl] Checking boards: ['mad']
2026-03-06 21:23:11,337 INFO [planning] Starting: Bug: cannot create new item from webui
2026-03-06 21:23:11,337 INFO [auto-impl] Board 'mad', stage 'review': 0 features
2026-03-06 21:23:11,337 INFO [auto-impl] Board 'mad', stage 'testing': 0 features
2026-03-06 21:23:11,338 INFO [auto-impl] Board 'mad', stage 'implementing': 0 features
2026-03-06 21:23:11,338 INFO [auto-impl] Board 'mad', stage 'spec-writing': 0 features
2026-03-06 21:23:11,338 INFO [auto-impl] Board 'mad', stage 'approved': 1 features
2026-03-06 21:23:11,338 INFO [auto-impl] Starting: AI Agent Checkpoint System (approved)
2026-03-06 21:23:11,386 INFO [bold blue]Spec Writing:[/bold blue] AI Agent Checkpoint System
2026-03-06 21:23:11,387 INFO [spec-writing] Starting: AI Agent Checkpoint System
2026-03-06 21:23:11,388 INFO [runner] Wrote instructions for 'bug-cannot-create-new-item-from-webui': 1795 chars
2026-03-06 21:23:11,388 INFO [runner] Instructions preview: Code Path: /home/paule/MAD
Context File: /home/paule/MAD/.mad/CONTEXT.md

# Design Planning: Bug: cannot create new item from webui

**Description:** Two related bugs: (1) Creating a new item from the...
2026-03-06 21:23:11,409 INFO Starting claude in cwd=/home/paule/MAD with cmd: ['claude', '-p', 'Read /home/paule/MAD/.tmp/bug-cannot-create-new-item-from-webui.instructions and follow the instructions exactly.', '--dangerously-skip-permissions']
2026-03-06 21:23:11,409 INFO Agent A: Generating implementation spec...
2026-03-06 21:23:11,410 INFO status.feature_slug = 'bug-cannot-create-new-item-from-webui'
2026-03-06 21:23:11,410 INFO Logging to: /home/paule/MAD/logs/claude-bug-cannot-create-new-item-from-webui-1772860991.log
2026-03-06 21:23:11,411 INFO [runner] Wrote instructions for 'ai-agent-checkpoint-system': 13005 chars
2026-03-06 21:23:11,411 INFO [runner] Instructions preview: Code Path: /home/paule/MAD
Context File: /home/paule/MAD/.mad/CONTEXT.md

You are an implementer breaking down a feature plan into concrete coding tasks.

Feature: AI Agent Checkpoint System

Plan:
# ...
2026-03-06 21:23:11,411 INFO Starting kilo in cwd=/home/paule/MAD with cmd: ['kilo', 'run', '--auto', 'Read /home/paule/MAD/.tmp/ai-agent-checkpoint-system.instructions and follow the instructions exactly.']
2026-03-06 21:23:11,411 INFO status.feature_slug = 'ai-agent-checkpoint-system'
2026-03-06 21:23:11,411 INFO Logging to: /home/paule/MAD/logs/kilo-ai-agent-checkpoint-system-1772860991.log
2026-03-06 21:23:21,286 INFO [auto-plan] Skipping - planning already in progress
2026-03-06 21:23:21,286 INFO [auto-impl] Skipping - implementation already in progress
2026-03-06 21:23:31,266 INFO [auto-plan] Skipping - planning already in progress
2026-03-06 21:23:31,266 INFO [auto-impl] Skipping - implementation already in progress
2026-03-06 21:23:41,263 INFO [auto-plan] Skipping - planning already in progress
2026-03-06 21:23:41,263 INFO [auto-impl] Skipping - implementation already in progress
2026-03-06 21:23:51,258 INFO [auto-plan] Skipping - planning already in progress
2026-03-06 21:23:51,259 INFO [auto-impl] Skipping - implementation already in progress
2026-03-06 21:24:01,258 INFO [auto-plan] Skipping - planning already in progress
2026-03-06 21:24:01,258 INFO [auto-impl] Skipping - implementation already in progress
2026-03-06 21:24:11,258 INFO [auto-plan] Skipping - planning already in progress
2026-03-06 21:24:11,258 INFO [auto-impl] Skipping - implementation already in progress
2026-03-06 21:24:21,254 INFO [auto-plan] Skipping - planning already in progress
2026-03-06 21:24:21,254 INFO [auto-impl] Skipping - implementation already in progress
2026-03-06 21:24:31,255 INFO [auto-plan] Skipping - planning already in progress
2026-03-06 21:24:31,255 INFO [auto-impl] Skipping - implementation already in progress
2026-03-06 21:24:41,256 INFO [auto-plan] Skipping - planning already in progress
2026-03-06 21:24:41,256 INFO [auto-impl] Skipping - implementation already in progress
2026-03-06 21:24:51,241 INFO [auto-plan] Skipping - planning already in progress
2026-03-06 21:24:51,242 INFO [auto-impl] Skipping - implementation already in progress
2026-03-06 21:25:01,240 INFO [auto-plan] Skipping - planning already in progress
2026-03-06 21:25:01,240 INFO [auto-impl] Skipping - implementation already in progress
2026-03-06 21:25:11,244 INFO [auto-plan] Skipping - planning already in progress
2026-03-06 21:25:11,244 INFO [auto-impl] Skipping - implementation already in progress
2026-03-06 21:25:20,769 INFO Planning output length: 13 chars
2026-03-06 21:25:20,769 INFO No valid JSON found, using fallback
2026-03-06 21:25:20,777 WARNING [git] Commit failed: Command '['git', 'add', '-A', '.mad/boards/', '.mad/logs/']' returned non-zero exit status 1.
2026-03-06 21:25:20,777 INFO Plan generated. Feature moved to reviewing-plan.
2026-03-06 21:25:20,778 INFO [bold blue]Reviewing Plan:[/bold blue] Bug: cannot create new item from webui
2026-03-06 21:25:20,778 INFO [plan-review] Starting: Bug: cannot create new item from webui
2026-03-06 21:25:20,778 INFO [runner] Wrote instructions for 'bug-cannot-create-new-item-from-webui': 1554 chars
2026-03-06 21:25:20,778 INFO [runner] Instructions preview: Code Path: /home/paule/MAD
Context File: /home/paule/MAD/.mad/CONTEXT.md

You are a senior software architect reviewing a feature plan.

## Feature: Bug: cannot create new item from webui

### Origina...
2026-03-06 21:25:20,779 INFO Starting kilo in cwd=/home/paule/MAD with cmd: ['kilo', 'run', '--auto', 'Read /home/paule/MAD/.tmp/bug-cannot-create-new-item-from-webui.instructions and follow the instructions exactly.']
2026-03-06 21:25:20,779 INFO status.feature_slug = 'bug-cannot-create-new-item-from-webui'
2026-03-06 21:25:20,779 INFO Logging to: /home/paule/MAD/logs/kilo-bug-cannot-create-new-item-from-webui-1772861120.log
2026-03-06 21:25:21,261 INFO [auto-plan] Skipping - planning already in progress
2026-03-06 21:25:21,261 INFO [auto-impl] Skipping - implementation already in progress
2026-03-06 21:25:31,240 INFO [auto-plan] Skipping - planning already in progress
2026-03-06 21:25:31,240 INFO [auto-impl] Skipping - implementation already in progress
2026-03-06 21:25:41,238 INFO [auto-plan] Skipping - planning already in progress
2026-03-06 21:25:41,238 INFO [auto-impl] Skipping - implementation already in progress
2026-03-06 21:25:51,239 INFO [auto-plan] Skipping - planning already in progress
2026-03-06 21:25:51,239 INFO [auto-impl] Skipping - implementation already in progress
2026-03-06 21:26:01,257 INFO [auto-plan] Checking boards: ['mad']
2026-03-06 21:26:01,258 INFO [auto-plan] mad: plan-inbox=1, reviewing-plan=0
2026-03-06 21:26:01,258 INFO [auto-plan] Starting: Bug: cannot create new item from webui (plan-inbox)
2026-03-06 21:26:01,258 INFO [auto-impl] Skipping - implementation already in progress
2026-03-06 21:26:01,283 INFO [planning] Starting: Bug: cannot create new item from webui
2026-03-06 21:26:01,299 INFO [runner] Wrote instructions for 'bug-cannot-create-new-item-from-webui': 3528 chars
2026-03-06 21:26:01,299 INFO [runner] Instructions preview: Code Path: /home/paule/MAD
Context File: /home/paule/MAD/.mad/CONTEXT.md

# Design Planning: Bug: cannot create new item from webui

**Description:** Two related bugs: (1) Creating a new item from the...
2026-03-06 21:26:01,300 INFO Starting claude in cwd=/home/paule/MAD with cmd: ['claude', '-p', 'Read /home/paule/MAD/.tmp/bug-cannot-create-new-item-from-webui.instructions and follow the instructions exactly.', '--dangerously-skip-permissions']
2026-03-06 21:26:01,300 INFO status.feature_slug = 'bug-cannot-create-new-item-from-webui'
2026-03-06 21:26:01,300 INFO Logging to: /home/paule/MAD/logs/claude-bug-cannot-create-new-item-from-webui-1772861161.log
2026-03-06 21:26:11,259 INFO [auto-plan] Skipping - planning already in progress
2026-03-06 21:26:11,260 INFO [auto-impl] Skipping - implementation already in progress
2026-03-06 21:26:21,234 INFO [auto-plan] Skipping - planning already in progress
2026-03-06 21:26:21,234 INFO [auto-impl] Skipping - implementation already in progress
2026-03-06 21:26:31,231 INFO [auto-plan] Skipping - planning already in progress
2026-03-06 21:26:31,231 INFO [auto-impl] Skipping - implementation already in progress
2026-03-06 21:26:41,239 INFO [auto-plan] Skipping - planning already in progress
2026-03-06 21:26:41,239 INFO [auto-impl] Skipping - implementation already in progress
2026-03-06 21:26:51,226 INFO [auto-plan] Skipping - planning already in progress
2026-03-06 21:26:51,226 INFO [auto-impl] Skipping - implementation already in progress
2026-03-06 21:27:01,231 INFO [auto-plan] Skipping - planning already in progress
2026-03-06 21:27:01,231 INFO [auto-impl] Skipping - implementation already in progress
2026-03-06 21:27:11,229 INFO [auto-plan] Skipping - planning already in progress
2026-03-06 21:27:11,230 INFO [auto-impl] Skipping - implementation already in progress
2026-03-06 21:27:21,223 INFO [auto-plan] Skipping - planning already in progress
2026-03-06 21:27:21,223 INFO [auto-impl] Skipping - implementation already in progress
2026-03-06 21:27:31,223 INFO [auto-plan] Skipping - planning already in progress
2026-03-06 21:27:31,223 INFO [auto-impl] Skipping - implementation already in progress
2026-03-06 21:27:41,226 INFO [auto-plan] Skipping - planning already in progress
2026-03-06 21:27:41,226 INFO [auto-impl] Skipping - implementation already in progress
2026-03-06 21:27:51,216 INFO [auto-plan] Skipping - planning already in progress
2026-03-06 21:27:51,216 INFO [auto-impl] Skipping - implementation already in progress
2026-03-06 21:28:01,217 INFO [auto-plan] Skipping - planning already in progress
2026-03-06 21:28:01,217 INFO [auto-impl] Skipping - implementation already in progress
2026-03-06 21:28:11,213 INFO [auto-plan] Skipping - planning already in progress
2026-03-06 21:28:11,213 INFO [auto-impl] Skipping - implementation already in progress
2026-03-06 21:28:21,213 INFO [auto-plan] Skipping - planning already in progress
2026-03-06 21:28:21,213 INFO [auto-impl] Skipping - implementation already in progress
2026-03-06 21:28:31,208 INFO [auto-plan] Skipping - planning already in progress
2026-03-06 21:28:31,208 INFO [auto-impl] Skipping - implementation already in progress
2026-03-06 21:28:41,213 INFO [auto-plan] Skipping - planning already in progress
2026-03-06 21:28:41,213 INFO [auto-impl] Skipping - implementation already in progress
2026-03-06 21:28:51,216 INFO [auto-plan] Skipping - planning already in progress
2026-03-06 21:28:51,217 INFO [auto-impl] Skipping - implementation already in progress
2026-03-06 21:29:01,203 INFO [auto-plan] Skipping - planning already in progress
2026-03-06 21:29:01,204 INFO [auto-impl] Skipping - implementation already in progress
2026-03-06 21:29:11,191 INFO [auto-plan] Skipping - planning already in progress
2026-03-06 21:29:11,191 INFO [auto-impl] Skipping - implementation already in progress
2026-03-06 21:29:19,211 INFO Planning output length: 809 chars
2026-03-06 21:29:19,212 INFO Matched JSON: {{range .Boards}}...
2026-03-06 21:29:19,212 INFO JSON decode error: Expecting property name enclosed in double quotes: line 1 column 2 (char 1), matched: {{range .Boards}}
2026-03-06 21:29:19,212 INFO No valid JSON found, using fallback
2026-03-06 21:29:19,223 WARNING [git] Commit failed: Command '['git', 'add', '-A', '.mad/boards/', '.mad/logs/']' returned non-zero exit status 1.
2026-03-06 21:29:19,223 INFO Plan generated. Feature moved to reviewing-plan.
2026-03-06 21:29:19,223 INFO [bold blue]Reviewing Plan:[/bold blue] Bug: cannot create new item from webui
2026-03-06 21:29:19,223 INFO [plan-review] Starting: Bug: cannot create new item from webui
2026-03-06 21:29:19,225 INFO [runner] Wrote instructions for 'bug-cannot-create-new-item-from-webui': 2350 chars
2026-03-06 21:29:19,225 INFO [runner] Instructions preview: Code Path: /home/paule/MAD
Context File: /home/paule/MAD/.mad/CONTEXT.md

You are a senior software architect reviewing a feature plan.

## Feature: Bug: cannot create new item from webui

### Origina...
2026-03-06 21:29:19,226 INFO Starting kilo in cwd=/home/paule/MAD with cmd: ['kilo', 'run', '--auto', 'Read /home/paule/MAD/.tmp/bug-cannot-create-new-item-from-webui.instructions and follow the instructions exactly.']
2026-03-06 21:29:19,226 INFO status.feature_slug = 'bug-cannot-create-new-item-from-webui'
2026-03-06 21:29:19,226 INFO Logging to: /home/paule/MAD/logs/kilo-bug-cannot-create-new-item-from-webui-1772861359.log
2026-03-06 21:29:21,221 INFO [auto-plan] Skipping - planning already in progress
2026-03-06 21:29:21,221 INFO [auto-impl] Skipping - implementation already in progress
2026-03-06 21:29:31,196 INFO [auto-plan] Skipping - planning already in progress
2026-03-06 21:29:31,196 INFO [auto-impl] Skipping - implementation already in progress
2026-03-06 21:29:41,196 INFO [auto-plan] Skipping - planning already in progress
2026-03-06 21:29:41,197 INFO [auto-impl] Skipping - implementation already in progress
2026-03-06 21:29:51,193 INFO [auto-plan] Skipping - planning already in progress
2026-03-06 21:29:51,193 INFO [auto-impl] Skipping - implementation already in progress
2026-03-06 21:30:01,189 INFO [auto-plan] Skipping - planning already in progress
2026-03-06 21:30:01,189 INFO [auto-impl] Skipping - implementation already in progress
2026-03-06 21:30:11,187 INFO [auto-plan] Skipping - planning already in progress
2026-03-06 21:30:11,188 INFO [auto-impl] Skipping - implementation already in progress
2026-03-06 21:30:21,185 INFO [auto-plan] Skipping - planning already in progress
2026-03-06 21:30:21,185 INFO [auto-impl] Skipping - implementation already in progress
2026-03-06 21:30:31,185 INFO [auto-plan] Skipping - planning already in progress
2026-03-06 21:30:31,185 INFO [auto-impl] Skipping - implementation already in progress
2026-03-06 21:30:41,184 INFO [auto-plan] Skipping - planning already in progress
2026-03-06 21:30:41,184 INFO [auto-impl] Skipping - implementation already in progress
2026-03-06 21:30:51,179 INFO [auto-plan] Skipping - planning already in progress
2026-03-06 21:30:51,179 INFO [auto-impl] Skipping - implementation already in progress
2026-03-06 21:31:01,181 INFO [auto-plan] Skipping - planning already in progress
2026-03-06 21:31:01,181 INFO [auto-impl] Skipping - implementation already in progress
2026-03-06 21:31:11,178 INFO [auto-plan] Skipping - planning already in progress
2026-03-06 21:31:11,178 INFO [auto-impl] Skipping - implementation already in progress
2026-03-06 21:31:21,173 INFO [auto-plan] Skipping - planning already in progress
2026-03-06 21:31:21,173 INFO [auto-impl] Skipping - implementation already in progress
2026-03-06 21:31:31,177 INFO [auto-plan] Skipping - planning already in progress
2026-03-06 21:31:31,177 INFO [auto-impl] Skipping - implementation already in progress
2026-03-06 21:31:41,176 INFO [auto-plan] Skipping - planning already in progress
2026-03-06 21:31:41,176 INFO [auto-impl] Skipping - implementation already in progress
2026-03-06 21:31:51,167 INFO [auto-plan] Skipping - planning already in progress
2026-03-06 21:31:51,167 INFO [auto-impl] Skipping - implementation already in progress
2026-03-06 21:32:01,170 INFO [auto-plan] Skipping - planning already in progress
2026-03-06 21:32:01,170 INFO [auto-impl] Skipping - implementation already in progress
2026-03-06 21:32:11,170 INFO [auto-plan] Skipping - planning already in progress
2026-03-06 21:32:11,171 INFO [auto-impl] Skipping - implementation already in progress
2026-03-06 21:32:21,181 INFO [auto-plan] Checking boards: ['mad']
2026-03-06 21:32:21,182 INFO [auto-plan] mad: plan-inbox=0, reviewing-plan=0
2026-03-06 21:32:21,182 INFO [auto-impl] Skipping - implementation already in progress
2026-03-06 21:32:31,159 INFO [auto-plan] Checking boards: ['mad']
2026-03-06 21:32:31,159 INFO [auto-plan] mad: plan-inbox=0, reviewing-plan=0
2026-03-06 21:32:31,160 INFO [auto-impl] Skipping - implementation already in progress
2026-03-06 21:32:41,162 INFO [auto-plan] Checking boards: ['mad']
2026-03-06 21:32:41,163 INFO [auto-plan] mad: plan-inbox=0, reviewing-plan=0
2026-03-06 21:32:41,163 INFO [auto-impl] Skipping - implementation already in progress
2026-03-06 21:32:51,155 INFO [auto-plan] Checking boards: ['mad']
2026-03-06 21:32:51,155 INFO [auto-plan] mad: plan-inbox=0, reviewing-plan=0
2026-03-06 21:32:51,155 INFO [auto-impl] Skipping - implementation already in progress
2026-03-06 21:33:01,151 INFO [auto-plan] Checking boards: ['mad']
2026-03-06 21:33:01,151 INFO [auto-plan] mad: plan-inbox=0, reviewing-plan=0
2026-03-06 21:33:01,151 INFO [auto-impl] Skipping - implementation already in progress
2026-03-06 21:33:11,151 INFO [auto-plan] Checking boards: ['mad']
2026-03-06 21:33:11,152 INFO [auto-plan] mad: plan-inbox=0, reviewing-plan=0
2026-03-06 21:33:11,152 INFO [auto-impl] Skipping - implementation already in progress
2026-03-06 21:33:21,149 INFO [auto-plan] Checking boards: ['mad']
2026-03-06 21:33:21,149 INFO [auto-plan] mad: plan-inbox=0, reviewing-plan=0
2026-03-06 21:33:21,149 INFO [auto-impl] Skipping - implementation already in progress
2026-03-06 21:33:31,150 INFO [auto-plan] Checking boards: ['mad']
2026-03-06 21:33:31,150 INFO [auto-plan] mad: plan-inbox=0, reviewing-plan=0
2026-03-06 21:33:31,150 INFO [auto-impl] Skipping - implementation already in progress
2026-03-06 21:33:41,150 INFO [auto-plan] Checking boards: ['mad']
2026-03-06 21:33:41,150 INFO [auto-plan] mad: plan-inbox=0, reviewing-plan=0
2026-03-06 21:33:41,150 INFO [auto-impl] Skipping - implementation already in progress
2026-03-06 21:33:51,143 INFO [auto-plan] Checking boards: ['mad']
2026-03-06 21:33:51,144 INFO [auto-plan] mad: plan-inbox=0, reviewing-plan=0
2026-03-06 21:33:51,146 INFO [auto-impl] Skipping - implementation already in progress
2026-03-06 21:34:01,144 INFO [auto-plan] Checking boards: ['mad']
2026-03-06 21:34:01,144 INFO [auto-plan] mad: plan-inbox=0, reviewing-plan=0
2026-03-06 21:34:01,144 INFO [auto-impl] Skipping - implementation already in progress
2026-03-06 21:34:11,143 INFO [auto-plan] Checking boards: ['mad']
2026-03-06 21:34:11,144 INFO [auto-plan] mad: plan-inbox=0, reviewing-plan=0
2026-03-06 21:34:11,144 INFO [auto-impl] Skipping - implementation already in progress
2026-03-06 21:34:21,135 INFO [auto-plan] Checking boards: ['mad']
2026-03-06 21:34:21,136 INFO [auto-plan] mad: plan-inbox=0, reviewing-plan=0
2026-03-06 21:34:21,136 INFO [auto-impl] Skipping - implementation already in progress
2026-03-06 21:34:31,135 INFO [auto-plan] Checking boards: ['mad']
2026-03-06 21:34:31,135 INFO [auto-plan] mad: plan-inbox=0, reviewing-plan=0
2026-03-06 21:34:31,135 INFO [auto-impl] Skipping - implementation already in progress
2026-03-06 21:34:41,135 INFO [auto-plan] Checking boards: ['mad']
2026-03-06 21:34:41,135 INFO [auto-plan] mad: plan-inbox=0, reviewing-plan=0
2026-03-06 21:34:41,135 INFO [auto-impl] Skipping - implementation already in progress
2026-03-06 21:34:44,110 INFO Agent B: Generating test spec...
2026-03-06 21:34:51,154 INFO [auto-plan] Checking boards: ['mad']
2026-03-06 21:34:51,154 INFO [auto-plan] mad: plan-inbox=0, reviewing-plan=0
2026-03-06 21:34:51,154 INFO [auto-impl] Checking boards: ['mad']
2026-03-06 21:34:51,154 INFO [auto-impl] Board 'mad', stage 'review': 0 features
2026-03-06 21:34:51,155 INFO [auto-impl] Board 'mad', stage 'testing': 0 features
2026-03-06 21:34:51,155 INFO [auto-impl] Board 'mad', stage 'implementing': 0 features
2026-03-06 21:34:51,155 INFO [auto-impl] Board 'mad', stage 'spec-writing': 1 features
2026-03-06 21:34:51,155 INFO [auto-impl] Starting: AI Agent Checkpoint System (spec-writing)
2026-03-06 21:34:51,204 INFO [bold blue]Spec Writing:[/bold blue] AI Agent Checkpoint System
2026-03-06 21:34:51,204 INFO [spec-writing] Starting: AI Agent Checkpoint System
2026-03-06 21:34:51,206 INFO Agent A: Generating implementation spec...
2026-03-06 21:35:01,154 INFO [auto-plan] Checking boards: ['mad']
2026-03-06 21:35:01,154 INFO [auto-plan] mad: plan-inbox=0, reviewing-plan=0
2026-03-06 21:35:11,133 INFO [auto-plan] Checking boards: ['mad']
2026-03-06 21:35:11,133 INFO [auto-plan] mad: plan-inbox=0, reviewing-plan=0
2026-03-06 21:35:21,127 INFO [auto-plan] Checking boards: ['mad']
2026-03-06 21:35:21,127 INFO [auto-plan] mad: plan-inbox=0, reviewing-plan=0
2026-03-06 21:35:31,127 INFO [auto-plan] Checking boards: ['mad']
2026-03-06 21:35:31,127 INFO [auto-plan] mad: plan-inbox=0, reviewing-plan=0
2026-03-06 21:35:41,125 INFO [auto-plan] Checking boards: ['mad']
2026-03-06 21:35:41,126 INFO [auto-plan] mad: plan-inbox=0, reviewing-plan=0
2026-03-06 21:35:51,120 INFO [auto-plan] Checking boards: ['mad']
2026-03-06 21:35:51,120 INFO [auto-plan] mad: plan-inbox=0, reviewing-plan=0
2026-03-06 21:35:58,547 INFO Connected to server as 'wsl-mad-cwd'
2026-03-06 21:36:01,487 INFO Connected to server as 'wsl-mad-cwd'
2026-03-06 21:36:11,235 INFO [auto-plan] Checking boards: ['mad']
2026-03-06 21:36:11,236 INFO [auto-plan] mad: plan-inbox=0, reviewing-plan=0
2026-03-06 21:36:11,236 INFO [auto-impl] Checking boards: ['mad']
2026-03-06 21:36:11,236 INFO [auto-impl] Board 'mad', stage 'review': 0 features
2026-03-06 21:36:11,236 INFO [auto-impl] Board 'mad', stage 'testing': 0 features
2026-03-06 21:36:11,236 INFO [auto-impl] Board 'mad', stage 'implementing': 0 features
2026-03-06 21:36:11,236 INFO [auto-impl] Board 'mad', stage 'spec-writing': 1 features
2026-03-06 21:36:11,236 INFO [auto-impl] Starting: AI Agent Checkpoint System (spec-writing)
2026-03-06 21:36:11,279 INFO [bold blue]Spec Writing:[/bold blue] AI Agent Checkpoint System
2026-03-06 21:36:11,279 INFO [spec-writing] Starting: AI Agent Checkpoint System
2026-03-06 21:36:11,281 INFO Agent A: Generating implementation spec...
2026-03-06 21:36:21,231 INFO [auto-plan] Checking boards: ['mad']
2026-03-06 21:36:21,231 INFO [auto-plan] mad: plan-inbox=0, reviewing-plan=0
2026-03-06 21:36:31,208 INFO [auto-plan] Checking boards: ['mad']
2026-03-06 21:36:31,208 INFO [auto-plan] mad: plan-inbox=0, reviewing-plan=0
2026-03-06 21:36:41,210 INFO [auto-plan] Checking boards: ['mad']
2026-03-06 21:36:41,211 INFO [auto-plan] mad: plan-inbox=0, reviewing-plan=0
2026-03-06 21:36:51,200 INFO [auto-plan] Checking boards: ['mad']
2026-03-06 21:36:51,200 INFO [auto-plan] mad: plan-inbox=0, reviewing-plan=0
2026-03-06 21:37:01,199 INFO [auto-plan] Checking boards: ['mad']
2026-03-06 21:37:01,200 INFO [auto-plan] mad: plan-inbox=0, reviewing-plan=0
2026-03-06 21:37:11,200 INFO [auto-plan] Checking boards: ['mad']
2026-03-06 21:37:11,201 INFO [auto-plan] mad: plan-inbox=0, reviewing-plan=0
2026-03-06 21:37:45,882 INFO Connected to server as 'wsl-mad-cwd'
2026-03-06 21:37:48,990 INFO [bold blue]Spec Writing:[/bold blue] AI Agent Checkpoint System
2026-03-06 21:37:48,990 INFO [spec-writing] Starting: AI Agent Checkpoint System
2026-03-06 21:37:48,993 INFO Agent A: Generating implementation spec...
2026-03-06 21:39:06,983 INFO Connected to server as 'wsl-mad-cwd'
2026-03-06 21:39:09,176 INFO [bold blue]Spec Writing:[/bold blue] AI Agent Checkpoint System
2026-03-06 21:39:09,176 INFO [spec-writing] Starting: AI Agent Checkpoint System
2026-03-06 21:39:09,179 INFO Agent A: Generating implementation spec...
2026-03-06 21:39:10,403 INFO [bold blue]Spec Writing:[/bold blue] AI Agent Checkpoint System
2026-03-06 21:39:10,403 INFO [spec-writing] Starting: AI Agent Checkpoint System
2026-03-06 21:39:10,404 INFO Agent A: Generating implementation spec...
2026-03-06 21:39:10,848 INFO [bold blue]Spec Writing:[/bold blue] AI Agent Checkpoint System
2026-03-06 21:39:10,848 INFO [spec-writing] Starting: AI Agent Checkpoint System
2026-03-06 21:39:10,851 INFO Agent A: Generating implementation spec...
2026-03-06 21:39:11,237 INFO [bold blue]Spec Writing:[/bold blue] AI Agent Checkpoint System
2026-03-06 21:39:11,237 INFO [spec-writing] Starting: AI Agent Checkpoint System
2026-03-06 21:39:11,240 INFO Agent A: Generating implementation spec...
2026-03-06 21:39:11,621 INFO [bold blue]Spec Writing:[/bold blue] AI Agent Checkpoint System
2026-03-06 21:39:11,622 INFO [spec-writing] Starting: AI Agent Checkpoint System
2026-03-06 21:39:11,623 INFO Agent A: Generating implementation spec...
2026-03-06 21:39:12,010 INFO [bold blue]Spec Writing:[/bold blue] AI Agent Checkpoint System
2026-03-06 21:39:12,010 INFO [spec-writing] Starting: AI Agent Checkpoint System
2026-03-06 21:39:12,012 INFO Agent A: Generating implementation spec...
2026-03-06 21:39:12,376 INFO [bold blue]Spec Writing:[/bold blue] AI Agent Checkpoint System
2026-03-06 21:39:12,376 INFO [spec-writing] Starting: AI Agent Checkpoint System
2026-03-06 21:39:12,378 INFO Agent A: Generating implementation spec...
2026-03-06 21:39:12,773 INFO [bold blue]Spec Writing:[/bold blue] AI Agent Checkpoint System
2026-03-06 21:39:12,773 INFO [spec-writing] Starting: AI Agent Checkpoint System
2026-03-06 21:39:12,775 INFO Agent A: Generating implementation spec...
2026-03-06 21:39:13,179 INFO [bold blue]Spec Writing:[/bold blue] AI Agent Checkpoint System
2026-03-06 21:39:13,179 INFO [spec-writing] Starting: AI Agent Checkpoint System
2026-03-06 21:39:13,180 INFO Agent A: Generating implementation spec...
2026-03-06 21:39:13,669 INFO [bold blue]Spec Writing:[/bold blue] AI Agent Checkpoint System
2026-03-06 21:39:13,669 INFO [spec-writing] Starting: AI Agent Checkpoint System
2026-03-06 21:39:13,671 INFO Agent A: Generating implementation spec...
2026-03-06 21:39:14,885 INFO [bold blue]Spec Writing:[/bold blue] AI Agent Checkpoint System
2026-03-06 21:39:14,885 INFO [spec-writing] Starting: AI Agent Checkpoint System
2026-03-06 21:39:14,887 INFO Agent A: Generating implementation spec...
2026-03-06 21:40:11,919 INFO Connected to server as 'wsl-mad-cwd'
2026-03-06 21:43:11,661 INFO Connected to server as 'wsl-mad-cwd'
2026-03-06 21:43:17,203 INFO [bold blue]Spec Writing:[/bold blue] AI Agent Checkpoint System
2026-03-06 21:43:17,204 INFO [spec-writing] Starting: AI Agent Checkpoint System
2026-03-06 21:43:17,205 INFO Agent A: Generating implementation spec...
2026-03-06 21:44:32,755 INFO Connected to server as 'wsl-mad-cwd'
2026-03-06 21:45:20,462 INFO Connected to server as 'wsl-mad-cwd'
2026-03-06 21:45:30,214 INFO [auto-plan] Checking boards: ['mad']
2026-03-06 21:45:30,214 INFO [auto-plan] mad: plan-inbox=0, reviewing-plan=0
2026-03-06 21:45:30,214 INFO [auto-impl] Checking boards: ['mad']
2026-03-06 21:45:30,214 INFO [auto-impl] Board 'mad', stage 'review': 0 features
2026-03-06 21:45:30,214 INFO [auto-impl] Board 'mad', stage 'testing': 0 features
2026-03-06 21:45:30,215 INFO [auto-impl] Board 'mad', stage 'implementing': 0 features
2026-03-06 21:45:30,215 INFO [auto-impl] Board 'mad', stage 'spec-writing': 1 features
2026-03-06 21:45:30,215 INFO [auto-impl] Starting: AI Agent Checkpoint System (spec-writing)
2026-03-06 21:45:30,243 INFO [bold blue]Spec Writing:[/bold blue] AI Agent Checkpoint System
2026-03-06 21:45:30,244 INFO [spec-writing] Starting: AI Agent Checkpoint System
2026-03-06 21:45:30,246 INFO Agent A: Generating implementation spec...
2026-03-06 21:47:00,096 INFO Connected to server as 'wsl-mad-cwd'
2026-03-06 21:47:04,765 INFO [bold blue]Spec Writing:[/bold blue] AI Agent Checkpoint System
2026-03-06 21:47:04,765 INFO [spec-writing] Starting: AI Agent Checkpoint System
2026-03-06 21:47:04,766 INFO Agent A: Generating implementation spec...
2026-03-06 21:47:23,851 INFO Connected to server as 'wsl-mad-cwd'
2026-03-06 21:47:30,998 INFO [bold blue]Spec Writing:[/bold blue] AI Agent Checkpoint System
2026-03-06 21:47:30,998 INFO [spec-writing] Starting: AI Agent Checkpoint System
2026-03-06 21:47:31,001 INFO Agent A: Generating implementation spec...
2026-03-06 21:47:38,874 INFO Connected to server as 'wsl-mad-cwd'
2026-03-06 21:47:40,055 INFO [bold blue]Spec Writing:[/bold blue] AI Agent Checkpoint System
2026-03-06 21:47:40,055 INFO [spec-writing] Starting: AI Agent Checkpoint System
2026-03-06 21:47:40,056 INFO Agent A: Generating implementation spec...
2026-03-06 23:13:44,208 INFO Connected to server as 'wsl-mad-cwd'
2026-03-06 23:13:53,949 INFO [auto-plan] Checking boards: ['mad']
2026-03-06 23:13:53,949 INFO [auto-plan] mad: plan-inbox=0, reviewing-plan=0
2026-03-06 23:13:53,949 INFO [auto-impl] Checking boards: ['mad']
2026-03-06 23:13:53,949 INFO [auto-impl] Board 'mad', stage 'review': 0 features
2026-03-06 23:13:53,950 INFO [auto-impl] Board 'mad', stage 'testing': 0 features
2026-03-06 23:13:53,950 INFO [auto-impl] Board 'mad', stage 'implementing': 0 features
2026-03-06 23:13:53,950 INFO [auto-impl] Board 'mad', stage 'spec-writing': 1 features
2026-03-06 23:13:53,950 INFO [auto-impl] Starting: AI Agent Checkpoint System (spec-writing)
2026-03-06 23:13:53,997 INFO [bold blue]Spec Writing:[/bold blue] AI Agent Checkpoint System
2026-03-06 23:13:54,005 INFO [spec-writing] Starting: AI Agent Checkpoint System
2026-03-06 23:13:54,008 INFO Agent A: Generating implementation spec...
2026-03-06 23:13:54,009 INFO [runner] Wrote instructions for 'ai-agent-checkpoint-system': 13005 chars
2026-03-06 23:13:54,009 INFO [runner] Instructions preview: Code Path: /home/paule/MAD
Context File: /home/paule/MAD/.mad/CONTEXT.md

You are an implementer breaking down a feature plan into concrete coding tasks.

Feature: AI Agent Checkpoint System

Plan:
# ...
2026-03-06 23:13:54,010 INFO Starting kilo in cwd=/home/paule/MAD with cmd: ['kilo', 'run', '--auto', 'Read /home/paule/MAD/.tmp/ai-agent-checkpoint-system.instructions and follow the instructions exactly.']
2026-03-06 23:13:54,010 INFO status.feature_slug = 'ai-agent-checkpoint-system'
2026-03-06 23:13:54,010 INFO Logging to: /home/paule/MAD/logs/kilo-ai-agent-checkpoint-system-1772867634.log
2026-03-06 23:14:03,940 INFO [auto-plan] Checking boards: ['mad']
2026-03-06 23:14:03,940 INFO [auto-plan] mad: plan-inbox=0, reviewing-plan=0
2026-03-06 23:14:03,940 INFO [auto-impl] Skipping - implementation already in progress
2026-03-06 23:14:13,918 INFO [auto-plan] Checking boards: ['mad']
2026-03-06 23:14:13,918 INFO [auto-plan] mad: plan-inbox=0, reviewing-plan=0
2026-03-06 23:14:13,918 INFO [auto-impl] Skipping - implementation already in progress
2026-03-06 23:14:23,917 INFO [auto-plan] Checking boards: ['mad']
2026-03-06 23:14:23,918 INFO [auto-plan] mad: plan-inbox=0, reviewing-plan=0
2026-03-06 23:14:23,918 INFO [auto-impl] Skipping - implementation already in progress
2026-03-06 23:14:33,913 INFO [auto-plan] Checking boards: ['mad']
2026-03-06 23:14:33,914 INFO [auto-plan] mad: plan-inbox=0, reviewing-plan=0
2026-03-06 23:14:33,914 INFO [auto-impl] Skipping - implementation already in progress
2026-03-06 23:14:43,916 INFO [auto-plan] Checking boards: ['mad']
2026-03-06 23:14:43,917 INFO [auto-plan] mad: plan-inbox=0, reviewing-plan=0
2026-03-06 23:14:43,917 INFO [auto-impl] Skipping - implementation already in progress
2026-03-06 23:14:53,911 INFO [auto-plan] Checking boards: ['mad']
2026-03-06 23:14:53,911 INFO [auto-plan] mad: plan-inbox=0, reviewing-plan=0
2026-03-06 23:14:53,911 INFO [auto-impl] Skipping - implementation already in progress
2026-03-06 23:15:03,915 INFO [auto-plan] Checking boards: ['mad']
2026-03-06 23:15:03,916 INFO [auto-plan] mad: plan-inbox=0, reviewing-plan=0
2026-03-06 23:15:03,916 INFO [auto-impl] Skipping - implementation already in progress
2026-03-06 23:15:13,911 INFO [auto-plan] Checking boards: ['mad']
2026-03-06 23:15:13,911 INFO [auto-plan] mad: plan-inbox=0, reviewing-plan=0
2026-03-06 23:15:13,911 INFO [auto-impl] Skipping - implementation already in progress
2026-03-06 23:15:23,915 INFO [auto-plan] Checking boards: ['mad']
2026-03-06 23:15:23,916 INFO [auto-plan] mad: plan-inbox=0, reviewing-plan=0
2026-03-06 23:15:23,916 INFO [auto-impl] Skipping - implementation already in progress
2026-03-06 23:15:33,913 INFO [auto-plan] Checking boards: ['mad']
2026-03-06 23:15:33,914 INFO [auto-plan] mad: plan-inbox=0, reviewing-plan=0
2026-03-06 23:15:33,914 INFO [auto-impl] Skipping - implementation already in progress
2026-03-06 23:15:43,916 INFO [auto-plan] Checking boards: ['mad']
2026-03-06 23:15:43,916 INFO [auto-plan] mad: plan-inbox=0, reviewing-plan=0
2026-03-06 23:15:43,917 INFO [auto-impl] Skipping - implementation already in progress
2026-03-06 23:15:53,909 INFO [auto-plan] Checking boards: ['mad']
2026-03-06 23:15:53,910 INFO [auto-plan] mad: plan-inbox=0, reviewing-plan=0
2026-03-06 23:15:53,910 INFO [auto-impl] Skipping - implementation already in progress
2026-03-06 23:16:03,906 INFO [auto-plan] Checking boards: ['mad']
2026-03-06 23:16:03,906 INFO [auto-plan] mad: plan-inbox=0, reviewing-plan=0
2026-03-06 23:16:03,906 INFO [auto-impl] Skipping - implementation already in progress
2026-03-06 23:16:13,913 INFO [auto-plan] Checking boards: ['mad']
2026-03-06 23:16:13,913 INFO [auto-plan] mad: plan-inbox=0, reviewing-plan=0
2026-03-06 23:16:13,913 INFO [auto-impl] Skipping - implementation already in progress
2026-03-06 23:16:23,910 INFO [auto-plan] Checking boards: ['mad']
2026-03-06 23:16:23,913 INFO [auto-plan] mad: plan-inbox=0, reviewing-plan=0
2026-03-06 23:16:23,913 INFO [auto-impl] Skipping - implementation already in progress
2026-03-06 23:16:33,909 INFO [auto-plan] Checking boards: ['mad']
2026-03-06 23:16:33,910 INFO [auto-plan] mad: plan-inbox=0, reviewing-plan=0
2026-03-06 23:16:33,910 INFO [auto-impl] Skipping - implementation already in progress
2026-03-06 23:16:43,903 INFO [auto-plan] Checking boards: ['mad']
2026-03-06 23:16:43,904 INFO [auto-plan] mad: plan-inbox=0, reviewing-plan=0
2026-03-06 23:16:43,904 INFO [auto-impl] Skipping - implementation already in progress
2026-03-06 23:16:53,904 INFO [auto-plan] Checking boards: ['mad']
2026-03-06 23:16:53,905 INFO [auto-plan] mad: plan-inbox=0, reviewing-plan=0
2026-03-06 23:16:53,905 INFO [auto-impl] Skipping - implementation already in progress
2026-03-06 23:17:03,900 INFO [auto-plan] Checking boards: ['mad']
2026-03-06 23:17:03,901 INFO [auto-plan] mad: plan-inbox=0, reviewing-plan=0
2026-03-06 23:17:03,901 INFO [auto-impl] Skipping - implementation already in progress
2026-03-06 23:17:13,900 INFO [auto-plan] Checking boards: ['mad']
2026-03-06 23:17:13,900 INFO [auto-plan] mad: plan-inbox=0, reviewing-plan=0
2026-03-06 23:17:13,900 INFO [auto-impl] Skipping - implementation already in progress
2026-03-06 23:17:23,898 INFO [auto-plan] Checking boards: ['mad']
2026-03-06 23:17:23,899 INFO [auto-plan] mad: plan-inbox=0, reviewing-plan=0
2026-03-06 23:17:23,899 INFO [auto-impl] Skipping - implementation already in progress
2026-03-06 23:17:33,897 INFO [auto-plan] Checking boards: ['mad']
2026-03-06 23:17:33,897 INFO [auto-plan] mad: plan-inbox=0, reviewing-plan=0
2026-03-06 23:17:33,897 INFO [auto-impl] Skipping - implementation already in progress
2026-03-06 23:17:43,898 INFO [auto-plan] Checking boards: ['mad']
2026-03-06 23:17:43,898 INFO [auto-plan] mad: plan-inbox=0, reviewing-plan=0
2026-03-06 23:17:43,898 INFO [auto-impl] Skipping - implementation already in progress
2026-03-06 23:17:53,900 INFO [auto-plan] Checking boards: ['mad']
2026-03-06 23:17:53,901 INFO [auto-plan] mad: plan-inbox=0, reviewing-plan=0
2026-03-06 23:17:53,901 INFO [auto-impl] Skipping - implementation already in progress
2026-03-06 23:18:03,295 INFO Agent B: Generating test spec...
2026-03-06 23:18:03,923 INFO [auto-plan] Checking boards: ['mad']
2026-03-06 23:18:03,923 INFO [auto-plan] mad: plan-inbox=0, reviewing-plan=0
2026-03-06 23:18:03,923 INFO [auto-impl] Checking boards: ['mad']
2026-03-06 23:18:03,923 INFO [auto-impl] Board 'mad', stage 'review': 0 features
2026-03-06 23:18:03,923 INFO [auto-impl] Board 'mad', stage 'testing': 0 features
2026-03-06 23:18:03,923 INFO [auto-impl] Board 'mad', stage 'implementing': 0 features
2026-03-06 23:18:03,924 INFO [auto-impl] Board 'mad', stage 'spec-writing': 1 features
2026-03-06 23:18:03,924 INFO [auto-impl] Starting: AI Agent Checkpoint System (spec-writing)
2026-03-06 23:18:03,972 INFO [bold blue]Spec Writing:[/bold blue] AI Agent Checkpoint System
2026-03-06 23:18:03,972 INFO [spec-writing] Starting: AI Agent Checkpoint System
2026-03-06 23:18:03,976 INFO Agent A: Generating implementation spec...
2026-03-06 23:18:13,918 INFO [auto-plan] Checking boards: ['mad']
2026-03-06 23:18:13,919 INFO [auto-plan] mad: plan-inbox=0, reviewing-plan=0
2026-03-06 23:18:23,895 INFO [auto-plan] Checking boards: ['mad']
2026-03-06 23:18:23,896 INFO [auto-plan] mad: plan-inbox=0, reviewing-plan=0
2026-03-06 23:18:33,895 INFO [auto-plan] Checking boards: ['mad']
2026-03-06 23:18:33,895 INFO [auto-plan] mad: plan-inbox=0, reviewing-plan=0
2026-03-06 23:18:43,895 INFO [auto-plan] Checking boards: ['mad']
2026-03-06 23:18:43,895 INFO [auto-plan] mad: plan-inbox=0, reviewing-plan=0
2026-03-06 23:18:53,892 INFO [auto-plan] Checking boards: ['mad']
2026-03-06 23:18:53,892 INFO [auto-plan] mad: plan-inbox=0, reviewing-plan=0
2026-03-06 23:19:03,897 INFO [auto-plan] Checking boards: ['mad']
2026-03-06 23:19:03,897 INFO [auto-plan] mad: plan-inbox=0, reviewing-plan=0
2026-03-06 23:19:13,898 INFO [auto-plan] Checking boards: ['mad']
2026-03-06 23:19:13,898 INFO [auto-plan] mad: plan-inbox=0, reviewing-plan=0
2026-03-06 23:19:13,899 INFO [auto-impl] Checking boards: ['mad']
2026-03-06 23:19:13,899 INFO [auto-impl] Board 'mad', stage 'review': 0 features
2026-03-06 23:19:13,899 INFO [auto-impl] Board 'mad', stage 'testing': 0 features
2026-03-06 23:19:13,899 INFO [auto-impl] Board 'mad', stage 'implementing': 0 features
2026-03-06 23:19:13,900 INFO [auto-impl] Board 'mad', stage 'spec-writing': 1 features
2026-03-06 23:19:13,900 INFO [auto-impl] Starting: AI Agent Checkpoint System (spec-writing)
2026-03-06 23:19:13,918 INFO [bold blue]Spec Writing:[/bold blue] AI Agent Checkpoint System
2026-03-06 23:19:13,918 INFO [spec-writing] Starting: AI Agent Checkpoint System
2026-03-06 23:19:13,920 INFO Agent A: Generating implementation spec...
2026-03-06 23:19:23,913 INFO [auto-plan] Checking boards: ['mad']
2026-03-06 23:19:23,913 INFO [auto-plan] mad: plan-inbox=0, reviewing-plan=0
2026-03-06 23:19:33,893 INFO [auto-plan] Checking boards: ['mad']
2026-03-06 23:19:33,894 INFO [auto-plan] mad: plan-inbox=0, reviewing-plan=0
2026-03-06 23:19:43,887 INFO [auto-plan] Checking boards: ['mad']
2026-03-06 23:19:43,888 INFO [auto-plan] mad: plan-inbox=0, reviewing-plan=0
2026-03-06 23:19:53,888 INFO [auto-plan] Checking boards: ['mad']
2026-03-06 23:19:53,888 INFO [auto-plan] mad: plan-inbox=0, reviewing-plan=0
2026-03-06 23:20:03,888 INFO [auto-plan] Checking boards: ['mad']
2026-03-06 23:20:03,888 INFO [auto-plan] mad: plan-inbox=0, reviewing-plan=0
2026-03-06 23:20:13,883 INFO [auto-plan] Checking boards: ['mad']
2026-03-06 23:20:13,883 INFO [auto-plan] mad: plan-inbox=0, reviewing-plan=0
2026-03-06 23:20:23,884 INFO [auto-plan] Checking boards: ['mad']
2026-03-06 23:20:23,885 INFO [auto-plan] mad: plan-inbox=0, reviewing-plan=0
2026-03-06 23:20:23,885 INFO [auto-impl] Checking boards: ['mad']
2026-03-06 23:20:23,885 INFO [auto-impl] Board 'mad', stage 'review': 0 features
2026-03-06 23:20:23,886 INFO [auto-impl] Board 'mad', stage 'testing': 0 features
2026-03-06 23:20:23,886 INFO [auto-impl] Board 'mad', stage 'implementing': 0 features
2026-03-06 23:20:23,886 INFO [auto-impl] Board 'mad', stage 'spec-writing': 1 features
2026-03-06 23:20:23,886 INFO [auto-impl] Starting: AI Agent Checkpoint System (spec-writing)
2026-03-06 23:20:23,897 INFO [bold blue]Spec Writing:[/bold blue] AI Agent Checkpoint System
2026-03-06 23:20:23,898 INFO [spec-writing] Starting: AI Agent Checkpoint System
2026-03-06 23:20:23,900 INFO Agent A: Generating implementation spec...
2026-03-06 23:20:33,903 INFO [auto-plan] Checking boards: ['mad']
2026-03-06 23:20:33,904 INFO [auto-plan] mad: plan-inbox=0, reviewing-plan=0
2026-03-06 23:20:43,881 INFO [auto-plan] Checking boards: ['mad']
2026-03-06 23:20:43,882 INFO [auto-plan] mad: plan-inbox=0, reviewing-plan=0
2026-03-06 23:20:53,879 INFO [auto-plan] Checking boards: ['mad']
2026-03-06 23:20:53,880 INFO [auto-plan] mad: plan-inbox=0, reviewing-plan=0
2026-03-06 23:21:03,881 INFO [auto-plan] Checking boards: ['mad']
2026-03-06 23:21:03,881 INFO [auto-plan] mad: plan-inbox=0, reviewing-plan=0
2026-03-06 23:21:13,880 INFO [auto-plan] Checking boards: ['mad']
2026-03-06 23:21:13,880 INFO [auto-plan] mad: plan-inbox=0, reviewing-plan=0
2026-03-06 23:21:23,876 INFO [auto-plan] Checking boards: ['mad']
2026-03-06 23:21:23,876 INFO [auto-plan] mad: plan-inbox=0, reviewing-plan=0
2026-03-06 23:21:33,876 INFO [auto-plan] Checking boards: ['mad']
2026-03-06 23:21:33,876 INFO [auto-plan] mad: plan-inbox=0, reviewing-plan=0
2026-03-06 23:21:33,876 INFO [auto-impl] Checking boards: ['mad']
2026-03-06 23:21:33,876 INFO [auto-impl] Board 'mad', stage 'review': 0 features
2026-03-06 23:21:33,877 INFO [auto-impl] Board 'mad', stage 'testing': 0 features
2026-03-06 23:21:33,877 INFO [auto-impl] Board 'mad', stage 'implementing': 0 features
2026-03-06 23:21:33,877 INFO [auto-impl] Board 'mad', stage 'spec-writing': 1 features
2026-03-06 23:21:33,877 INFO [auto-impl] Starting: AI Agent Checkpoint System (spec-writing)
2026-03-06 23:21:33,889 INFO [bold blue]Spec Writing:[/bold blue] AI Agent Checkpoint System
2026-03-06 23:21:33,889 INFO [spec-writing] Starting: AI Agent Checkpoint System
2026-03-06 23:21:33,891 INFO Agent A: Generating implementation spec...
2026-03-06 23:21:43,895 INFO [auto-plan] Checking boards: ['mad']
2026-03-06 23:21:43,895 INFO [auto-plan] mad: plan-inbox=0, reviewing-plan=0
2026-03-06 23:21:53,873 INFO [auto-plan] Checking boards: ['mad']
2026-03-06 23:21:53,873 INFO [auto-plan] mad: plan-inbox=0, reviewing-plan=0
2026-03-06 23:22:03,873 INFO [auto-plan] Checking boards: ['mad']
2026-03-06 23:22:03,873 INFO [auto-plan] mad: plan-inbox=0, reviewing-plan=0
2026-03-06 23:22:13,873 INFO [auto-plan] Checking boards: ['mad']
2026-03-06 23:22:13,873 INFO [auto-plan] mad: plan-inbox=0, reviewing-plan=0
2026-03-06 23:22:23,869 INFO [auto-plan] Checking boards: ['mad']
2026-03-06 23:22:23,869 INFO [auto-plan] mad: plan-inbox=0, reviewing-plan=0
2026-03-06 23:22:33,869 INFO [auto-plan] Checking boards: ['mad']
2026-03-06 23:22:33,869 INFO [auto-plan] mad: plan-inbox=0, reviewing-plan=0
2026-03-06 23:22:43,864 INFO [auto-plan] Checking boards: ['mad']
2026-03-06 23:22:43,865 INFO [auto-plan] mad: plan-inbox=0, reviewing-plan=0
2026-03-06 23:22:43,865 INFO [auto-impl] Checking boards: ['mad']
2026-03-06 23:22:43,865 INFO [auto-impl] Board 'mad', stage 'review': 0 features
2026-03-06 23:22:43,865 INFO [auto-impl] Board 'mad', stage 'testing': 0 features
2026-03-06 23:22:43,865 INFO [auto-impl] Board 'mad', stage 'implementing': 0 features
2026-03-06 23:22:43,865 INFO [auto-impl] Board 'mad', stage 'spec-writing': 1 features
2026-03-06 23:22:43,865 INFO [auto-impl] Starting: AI Agent Checkpoint System (spec-writing)
2026-03-06 23:22:43,876 INFO [bold blue]Spec Writing:[/bold blue] AI Agent Checkpoint System
2026-03-06 23:22:43,877 INFO [spec-writing] Starting: AI Agent Checkpoint System
2026-03-06 23:22:43,879 INFO Agent A: Generating implementation spec...
2026-03-06 23:22:53,888 INFO [auto-plan] Checking boards: ['mad']
2026-03-06 23:22:53,888 INFO [auto-plan] mad: plan-inbox=0, reviewing-plan=0
2026-03-06 23:23:03,861 INFO [auto-plan] Checking boards: ['mad']
2026-03-06 23:23:03,862 INFO [auto-plan] mad: plan-inbox=0, reviewing-plan=0
2026-03-06 23:23:13,861 INFO [auto-plan] Checking boards: ['mad']
2026-03-06 23:23:13,861 INFO [auto-plan] mad: plan-inbox=0, reviewing-plan=0
2026-03-06 23:23:23,849 INFO [auto-plan] Checking boards: ['mad']
2026-03-06 23:23:23,849 INFO [auto-plan] mad: plan-inbox=0, reviewing-plan=0
2026-03-06 23:23:33,849 INFO [auto-plan] Checking boards: ['mad']
2026-03-06 23:23:33,849 INFO [auto-plan] mad: plan-inbox=0, reviewing-plan=0
2026-03-06 23:23:43,849 INFO [auto-plan] Checking boards: ['mad']
2026-03-06 23:23:43,850 INFO [auto-plan] mad: plan-inbox=0, reviewing-plan=0
2026-03-06 23:23:53,847 INFO [auto-plan] Checking boards: ['mad']
2026-03-06 23:23:53,848 INFO [auto-plan] mad: plan-inbox=0, reviewing-plan=0
2026-03-06 23:23:53,848 INFO [auto-impl] Checking boards: ['mad']
2026-03-06 23:23:53,848 INFO [auto-impl] Board 'mad', stage 'review': 0 features
2026-03-06 23:23:53,848 INFO [auto-impl] Board 'mad', stage 'testing': 0 features
2026-03-06 23:23:53,848 INFO [auto-impl] Board 'mad', stage 'implementing': 0 features
2026-03-06 23:23:53,848 INFO [auto-impl] Board 'mad', stage 'spec-writing': 1 features
2026-03-06 23:23:53,848 INFO [auto-impl] Starting: AI Agent Checkpoint System (spec-writing)
2026-03-06 23:23:53,867 INFO [bold blue]Spec Writing:[/bold blue] AI Agent Checkpoint System
2026-03-06 23:23:53,868 INFO [spec-writing] Starting: AI Agent Checkpoint System
2026-03-06 23:23:53,870 INFO Agent A: Generating implementation spec...
2026-03-06 23:24:03,876 INFO [auto-plan] Checking boards: ['mad']
2026-03-06 23:24:03,877 INFO [auto-plan] mad: plan-inbox=0, reviewing-plan=0
2026-03-06 23:24:13,852 INFO [auto-plan] Checking boards: ['mad']
2026-03-06 23:24:13,853 INFO [auto-plan] mad: plan-inbox=0, reviewing-plan=0
2026-03-06 23:24:23,848 INFO [auto-plan] Checking boards: ['mad']
2026-03-06 23:24:23,848 INFO [auto-plan] mad: plan-inbox=0, reviewing-plan=0
2026-03-06 23:24:33,849 INFO [auto-plan] Checking boards: ['mad']
2026-03-06 23:24:33,850 INFO [auto-plan] mad: plan-inbox=0, reviewing-plan=0
2026-03-06 23:24:43,844 INFO [auto-plan] Checking boards: ['mad']
2026-03-06 23:24:43,844 INFO [auto-plan] mad: plan-inbox=0, reviewing-plan=0
2026-03-06 23:24:53,840 INFO [auto-plan] Checking boards: ['mad']
2026-03-06 23:24:53,841 INFO [auto-plan] mad: plan-inbox=0, reviewing-plan=0
2026-03-06 23:25:03,838 INFO [auto-plan] Checking boards: ['mad']
2026-03-06 23:25:03,838 INFO [auto-plan] mad: plan-inbox=0, reviewing-plan=0
2026-03-06 23:25:03,838 INFO [auto-impl] Checking boards: ['mad']
2026-03-06 23:25:03,838 INFO [auto-impl] Board 'mad', stage 'review': 0 features
2026-03-06 23:25:03,838 INFO [auto-impl] Board 'mad', stage 'testing': 0 features
2026-03-06 23:25:03,838 INFO [auto-impl] Board 'mad', stage 'implementing': 0 features
2026-03-06 23:25:03,839 INFO [auto-impl] Board 'mad', stage 'spec-writing': 1 features
2026-03-06 23:25:03,839 INFO [auto-impl] Starting: AI Agent Checkpoint System (spec-writing)
2026-03-06 23:25:03,855 INFO [bold blue]Spec Writing:[/bold blue] AI Agent Checkpoint System
2026-03-06 23:25:03,855 INFO [spec-writing] Starting: AI Agent Checkpoint System
2026-03-06 23:25:03,858 INFO Agent A: Generating implementation spec...
2026-03-06 23:25:13,857 INFO [auto-plan] Checking boards: ['mad']
2026-03-06 23:25:13,858 INFO [auto-plan] mad: plan-inbox=0, reviewing-plan=0
2026-03-06 23:25:23,833 INFO [auto-plan] Checking boards: ['mad']
2026-03-06 23:25:23,834 INFO [auto-plan] mad: plan-inbox=0, reviewing-plan=0
2026-03-06 23:25:33,832 INFO [auto-plan] Checking boards: ['mad']
2026-03-06 23:25:33,832 INFO [auto-plan] mad: plan-inbox=0, reviewing-plan=0
2026-03-06 23:25:43,851 INFO [auto-plan] Checking boards: ['mad']
2026-03-06 23:25:43,851 INFO [auto-plan] mad: plan-inbox=0, reviewing-plan=0
2026-03-06 23:25:53,817 INFO [auto-plan] Checking boards: ['mad']
2026-03-06 23:25:53,817 INFO [auto-plan] mad: plan-inbox=0, reviewing-plan=0
2026-03-06 23:26:03,818 INFO [auto-plan] Checking boards: ['mad']
2026-03-06 23:26:03,818 INFO [auto-plan] mad: plan-inbox=0, reviewing-plan=0
2026-03-06 23:26:13,818 INFO [auto-plan] Checking boards: ['mad']
2026-03-06 23:26:13,819 INFO [auto-plan] mad: plan-inbox=0, reviewing-plan=0
2026-03-06 23:26:13,819 INFO [auto-impl] Checking boards: ['mad']
2026-03-06 23:26:13,819 INFO [auto-impl] Board 'mad', stage 'review': 0 features
2026-03-06 23:26:13,819 INFO [auto-impl] Board 'mad', stage 'testing': 0 features
2026-03-06 23:26:13,820 INFO [auto-impl] Board 'mad', stage 'implementing': 0 features
2026-03-06 23:26:13,820 INFO [auto-impl] Board 'mad', stage 'spec-writing': 1 features
2026-03-06 23:26:13,820 INFO [auto-impl] Starting: AI Agent Checkpoint System (spec-writing)
2026-03-06 23:26:13,837 INFO [bold blue]Spec Writing:[/bold blue] AI Agent Checkpoint System
2026-03-06 23:26:13,837 INFO [spec-writing] Starting: AI Agent Checkpoint System
2026-03-06 23:26:13,839 INFO Agent A: Generating implementation spec...
2026-03-06 23:40:27,332 INFO Connected to server as 'wsl-mad-cwd'
2026-03-06 23:40:37,074 INFO [auto-plan] Checking boards: ['mad']
2026-03-06 23:40:37,074 INFO [auto-plan] mad: plan-inbox=0, reviewing-plan=0
2026-03-06 23:40:37,074 INFO [auto-impl] Checking boards: ['mad']
2026-03-06 23:40:37,074 INFO [auto-impl] Board 'mad', stage 'review': 0 features
2026-03-06 23:40:37,074 INFO [auto-impl] Board 'mad', stage 'testing': 0 features
2026-03-06 23:40:37,075 INFO [auto-impl] Board 'mad', stage 'implementing': 0 features
2026-03-06 23:40:37,075 INFO [auto-impl] Board 'mad', stage 'spec-writing': 1 features
2026-03-06 23:40:37,075 INFO [auto-impl] Starting: AI Agent Checkpoint System (spec-writing)
2026-03-06 23:40:37,107 INFO [bold blue]Spec Writing:[/bold blue] AI Agent Checkpoint System
2026-03-06 23:40:37,107 INFO [spec-writing] Starting: AI Agent Checkpoint System
2026-03-06 23:40:37,109 INFO Agent A: Generating implementation spec...
2026-03-06 23:40:37,110 INFO [runner] Wrote instructions for 'ai-agent-checkpoint-system': 13976 chars
2026-03-06 23:40:37,110 INFO [runner] Instructions preview: Code Path: /home/paule/MAD
Context File: /home/paule/MAD/.mad/CONTEXT.md

You are an implementer breaking down a feature plan into concrete coding tasks.

Feature: AI Agent Checkpoint System

Plan:
# ...
2026-03-06 23:40:37,111 INFO Starting kilo in cwd=/home/paule/MAD with cmd: ['kilo', 'run', '--auto', 'Read /home/paule/MAD/.tmp/ai-agent-checkpoint-system.instructions and follow the instructions exactly.']
2026-03-06 23:40:37,111 INFO status.feature_slug = 'ai-agent-checkpoint-system'
2026-03-06 23:40:37,112 INFO Logging to: /home/paule/MAD/logs/kilo-ai-agent-checkpoint-system-1772869237.log
2026-03-06 23:40:47,079 INFO [auto-plan] Checking boards: ['mad']
2026-03-06 23:40:47,079 INFO [auto-plan] mad: plan-inbox=0, reviewing-plan=0
2026-03-06 23:40:47,079 INFO [auto-impl] Skipping - implementation already in progress
2026-03-06 23:40:57,057 INFO [auto-plan] Checking boards: ['mad']
2026-03-06 23:40:57,058 INFO [auto-plan] mad: plan-inbox=0, reviewing-plan=0
2026-03-06 23:40:57,058 INFO [auto-impl] Skipping - implementation already in progress
2026-03-06 23:41:07,057 INFO [auto-plan] Checking boards: ['mad']
2026-03-06 23:41:07,058 INFO [auto-plan] mad: plan-inbox=0, reviewing-plan=0
2026-03-06 23:41:07,058 INFO [auto-impl] Skipping - implementation already in progress
2026-03-06 23:41:16,088 INFO Agent B: Generating test spec...
2026-03-06 23:41:16,089 INFO [runner] Wrote instructions for 'ai-agent-checkpoint-system': 14405 chars
2026-03-06 23:41:16,089 INFO [runner] Instructions preview: Code Path: /home/paule/MAD
Context File: /home/paule/MAD/.mad/CONTEXT.md

You are a QA engineer writing a test specification from a feature plan.

## Feature: AI Agent Checkpoint System

### Plan:
# A...
2026-03-06 23:41:16,090 INFO Starting kilo in cwd=/home/paule/MAD with cmd: ['kilo', 'run', '--auto', 'Read /home/paule/MAD/.tmp/ai-agent-checkpoint-system.instructions and follow the instructions exactly.']
2026-03-06 23:41:16,090 INFO status.feature_slug = 'ai-agent-checkpoint-system'
2026-03-06 23:41:16,090 INFO Logging to: /home/paule/MAD/logs/kilo-ai-agent-checkpoint-system-1772869276.log
2026-03-06 23:41:17,072 INFO [auto-plan] Checking boards: ['mad']
2026-03-06 23:41:17,073 INFO [auto-plan] mad: plan-inbox=0, reviewing-plan=0
2026-03-06 23:41:17,073 INFO [auto-impl] Skipping - implementation already in progress
2026-03-06 23:41:27,055 INFO [auto-plan] Checking boards: ['mad']
2026-03-06 23:41:27,055 INFO [auto-plan] mad: plan-inbox=0, reviewing-plan=0
2026-03-06 23:41:27,055 INFO [auto-impl] Skipping - implementation already in progress
2026-03-06 23:41:37,056 INFO [auto-plan] Checking boards: ['mad']
2026-03-06 23:41:37,057 INFO [auto-plan] mad: plan-inbox=0, reviewing-plan=0
2026-03-06 23:41:37,057 INFO [auto-impl] Skipping - implementation already in progress
2026-03-06 23:41:47,054 INFO [auto-plan] Checking boards: ['mad']
2026-03-06 23:41:47,054 INFO [auto-plan] mad: plan-inbox=0, reviewing-plan=0
2026-03-06 23:41:47,054 INFO [auto-impl] Skipping - implementation already in progress
2026-03-06 23:41:57,052 INFO [auto-plan] Checking boards: ['mad']
2026-03-06 23:41:57,052 INFO [auto-plan] mad: plan-inbox=0, reviewing-plan=0
2026-03-06 23:41:57,052 INFO [auto-impl] Skipping - implementation already in progress
2026-03-06 23:42:07,052 INFO [auto-plan] Checking boards: ['mad']
2026-03-06 23:42:07,052 INFO [auto-plan] mad: plan-inbox=0, reviewing-plan=0
2026-03-06 23:42:07,052 INFO [auto-impl] Skipping - implementation already in progress
2026-03-06 23:42:17,050 INFO [auto-plan] Checking boards: ['mad']
2026-03-06 23:42:17,050 INFO [auto-plan] mad: plan-inbox=0, reviewing-plan=0
2026-03-06 23:42:17,050 INFO [auto-impl] Skipping - implementation already in progress
2026-03-06 23:42:27,047 INFO [auto-plan] Checking boards: ['mad']
2026-03-06 23:42:27,047 INFO [auto-plan] mad: plan-inbox=0, reviewing-plan=0
2026-03-06 23:42:27,048 INFO [auto-impl] Skipping - implementation already in progress
2026-03-06 23:42:37,047 INFO [auto-plan] Checking boards: ['mad']
2026-03-06 23:42:37,048 INFO [auto-plan] mad: plan-inbox=0, reviewing-plan=0
2026-03-06 23:42:37,048 INFO [auto-impl] Skipping - implementation already in progress
2026-03-06 23:42:47,049 INFO [auto-plan] Checking boards: ['mad']
2026-03-06 23:42:47,049 INFO [auto-plan] mad: plan-inbox=0, reviewing-plan=0
2026-03-06 23:42:47,049 INFO [auto-impl] Skipping - implementation already in progress
2026-03-06 23:42:57,046 INFO [auto-plan] Checking boards: ['mad']
2026-03-06 23:42:57,047 INFO [auto-plan] mad: plan-inbox=0, reviewing-plan=0
2026-03-06 23:42:57,048 INFO [auto-impl] Skipping - implementation already in progress
2026-03-06 23:43:07,040 INFO [auto-plan] Checking boards: ['mad']
2026-03-06 23:43:07,040 INFO [auto-plan] mad: plan-inbox=0, reviewing-plan=0
2026-03-06 23:43:07,040 INFO [auto-impl] Skipping - implementation already in progress
2026-03-06 23:43:17,040 INFO [auto-plan] Checking boards: ['mad']
2026-03-06 23:43:17,040 INFO [auto-plan] mad: plan-inbox=0, reviewing-plan=0
2026-03-06 23:43:17,040 INFO [auto-impl] Skipping - implementation already in progress
2026-03-06 23:43:21,693 INFO Specs generated. Feature moved to implementing.
2026-03-06 23:43:21,700 INFO [bold blue]Implementing:[/bold blue] AI Agent Checkpoint System
2026-03-06 23:43:21,701 INFO [implementing] Starting: AI Agent Checkpoint System
2026-03-06 23:43:21,702 INFO [runner] Wrote instructions for 'ai-agent-checkpoint-system': 22883 chars
2026-03-06 23:43:21,702 INFO [runner] Instructions preview: Code Path: /home/paule/MAD
Context File: /home/paule/MAD/.mad/CONTEXT.md

Implement the following feature.

Feature: AI Agent Checkpoint System

Plan:
# AI Agent Checkpoint System

## Overview
Agents ...
2026-03-06 23:43:21,702 INFO Starting kilo in cwd=/home/paule/MAD with cmd: ['kilo', 'run', '--auto', 'Read /home/paule/MAD/.tmp/ai-agent-checkpoint-system.instructions and follow the instructions exactly.']
2026-03-06 23:43:21,702 INFO status.feature_slug = 'ai-agent-checkpoint-system'
2026-03-06 23:43:21,703 INFO Logging to: /home/paule/MAD/logs/kilo-ai-agent-checkpoint-system-1772869401.log
2026-03-06 23:43:27,054 INFO [auto-plan] Checking boards: ['mad']
2026-03-06 23:43:27,055 INFO [auto-plan] mad: plan-inbox=0, reviewing-plan=0
2026-03-06 23:43:27,055 INFO [auto-impl] Skipping - implementation already in progress
2026-03-06 23:43:37,042 INFO [auto-plan] Checking boards: ['mad']
2026-03-06 23:43:37,042 INFO [auto-plan] mad: plan-inbox=0, reviewing-plan=0
2026-03-06 23:43:37,042 INFO [auto-impl] Skipping - implementation already in progress
2026-03-06 23:43:47,036 INFO [auto-plan] Checking boards: ['mad']
2026-03-06 23:43:47,037 INFO [auto-plan] mad: plan-inbox=0, reviewing-plan=0
2026-03-06 23:43:47,037 INFO [auto-impl] Skipping - implementation already in progress
2026-03-06 23:43:57,033 INFO [auto-plan] Checking boards: ['mad']
2026-03-06 23:43:57,034 INFO [auto-plan] mad: plan-inbox=0, reviewing-plan=0
2026-03-06 23:43:57,034 INFO [auto-impl] Skipping - implementation already in progress
2026-03-06 23:44:07,033 INFO [auto-plan] Checking boards: ['mad']
2026-03-06 23:44:07,034 INFO [auto-plan] mad: plan-inbox=0, reviewing-plan=0
2026-03-06 23:44:07,034 INFO [auto-impl] Skipping - implementation already in progress
2026-03-06 23:44:17,033 INFO [auto-plan] Checking boards: ['mad']
2026-03-06 23:44:17,033 INFO [auto-plan] mad: plan-inbox=0, reviewing-plan=0
2026-03-06 23:44:17,033 INFO [auto-impl] Skipping - implementation already in progress
2026-03-06 23:44:27,033 INFO [auto-plan] Checking boards: ['mad']
2026-03-06 23:44:27,033 INFO [auto-plan] mad: plan-inbox=0, reviewing-plan=0
2026-03-06 23:44:27,033 INFO [auto-impl] Skipping - implementation already in progress
2026-03-06 23:44:37,030 INFO [auto-plan] Checking boards: ['mad']
2026-03-06 23:44:37,031 INFO [auto-plan] mad: plan-inbox=0, reviewing-plan=0
2026-03-06 23:44:37,031 INFO [auto-impl] Skipping - implementation already in progress
2026-03-06 23:44:47,029 INFO [auto-plan] Checking boards: ['mad']
2026-03-06 23:44:47,030 INFO [auto-plan] mad: plan-inbox=0, reviewing-plan=0
2026-03-06 23:44:47,030 INFO [auto-impl] Skipping - implementation already in progress
2026-03-06 23:44:57,030 INFO [auto-plan] Checking boards: ['mad']
2026-03-06 23:44:57,030 INFO [auto-plan] mad: plan-inbox=0, reviewing-plan=0
2026-03-06 23:44:57,030 INFO [auto-impl] Skipping - implementation already in progress
2026-03-06 23:45:07,029 INFO [auto-plan] Checking boards: ['mad']
2026-03-06 23:45:07,030 INFO [auto-plan] mad: plan-inbox=0, reviewing-plan=0
2026-03-06 23:45:07,032 INFO [auto-impl] Skipping - implementation already in progress
2026-03-06 23:45:17,031 INFO [auto-plan] Checking boards: ['mad']
2026-03-06 23:45:17,032 INFO [auto-plan] mad: plan-inbox=0, reviewing-plan=0
2026-03-06 23:45:17,032 INFO [auto-impl] Skipping - implementation already in progress
2026-03-06 23:45:27,024 INFO [auto-plan] Checking boards: ['mad']
2026-03-06 23:45:27,025 INFO [auto-plan] mad: plan-inbox=0, reviewing-plan=0
2026-03-06 23:45:27,025 INFO [auto-impl] Skipping - implementation already in progress
2026-03-06 23:45:37,029 INFO [auto-plan] Checking boards: ['mad']
2026-03-06 23:45:37,030 INFO [auto-plan] mad: plan-inbox=0, reviewing-plan=0
2026-03-06 23:45:37,030 INFO [auto-impl] Skipping - implementation already in progress
2026-03-06 23:45:47,026 INFO [auto-plan] Checking boards: ['mad']
2026-03-06 23:45:47,026 INFO [auto-plan] mad: plan-inbox=0, reviewing-plan=0
2026-03-06 23:45:47,026 INFO [auto-impl] Skipping - implementation already in progress
2026-03-06 23:45:57,022 INFO [auto-plan] Checking boards: ['mad']
2026-03-06 23:45:57,023 INFO [auto-plan] mad: plan-inbox=0, reviewing-plan=0
2026-03-06 23:45:57,023 INFO [auto-impl] Skipping - implementation already in progress
2026-03-06 23:46:03,888 WARNING [git] Commit failed: Command '['git', 'add', '-A', '.mad/boards/', '.mad/logs/']' returned non-zero exit status 1.
2026-03-06 23:46:03,889 INFO Implementation done. Feature moved to testing.
2026-03-06 23:46:03,896 INFO [bold blue]Writing Tests:[/bold blue] AI Agent Checkpoint System
2026-03-06 23:46:03,898 INFO [runner] Wrote instructions for 'ai-agent-checkpoint-system': 2935 chars
2026-03-06 23:46:03,898 INFO [runner] Instructions preview: Code Path: /home/paule/MAD
Context File: /home/paule/MAD/.mad/CONTEXT.md

Write tests for the following implemented feature.

Feature: AI Agent Checkpoint System

Test Spec (behaviors to verify):
TEST...
2026-03-06 23:46:03,899 INFO Starting kilo in cwd=/home/paule/MAD with cmd: ['kilo', 'run', '--auto', 'Read /home/paule/MAD/.tmp/ai-agent-checkpoint-system.instructions and follow the instructions exactly.']
2026-03-06 23:46:03,899 INFO status.feature_slug = 'ai-agent-checkpoint-system'
2026-03-06 23:46:03,899 INFO Logging to: /home/paule/MAD/logs/kilo-ai-agent-checkpoint-system-1772869563.log
2026-03-06 23:46:07,034 INFO [auto-plan] Checking boards: ['mad']
2026-03-06 23:46:07,034 INFO [auto-plan] mad: plan-inbox=0, reviewing-plan=0
2026-03-06 23:46:07,034 INFO [auto-impl] Skipping - implementation already in progress
2026-03-06 23:46:17,022 INFO [auto-plan] Checking boards: ['mad']
2026-03-06 23:46:17,023 INFO [auto-plan] mad: plan-inbox=0, reviewing-plan=0
2026-03-06 23:46:17,023 INFO [auto-impl] Skipping - implementation already in progress
2026-03-06 23:46:27,020 INFO [auto-plan] Checking boards: ['mad']
2026-03-06 23:46:27,021 INFO [auto-plan] mad: plan-inbox=0, reviewing-plan=0
2026-03-06 23:46:27,021 INFO [auto-impl] Skipping - implementation already in progress
2026-03-06 23:46:37,016 INFO [auto-plan] Checking boards: ['mad']
2026-03-06 23:46:37,016 INFO [auto-plan] mad: plan-inbox=0, reviewing-plan=0
2026-03-06 23:46:37,016 INFO [auto-impl] Skipping - implementation already in progress
2026-03-06 23:46:47,016 INFO [auto-plan] Checking boards: ['mad']
2026-03-06 23:46:47,017 INFO [auto-plan] mad: plan-inbox=0, reviewing-plan=0
2026-03-06 23:46:47,017 INFO [auto-impl] Skipping - implementation already in progress
2026-03-06 23:46:57,015 INFO [auto-plan] Checking boards: ['mad']
2026-03-06 23:46:57,015 INFO [auto-plan] mad: plan-inbox=0, reviewing-plan=0
2026-03-06 23:46:57,015 INFO [auto-impl] Skipping - implementation already in progress
2026-03-06 23:47:07,014 INFO [auto-plan] Checking boards: ['mad']
2026-03-06 23:47:07,015 INFO [auto-plan] mad: plan-inbox=0, reviewing-plan=0
2026-03-06 23:47:07,015 INFO [auto-impl] Skipping - implementation already in progress
2026-03-06 23:47:17,015 INFO [auto-plan] Checking boards: ['mad']
2026-03-06 23:47:17,015 INFO [auto-plan] mad: plan-inbox=0, reviewing-plan=0
2026-03-06 23:47:17,015 INFO [auto-impl] Skipping - implementation already in progress
2026-03-06 23:47:27,007 INFO [auto-plan] Checking boards: ['mad']
2026-03-06 23:47:27,007 INFO [auto-plan] mad: plan-inbox=0, reviewing-plan=0
2026-03-06 23:47:27,008 INFO [auto-impl] Skipping - implementation already in progress
2026-03-06 23:47:37,010 INFO [auto-plan] Checking boards: ['mad']
2026-03-06 23:47:37,011 INFO [auto-plan] mad: plan-inbox=0, reviewing-plan=0
2026-03-06 23:47:37,011 INFO [auto-impl] Skipping - implementation already in progress
2026-03-06 23:47:47,009 INFO [auto-plan] Checking boards: ['mad']
2026-03-06 23:47:47,009 INFO [auto-plan] mad: plan-inbox=0, reviewing-plan=0
2026-03-06 23:47:47,009 INFO [auto-impl] Skipping - implementation already in progress
2026-03-06 23:47:57,009 INFO [auto-plan] Checking boards: ['mad']
2026-03-06 23:47:57,009 INFO [auto-plan] mad: plan-inbox=0, reviewing-plan=0
2026-03-06 23:47:57,010 INFO [auto-impl] Skipping - implementation already in progress
2026-03-06 23:48:07,006 INFO [auto-plan] Checking boards: ['mad']
2026-03-06 23:48:07,006 INFO [auto-plan] mad: plan-inbox=0, reviewing-plan=0
2026-03-06 23:48:07,006 INFO [auto-impl] Skipping - implementation already in progress
2026-03-06 23:48:17,004 INFO [auto-plan] Checking boards: ['mad']
2026-03-06 23:48:17,005 INFO [auto-plan] mad: plan-inbox=0, reviewing-plan=0
2026-03-06 23:48:17,006 INFO [auto-impl] Skipping - implementation already in progress
2026-03-06 23:48:27,003 INFO [auto-plan] Checking boards: ['mad']
2026-03-06 23:48:27,003 INFO [auto-plan] mad: plan-inbox=0, reviewing-plan=0
2026-03-06 23:48:27,003 INFO [auto-impl] Skipping - implementation already in progress
2026-03-06 23:48:37,003 INFO [auto-plan] Checking boards: ['mad']
2026-03-06 23:48:37,003 INFO [auto-plan] mad: plan-inbox=0, reviewing-plan=0
2026-03-06 23:48:37,004 INFO [auto-impl] Skipping - implementation already in progress
2026-03-06 23:48:47,004 INFO [auto-plan] Checking boards: ['mad']
2026-03-06 23:48:47,004 INFO [auto-plan] mad: plan-inbox=0, reviewing-plan=0
2026-03-06 23:48:47,004 INFO [auto-impl] Skipping - implementation already in progress
2026-03-06 23:48:56,998 INFO [auto-plan] Checking boards: ['mad']
2026-03-06 23:48:56,998 INFO [auto-plan] mad: plan-inbox=0, reviewing-plan=0
2026-03-06 23:48:56,998 INFO [auto-impl] Skipping - implementation already in progress
2026-03-06 23:49:06,995 INFO [auto-plan] Checking boards: ['mad']
2026-03-06 23:49:06,996 INFO [auto-plan] mad: plan-inbox=0, reviewing-plan=0
2026-03-06 23:49:06,996 INFO [auto-impl] Skipping - implementation already in progress
2026-03-06 23:49:16,995 INFO [auto-plan] Checking boards: ['mad']
2026-03-06 23:49:16,995 INFO [auto-plan] mad: plan-inbox=0, reviewing-plan=0
2026-03-06 23:49:16,995 INFO [auto-impl] Skipping - implementation already in progress
2026-03-06 23:49:27,000 INFO [auto-plan] Checking boards: ['mad']
2026-03-06 23:49:27,000 INFO [auto-plan] mad: plan-inbox=0, reviewing-plan=0
2026-03-06 23:49:27,000 INFO [auto-impl] Skipping - implementation already in progress
2026-03-06 23:49:37,000 INFO [auto-plan] Checking boards: ['mad']
2026-03-06 23:49:37,000 INFO [auto-plan] mad: plan-inbox=0, reviewing-plan=0
2026-03-06 23:49:37,000 INFO [auto-impl] Skipping - implementation already in progress
2026-03-06 23:49:47,001 INFO [auto-plan] Checking boards: ['mad']
2026-03-06 23:49:47,001 INFO [auto-plan] mad: plan-inbox=0, reviewing-plan=0
2026-03-06 23:49:47,001 INFO [auto-impl] Skipping - implementation already in progress
2026-03-06 23:49:56,989 INFO [auto-plan] Checking boards: ['mad']
2026-03-06 23:49:56,989 INFO [auto-plan] mad: plan-inbox=0, reviewing-plan=0
2026-03-06 23:49:56,990 INFO [auto-impl] Skipping - implementation already in progress
2026-03-06 23:50:06,989 INFO [auto-plan] Checking boards: ['mad']
2026-03-06 23:50:06,990 INFO [auto-plan] mad: plan-inbox=0, reviewing-plan=0
2026-03-06 23:50:06,990 INFO [auto-impl] Skipping - implementation already in progress
2026-03-06 23:50:16,987 INFO [auto-plan] Checking boards: ['mad']
2026-03-06 23:50:16,987 INFO [auto-plan] mad: plan-inbox=0, reviewing-plan=0
2026-03-06 23:50:16,987 INFO [auto-impl] Skipping - implementation already in progress
2026-03-06 23:50:23,016 INFO Tests written. Feature moved to review.
2026-03-06 23:50:23,017 INFO [bold blue]Reviewing:[/bold blue] AI Agent Checkpoint System
2026-03-06 23:50:23,024 INFO [runner] Wrote instructions for 'ai-agent-checkpoint-system': 15911 chars
2026-03-06 23:50:23,024 INFO [runner] Instructions preview: Code Path: /home/paule/MAD
Context File: /home/paule/MAD/.mad/CONTEXT.md

You are a senior code reviewer tasked with critically evaluating an implementation.

## Feature: AI Agent Checkpoint System

#...
2026-03-06 23:50:23,025 INFO Starting kilo in cwd=/home/paule/MAD with cmd: ['kilo', 'run', '--auto', 'Read /home/paule/MAD/.tmp/ai-agent-checkpoint-system.instructions and follow the instructions exactly.']
2026-03-06 23:50:23,025 INFO status.feature_slug = 'ai-agent-checkpoint-system'
2026-03-06 23:50:23,025 INFO Logging to: /home/paule/MAD/logs/kilo-ai-agent-checkpoint-system-1772869823.log
2026-03-06 23:50:27,010 INFO [auto-plan] Checking boards: ['mad']
2026-03-06 23:50:27,010 INFO [auto-plan] mad: plan-inbox=0, reviewing-plan=0
2026-03-06 23:50:27,010 INFO [auto-impl] Skipping - implementation already in progress
2026-03-06 23:50:36,986 INFO [auto-plan] Checking boards: ['mad']
2026-03-06 23:50:36,987 INFO [auto-plan] mad: plan-inbox=0, reviewing-plan=0
2026-03-06 23:50:36,987 INFO [auto-impl] Skipping - implementation already in progress
2026-03-06 23:50:46,984 INFO [auto-plan] Checking boards: ['mad']
2026-03-06 23:50:46,984 INFO [auto-plan] mad: plan-inbox=0, reviewing-plan=0
2026-03-06 23:50:46,985 INFO [auto-impl] Skipping - implementation already in progress
2026-03-06 23:50:56,983 INFO [auto-plan] Checking boards: ['mad']
2026-03-06 23:50:56,983 INFO [auto-plan] mad: plan-inbox=0, reviewing-plan=0
2026-03-06 23:50:56,983 INFO [auto-impl] Skipping - implementation already in progress
2026-03-06 23:51:06,982 INFO [auto-plan] Checking boards: ['mad']
2026-03-06 23:51:06,983 INFO [auto-plan] mad: plan-inbox=0, reviewing-plan=0
2026-03-06 23:51:06,983 INFO [auto-impl] Skipping - implementation already in progress
2026-03-06 23:51:16,982 INFO [auto-plan] Checking boards: ['mad']
2026-03-06 23:51:16,983 INFO [auto-plan] mad: plan-inbox=0, reviewing-plan=0
2026-03-06 23:51:16,983 INFO [auto-impl] Skipping - implementation already in progress
2026-03-06 23:51:26,277 INFO [runner] Interactive instructions for 'ideas': 648 chars
2026-03-06 23:51:26,277 INFO [runner] Instructions preview: Code Path: /home/paule/MAD
Context File: /home/paule/MAD/.mad/CONTEXT.md

**Feature Iteration: specific-review-slots**

The feature file is at: `specific-review-slots.json`

**Current Description:**
W...
2026-03-06 23:52:06,269 INFO Review verdict: PASS
2026-03-06 23:52:06,269 INFO Review feedback: I'll review the AI Agent Checkpoint System implementation. Let me examine the key files to verify co...
2026-03-06 23:52:06,270 INFO Review PASSED. Feature moved to final-human-approval.
2026-03-06 23:57:37,407 INFO [auto-plan] Checking boards: ['mad']
2026-03-06 23:57:37,407 INFO [auto-plan] mad: plan-inbox=0, reviewing-plan=0
2026-03-06 23:57:37,407 INFO [auto-impl] Skipping - implementation already in progress
2026-03-06 23:57:37,440 INFO Server connection lost, will reconnect...
2026-03-06 23:57:37,442 WARNING Failed to push state: no close frame received or sent
2026-03-06 23:57:37,443 WARNING Failed to push state: no close frame received or sent
2026-03-06 23:57:38,740 INFO Connected to server as 'wsl-mad-cwd'
2026-03-06 23:57:44,658 INFO Connected to server as 'wsl-mad-cwd'
2026-03-06 23:57:54,456 INFO [auto-plan] Checking boards: ['mad']
2026-03-06 23:57:54,456 INFO [auto-plan] mad: plan-inbox=1, reviewing-plan=0
2026-03-06 23:57:54,456 INFO [auto-plan] Starting: specific-review-slots (plan-inbox)
2026-03-06 23:57:54,458 INFO [auto-impl] Checking boards: ['mad']
2026-03-06 23:57:54,458 INFO [planning] Starting: specific-review-slots
2026-03-06 23:57:54,459 INFO [auto-impl] Board 'mad', stage 'review': 0 features
2026-03-06 23:57:54,459 INFO [auto-impl] Board 'mad', stage 'testing': 0 features
2026-03-06 23:57:54,459 INFO [auto-impl] Board 'mad', stage 'implementing': 0 features
2026-03-06 23:57:54,460 INFO [auto-impl] Board 'mad', stage 'spec-writing': 0 features
2026-03-06 23:57:54,460 INFO [auto-impl] Board 'mad', stage 'approved': 1 features
2026-03-06 23:57:54,460 INFO [auto-impl] Starting: Bug: cannot create new item from webui (approved)
2026-03-06 23:57:54,494 INFO [runner] Wrote instructions for 'specific-review-slots': 2901 chars
2026-03-06 23:57:54,494 INFO [runner] Instructions preview: Code Path: /home/paule/MAD
Context File: /home/paule/MAD/.mad/CONTEXT.md

# Design Planning: specific-review-slots

**Description:** Add dedicated `plan_reviews` and `impl_reviews` arrays to the item ...
2026-03-06 23:57:54,504 INFO [bold blue]Spec Writing:[/bold blue] Bug: cannot create new item from webui
2026-03-06 23:57:54,509 INFO Starting claude in cwd=/home/paule/MAD with cmd: ['claude', '-p', 'Read /home/paule/MAD/.tmp/specific-review-slots.instructions and follow the instructions exactly.', '--dangerously-skip-permissions']
2026-03-06 23:57:54,509 INFO [spec-writing] Starting: Bug: cannot create new item from webui
2026-03-06 23:57:54,514 INFO status.feature_slug = 'specific-review-slots'
2026-03-06 23:57:54,516 INFO Logging to: /home/paule/MAD/logs/claude-specific-review-slots-1772870274.log
2026-03-06 23:57:54,517 INFO Agent A: Generating implementation spec...
2026-03-06 23:57:54,517 INFO [runner] Loaded checkpoint for bug-cannot-create-new-item-from-webui: 10 completed steps
2026-03-06 23:57:54,517 INFO [runner] Wrote instructions for 'bug-cannot-create-new-item-from-webui': 3429 chars
2026-03-06 23:57:54,517 INFO [runner] Instructions preview: Code Path: /home/paule/MAD
Context File: /home/paule/MAD/.mad/CONTEXT.md

You are an implementer breaking down a feature plan into concrete coding tasks.

Feature: Bug: cannot create new item from web...
2026-03-06 23:57:54,528 INFO Starting kilo in cwd=/home/paule/MAD with cmd: ['kilo', 'run', '--auto', 'Read /home/paule/MAD/.tmp/bug-cannot-create-new-item-from-webui.instructions and follow the instructions exactly.']
2026-03-06 23:57:54,540 INFO status.feature_slug = 'bug-cannot-create-new-item-from-webui'
2026-03-06 23:57:54,540 INFO Logging to: /home/paule/MAD/logs/kilo-bug-cannot-create-new-item-from-webui-1772870274.log
2026-03-06 23:58:04,455 INFO [auto-plan] Skipping - planning already in progress
2026-03-06 23:58:04,455 INFO [auto-impl] Skipping - implementation already in progress
2026-03-06 23:58:14,430 INFO [auto-plan] Skipping - planning already in progress
2026-03-06 23:58:14,430 INFO [auto-impl] Skipping - implementation already in progress
2026-03-06 23:58:24,426 INFO [auto-plan] Skipping - planning already in progress
2026-03-06 23:58:24,427 INFO [auto-impl] Skipping - implementation already in progress
2026-03-06 23:58:34,427 INFO [auto-plan] Skipping - planning already in progress
2026-03-06 23:58:34,427 INFO [auto-impl] Skipping - implementation already in progress
2026-03-06 23:58:44,427 INFO [auto-plan] Skipping - planning already in progress
2026-03-06 23:58:44,427 INFO [auto-impl] Skipping - implementation already in progress
2026-03-06 23:58:54,427 INFO [auto-plan] Skipping - planning already in progress
2026-03-06 23:58:54,427 INFO [auto-impl] Skipping - implementation already in progress
2026-03-06 23:59:04,422 INFO [auto-plan] Skipping - planning already in progress
2026-03-06 23:59:04,422 INFO [auto-impl] Skipping - implementation already in progress
2026-03-06 23:59:11,359 INFO Planning output length: 13 chars
2026-03-06 23:59:11,359 INFO Agent only output PLAN_COMPLETE without a plan! Output: PLAN_COMPLETE
2026-03-06 23:59:14,447 INFO [auto-plan] Checking boards: ['mad']
2026-03-06 23:59:14,447 INFO [auto-plan] mad: plan-inbox=1, reviewing-plan=0
2026-03-06 23:59:14,447 INFO [auto-plan] Starting: specific-review-slots (plan-inbox)
2026-03-06 23:59:14,448 INFO [auto-impl] Skipping - implementation already in progress
2026-03-06 23:59:14,448 INFO [planning] Starting: specific-review-slots
2026-03-06 23:59:14,504 INFO [runner] Loaded checkpoint for specific-review-slots: 2 completed steps
2026-03-06 23:59:14,505 INFO [runner] Wrote instructions for 'specific-review-slots': 3447 chars
2026-03-06 23:59:14,505 INFO [runner] Instructions preview: Code Path: /home/paule/MAD
Context File: /home/paule/MAD/.mad/CONTEXT.md

# Design Planning: specific-review-slots

**Description:** Add dedicated `plan_reviews` and `impl_reviews` arrays to the item ...
2026-03-06 23:59:14,507 INFO Starting claude in cwd=/home/paule/MAD with cmd: ['claude', '-p', 'Read /home/paule/MAD/.tmp/specific-review-slots.instructions and follow the instructions exactly.', '--dangerously-skip-permissions']
2026-03-06 23:59:14,507 INFO status.feature_slug = 'specific-review-slots'
2026-03-06 23:59:14,521 INFO Logging to: /home/paule/MAD/logs/claude-specific-review-slots-1772870354.log
2026-03-06 23:59:24,446 INFO [auto-plan] Skipping - planning already in progress
2026-03-06 23:59:24,447 INFO [auto-impl] Skipping - implementation already in progress
2026-03-06 23:59:34,421 INFO [auto-plan] Skipping - planning already in progress
2026-03-06 23:59:34,421 INFO [auto-impl] Skipping - implementation already in progress
2026-03-06 23:59:44,420 INFO [auto-plan] Skipping - planning already in progress
2026-03-06 23:59:44,421 INFO [auto-impl] Skipping - implementation already in progress
2026-03-06 23:59:54,418 INFO [auto-plan] Skipping - planning already in progress
2026-03-06 23:59:54,418 INFO [auto-impl] Skipping - implementation already in progress
2026-03-07 00:00:04,419 INFO [auto-plan] Skipping - planning already in progress
2026-03-07 00:00:04,419 INFO [auto-impl] Skipping - implementation already in progress
2026-03-07 00:00:14,424 INFO [auto-plan] Skipping - planning already in progress
2026-03-07 00:00:14,424 INFO [auto-impl] Skipping - implementation already in progress
2026-03-07 00:00:24,422 INFO [auto-plan] Skipping - planning already in progress
2026-03-07 00:00:24,423 INFO [auto-impl] Skipping - implementation already in progress
2026-03-07 00:00:34,416 INFO [auto-plan] Skipping - planning already in progress
2026-03-07 00:00:34,417 INFO [auto-impl] Skipping - implementation already in progress
2026-03-07 00:00:43,728 INFO Planning output length: 13 chars
2026-03-07 00:00:43,728 INFO Agent only output PLAN_COMPLETE without a plan! Output: PLAN_COMPLETE
2026-03-07 00:00:44,441 INFO [auto-plan] Checking boards: ['mad']
2026-03-07 00:00:44,442 INFO [auto-plan] mad: plan-inbox=1, reviewing-plan=0
2026-03-07 00:00:44,442 INFO [auto-plan] Starting: specific-review-slots (plan-inbox)
2026-03-07 00:00:44,442 INFO [auto-impl] Skipping - implementation already in progress
2026-03-07 00:00:44,445 INFO [planning] Starting: specific-review-slots
2026-03-07 00:00:44,471 INFO [runner] Loaded checkpoint for specific-review-slots: 3 completed steps
2026-03-07 00:00:44,471 INFO [runner] Wrote instructions for 'specific-review-slots': 3741 chars
2026-03-07 00:00:44,471 INFO [runner] Instructions preview: Code Path: /home/paule/MAD
Context File: /home/paule/MAD/.mad/CONTEXT.md

# Design Planning: specific-review-slots

**Description:** Add dedicated `plan_reviews` and `impl_reviews` arrays to the item ...
2026-03-07 00:00:44,475 INFO Starting claude in cwd=/home/paule/MAD with cmd: ['claude', '-p', 'Read /home/paule/MAD/.tmp/specific-review-slots.instructions and follow the instructions exactly.', '--dangerously-skip-permissions']
2026-03-07 00:00:44,482 INFO status.feature_slug = 'specific-review-slots'
2026-03-07 00:00:44,487 INFO Logging to: /home/paule/MAD/logs/claude-specific-review-slots-1772870444.log
2026-03-07 00:00:54,441 INFO [auto-plan] Skipping - planning already in progress
2026-03-07 00:00:54,441 INFO [auto-impl] Skipping - implementation already in progress
2026-03-07 00:01:04,414 INFO [auto-plan] Skipping - planning already in progress
2026-03-07 00:01:04,414 INFO [auto-impl] Skipping - implementation already in progress
2026-03-07 00:01:14,416 INFO [auto-plan] Skipping - planning already in progress
2026-03-07 00:01:14,416 INFO [auto-impl] Skipping - implementation already in progress
2026-03-07 00:01:45,563 INFO Connected to server as 'wsl-mad-cwd'
2026-03-07 00:07:37,180 INFO Connected to server as 'wsl-mad-cwd'
2026-03-07 00:07:56,964 INFO [auto-plan] Checking boards: ['mad']
2026-03-07 00:07:56,965 INFO [auto-plan] mad: plan-inbox=1, reviewing-plan=0
2026-03-07 00:07:56,965 INFO [auto-plan] Starting: specific-review-slots (plan-inbox)
2026-03-07 00:07:56,969 INFO [planning] Starting: specific-review-slots
2026-03-07 00:07:56,976 INFO [runner] Loaded checkpoint for specific-review-slots: 3 completed steps
2026-03-07 00:07:57,003 INFO [runner] Wrote instructions for 'specific-review-slots': 3792 chars
2026-03-07 00:07:57,004 INFO [runner] Instructions preview: Code Path: /home/paule/MAD
Context File: /home/paule/MAD/.mad/CONTEXT.md

# Design Planning: specific-review-slots

**Description:** Add dedicated `plan_reviews` and `impl_reviews` arrays to the item ...
2026-03-07 00:07:57,005 INFO Starting claude in cwd=/home/paule/MAD with cmd: ['claude', '-p', 'Read /home/paule/MAD/.tmp/specific-review-slots.instructions and follow the instructions exactly.', '--dangerously-skip-permissions']
2026-03-07 00:07:57,005 INFO status.feature_slug = 'specific-review-slots'
2026-03-07 00:07:57,005 INFO Logging to: /home/paule/MAD/logs/claude-specific-review-slots-1772870877.log
2026-03-07 00:08:06,985 INFO [auto-plan] Skipping - planning already in progress
2026-03-07 00:08:16,963 INFO [auto-plan] Skipping - planning already in progress
2026-03-07 00:08:26,964 INFO [auto-plan] Skipping - planning already in progress
2026-03-07 00:08:36,967 INFO [auto-plan] Skipping - planning already in progress
2026-03-07 00:08:46,964 INFO [auto-plan] Skipping - planning already in progress
2026-03-07 00:08:56,963 INFO [auto-plan] Skipping - planning already in progress
2026-03-07 00:09:06,962 INFO [auto-plan] Skipping - planning already in progress
2026-03-07 00:09:13,979 INFO Planning output length: 4698 chars
2026-03-07 00:09:13,979 INFO Matched JSON: {
  "questions": [],
  "plan": "## Plan: Add dedicated review-slot arrays to the item schema\n\n### Step 1: Add `plan_reviews` and `impl_reviews` arrays to FeatureFile schema\n**File:** `pipeline/stat...
2026-03-07 00:09:13,979 INFO Parsed JSON keys: ['questions', 'plan']
2026-03-07 00:09:13,980 INFO Plan generated. Feature moved to reviewing-plan.
2026-03-07 00:09:13,980 INFO [bold blue]Reviewing Plan:[/bold blue] specific-review-slots
2026-03-07 00:09:13,980 INFO [plan-review] Starting: specific-review-slots
2026-03-07 00:09:13,981 INFO [runner] Loaded checkpoint for specific-review-slots: 3 completed steps
2026-03-07 00:09:13,981 INFO [runner] Wrote instructions for 'specific-review-slots': 6375 chars
2026-03-07 00:09:13,981 INFO [runner] Instructions preview: Code Path: /home/paule/MAD
Context File: /home/paule/MAD/.mad/CONTEXT.md

You are a senior software architect reviewing a feature plan.

## Feature: specific-review-slots

### Original Description:
Ad...
2026-03-07 00:09:13,982 INFO Starting kilo in cwd=/home/paule/MAD with cmd: ['kilo', 'run', '--auto', 'Read /home/paule/MAD/.tmp/specific-review-slots.instructions and follow the instructions exactly.']
2026-03-07 00:09:13,982 INFO status.feature_slug = 'specific-review-slots'
2026-03-07 00:09:13,982 INFO Logging to: /home/paule/MAD/logs/kilo-specific-review-slots-1772870953.log
2026-03-07 00:09:16,982 INFO [auto-plan] Skipping - planning already in progress
2026-03-07 00:09:26,959 INFO [auto-plan] Skipping - planning already in progress
2026-03-07 00:09:36,961 INFO [auto-plan] Skipping - planning already in progress
2026-03-07 00:09:46,959 INFO [auto-plan] Skipping - planning already in progress
2026-03-07 00:09:56,963 INFO [auto-plan] Skipping - planning already in progress
2026-03-07 00:10:06,962 INFO [auto-plan] Skipping - planning already in progress
2026-03-07 00:10:16,957 INFO [auto-plan] Skipping - planning already in progress
2026-03-07 00:10:26,954 INFO [auto-plan] Skipping - planning already in progress
2026-03-07 00:10:36,977 INFO [auto-plan] Skipping - planning already in progress
2026-03-07 00:10:46,957 INFO [auto-plan] Skipping - planning already in progress
2026-03-07 00:10:56,951 INFO [auto-plan] Skipping - planning already in progress
2026-03-07 00:11:06,972 INFO [auto-plan] Checking boards: ['mad']
2026-03-07 00:11:06,973 INFO [auto-plan] mad: plan-inbox=1, reviewing-plan=0
2026-03-07 00:11:06,973 INFO [auto-plan] Starting: specific-review-slots (plan-inbox)
2026-03-07 00:11:06,978 INFO [planning] Starting: specific-review-slots
2026-03-07 00:11:07,066 INFO [runner] Loaded checkpoint for specific-review-slots: 3 completed steps
2026-03-07 00:11:07,066 INFO [runner] Wrote instructions for 'specific-review-slots': 5518 chars
2026-03-07 00:11:07,066 INFO [runner] Instructions preview: Code Path: /home/paule/MAD
Context File: /home/paule/MAD/.mad/CONTEXT.md

# Design Planning: specific-review-slots

**Description:** Add dedicated `plan_reviews` and `impl_reviews` arrays to the item ...
2026-03-07 00:11:07,066 INFO Starting claude in cwd=/home/paule/MAD with cmd: ['claude', '-p', 'Read /home/paule/MAD/.tmp/specific-review-slots.instructions and follow the instructions exactly.', '--dangerously-skip-permissions']
2026-03-07 00:11:07,066 INFO status.feature_slug = 'specific-review-slots'
2026-03-07 00:11:07,066 INFO Logging to: /home/paule/MAD/logs/claude-specific-review-slots-1772871067.log
2026-03-07 00:11:16,975 INFO [auto-plan] Skipping - planning already in progress
2026-03-07 00:11:17,441 INFO [runner] Interactive instructions for 'ideas': 647 chars
2026-03-07 00:11:17,441 INFO [runner] Instructions preview: Code Path: /home/paule/MAD
Context File: /home/paule/MAD/.mad/CONTEXT.md

**Feature Iteration: consolidate-phase-execution**

The feature file is at: `consolidate-phase-execution.json`

**Current Desc...
2026-03-07 00:12:13,274 INFO Planning output length: 13 chars
2026-03-07 00:12:13,275 INFO Agent only output completion marker without a plan! Output: PLAN_COMPLETE
2026-03-07 00:17:22,267 INFO [auto-plan] Skipping - planning already in progress
2026-03-07 00:17:22,274 INFO Server connection lost, will reconnect...
2026-03-07 00:17:22,321 WARNING Failed to push state: no close frame received or sent
2026-03-07 00:17:22,322 WARNING Failed to push state: no close frame received or sent
2026-03-07 00:17:23,491 INFO Connected to server as 'wsl-mad-cwd'
2026-03-07 00:17:30,833 INFO Connected to server as 'wsl-mad-cwd'
2026-03-07 00:17:50,489 INFO [auto-plan] Checking boards: ['mad']
2026-03-07 00:17:50,489 INFO [auto-plan] mad: plan-inbox=2, reviewing-plan=0
2026-03-07 00:17:50,489 INFO [auto-plan] Starting: consolidate-phase-execution (plan-inbox)
2026-03-07 00:17:50,491 INFO [auto-impl] Checking boards: ['mad']
2026-03-07 00:17:50,492 INFO [planning] Starting: consolidate-phase-execution
2026-03-07 00:17:50,492 INFO [auto-impl] Board 'mad', stage 'review': 0 features
2026-03-07 00:17:50,492 INFO [auto-impl] Board 'mad', stage 'testing': 0 features
2026-03-07 00:17:50,493 INFO [auto-impl] Board 'mad', stage 'implementing': 0 features
2026-03-07 00:17:50,493 INFO [auto-impl] Board 'mad', stage 'spec-writing': 1 features
2026-03-07 00:17:50,493 INFO [auto-impl] Starting: Bug: cannot create new item from webui (spec-writing)
2026-03-07 00:17:50,498 INFO [runner] Wrote instructions for 'consolidate-phase-execution': 3199 chars
2026-03-07 00:17:50,498 INFO [runner] Instructions preview: Code Path: /home/paule/MAD
Context File: /home/paule/MAD/.mad/CONTEXT.md

# Design Planning: consolidate-phase-execution

**Description:** Consolidate phase execution to eliminate repeated boilerplate...
2026-03-07 00:17:50,499 INFO Starting claude in cwd=/home/paule/MAD with cmd: ['claude', '-p', 'Read /home/paule/MAD/.tmp/consolidate-phase-execution.instructions and follow the instructions exactly.', '--dangerously-skip-permissions']
2026-03-07 00:17:50,499 INFO status.feature_slug = 'consolidate-phase-execution'
2026-03-07 00:17:50,500 INFO Logging to: /home/paule/MAD/logs/claude-consolidate-phase-execution-1772871470.log
2026-03-07 00:17:50,513 INFO [bold blue]Spec Writing:[/bold blue] Bug: cannot create new item from webui
2026-03-07 00:17:50,513 INFO [spec-writing] Starting: Bug: cannot create new item from webui
2026-03-07 00:17:50,515 INFO Agent A: Generating implementation spec...
2026-03-07 00:17:50,516 INFO [runner] Loaded checkpoint for bug-cannot-create-new-item-from-webui: 10 completed steps
2026-03-07 00:17:50,516 INFO [runner] Wrote instructions for 'bug-cannot-create-new-item-from-webui': 3676 chars
2026-03-07 00:17:50,516 INFO [runner] Instructions preview: Code Path: /home/paule/MAD
Context File: /home/paule/MAD/.mad/CONTEXT.md

You are an implementer breaking down a feature plan into concrete coding tasks.

Feature: Bug: cannot create new item from web...
2026-03-07 00:17:50,516 INFO Starting kilo in cwd=/home/paule/MAD with cmd: ['kilo', 'run', '--auto', 'Read /home/paule/MAD/.tmp/bug-cannot-create-new-item-from-webui.instructions and follow the instructions exactly.']
2026-03-07 00:17:50,516 INFO status.feature_slug = 'bug-cannot-create-new-item-from-webui'
2026-03-07 00:17:50,517 INFO Logging to: /home/paule/MAD/logs/kilo-bug-cannot-create-new-item-from-webui-1772871470.log
2026-03-07 00:18:00,514 INFO [auto-plan] Skipping - planning already in progress
2026-03-07 00:18:00,514 INFO [auto-impl] Skipping - implementation already in progress
2026-03-07 00:18:10,490 INFO [auto-plan] Skipping - planning already in progress
2026-03-07 00:18:10,490 INFO [auto-impl] Skipping - implementation already in progress
2026-03-07 00:18:20,486 INFO [auto-plan] Skipping - planning already in progress
2026-03-07 00:18:20,486 INFO [auto-impl] Skipping - implementation already in progress
2026-03-07 00:18:30,485 INFO [auto-plan] Skipping - planning already in progress
2026-03-07 00:18:30,485 INFO [auto-impl] Skipping - implementation already in progress
2026-03-07 00:18:40,488 INFO [auto-plan] Skipping - planning already in progress
2026-03-07 00:18:40,488 INFO [auto-impl] Skipping - implementation already in progress
2026-03-07 00:18:50,480 INFO [auto-plan] Skipping - planning already in progress
2026-03-07 00:18:50,480 INFO [auto-impl] Skipping - implementation already in progress
2026-03-07 00:19:00,477 INFO [auto-plan] Skipping - planning already in progress
2026-03-07 00:19:00,477 INFO [auto-impl] Skipping - implementation already in progress
2026-03-07 00:19:10,474 INFO [auto-plan] Skipping - planning already in progress
2026-03-07 00:19:10,474 INFO [auto-impl] Skipping - implementation already in progress
2026-03-07 00:19:12,812 INFO [runner] Received DONE signal
2026-03-07 00:19:13,160 INFO [runner] Read 6189 chars from output file
2026-03-07 00:19:13,160 INFO Planning output length: 6189 chars
2026-03-07 00:19:13,160 INFO Matched JSON: {
  "questions": [],
  "plan": "## Consolidate Phase Execution in phases.py\n\n### Problem Analysis\n\nThe 7 phase functions (`run_planning`, `run_plan_review`, `run_spec_writing`, `run_implementing`,...
2026-03-07 00:19:13,160 INFO Parsed JSON keys: ['questions', 'plan']
2026-03-07 00:19:13,163 INFO Plan generated. Feature moved to reviewing-plan.
2026-03-07 00:19:13,163 INFO [bold blue]Reviewing Plan:[/bold blue] consolidate-phase-execution
2026-03-07 00:19:13,163 INFO [plan-review] Starting: consolidate-phase-execution
2026-03-07 00:19:13,164 INFO [runner] Loaded checkpoint for consolidate-phase-execution: 4 completed steps
2026-03-07 00:19:13,164 INFO [runner] Wrote instructions for 'consolidate-phase-execution': 8510 chars
2026-03-07 00:19:13,164 INFO [runner] Instructions preview: Code Path: /home/paule/MAD
Context File: /home/paule/MAD/.mad/CONTEXT.md

You are a senior software architect reviewing a feature plan.

## Feature: consolidate-phase-execution

### Original Descripti...
2026-03-07 00:19:13,165 INFO Starting kilo in cwd=/home/paule/MAD with cmd: ['kilo', 'run', '--auto', 'Read /home/paule/MAD/.tmp/consolidate-phase-execution.instructions and follow the instructions exactly.']
2026-03-07 00:19:13,165 INFO status.feature_slug = 'consolidate-phase-execution'
2026-03-07 00:19:13,165 INFO Logging to: /home/paule/MAD/logs/kilo-consolidate-phase-execution-1772871553.log
2026-03-07 00:19:20,516 INFO [auto-plan] Skipping - planning already in progress
2026-03-07 00:19:20,516 INFO [auto-impl] Skipping - implementation already in progress
2026-03-07 00:19:30,471 INFO [auto-plan] Skipping - planning already in progress
2026-03-07 00:19:30,471 INFO [auto-impl] Skipping - implementation already in progress
2026-03-07 00:19:40,469 INFO [auto-plan] Skipping - planning already in progress
2026-03-07 00:19:40,469 INFO [auto-impl] Skipping - implementation already in progress
2026-03-07 00:19:50,463 INFO [auto-plan] Skipping - planning already in progress
2026-03-07 00:19:50,463 INFO [auto-impl] Skipping - implementation already in progress
2026-03-07 00:20:00,468 INFO [auto-plan] Skipping - planning already in progress
2026-03-07 00:20:00,468 INFO [auto-impl] Skipping - implementation already in progress
2026-03-07 00:20:10,459 INFO [auto-plan] Skipping - planning already in progress
2026-03-07 00:20:10,459 INFO [auto-impl] Skipping - implementation already in progress
2026-03-07 00:20:14,513 INFO [runner] Received DONE signal
2026-03-07 00:20:14,789 INFO [runner] Read 1136 chars from output file
2026-03-07 00:20:20,484 INFO [auto-plan] Checking boards: ['mad']
2026-03-07 00:20:20,484 INFO [auto-plan] mad: plan-inbox=2, reviewing-plan=0
2026-03-07 00:20:20,484 INFO [auto-plan] Starting: consolidate-phase-execution (plan-inbox)
2026-03-07 00:20:20,485 INFO [auto-impl] Skipping - implementation already in progress
2026-03-07 00:20:20,503 INFO [planning] Starting: consolidate-phase-execution
2026-03-07 00:20:20,517 INFO [runner] Loaded checkpoint for consolidate-phase-execution: 4 completed steps
2026-03-07 00:20:20,520 INFO [runner] Wrote instructions for 'consolidate-phase-execution': 6406 chars
2026-03-07 00:20:20,531 INFO [runner] Instructions preview: Code Path: /home/paule/MAD
Context File: /home/paule/MAD/.mad/CONTEXT.md

# Design Planning: consolidate-phase-execution

**Description:** Consolidate phase execution to eliminate repeated boilerplate...
2026-03-07 00:20:20,531 INFO Starting claude in cwd=/home/paule/MAD with cmd: ['claude', '-p', 'Read /home/paule/MAD/.tmp/consolidate-phase-execution.instructions and follow the instructions exactly.', '--dangerously-skip-permissions']
2026-03-07 00:20:20,531 INFO status.feature_slug = 'consolidate-phase-execution'
2026-03-07 00:20:20,531 INFO Logging to: /home/paule/MAD/logs/claude-consolidate-phase-execution-1772871620.log
2026-03-07 00:20:30,476 INFO [auto-plan] Skipping - planning already in progress
2026-03-07 00:20:30,476 INFO [auto-impl] Skipping - implementation already in progress
2026-03-07 00:20:40,455 INFO [auto-plan] Skipping - planning already in progress
2026-03-07 00:20:40,455 INFO [auto-impl] Skipping - implementation already in progress
2026-03-07 00:20:50,446 INFO [auto-plan] Skipping - planning already in progress
2026-03-07 00:20:50,446 INFO [auto-impl] Skipping - implementation already in progress
2026-03-07 00:21:00,441 INFO [auto-plan] Skipping - planning already in progress
2026-03-07 00:21:00,441 INFO [auto-impl] Skipping - implementation already in progress
2026-03-07 00:21:10,443 INFO [auto-plan] Skipping - planning already in progress
2026-03-07 00:21:10,443 INFO [auto-impl] Skipping - implementation already in progress
2026-03-07 00:21:20,434 INFO [auto-plan] Skipping - planning already in progress
2026-03-07 00:21:20,434 INFO [auto-impl] Skipping - implementation already in progress
2026-03-07 00:21:30,433 INFO [auto-plan] Skipping - planning already in progress
2026-03-07 00:21:30,433 INFO [auto-impl] Skipping - implementation already in progress
2026-03-07 00:21:40,433 INFO [auto-plan] Skipping - planning already in progress
2026-03-07 00:21:40,433 INFO [auto-impl] Skipping - implementation already in progress
2026-03-07 00:21:50,430 INFO [auto-plan] Skipping - planning already in progress
2026-03-07 00:21:50,430 INFO [auto-impl] Skipping - implementation already in progress
2026-03-07 00:21:50,693 WARNING Error handling create_idea: The `call_from_thread` method must run in a different thread from the app
2026-03-07 00:22:00,430 INFO [auto-plan] Skipping - planning already in progress
2026-03-07 00:22:00,430 INFO [auto-impl] Skipping - implementation already in progress
2026-03-07 00:22:10,429 INFO [auto-plan] Skipping - planning already in progress
2026-03-07 00:22:10,429 INFO [auto-impl] Skipping - implementation already in progress
2026-03-07 00:22:20,426 INFO [auto-plan] Skipping - planning already in progress
2026-03-07 00:22:20,426 INFO [auto-impl] Skipping - implementation already in progress
2026-03-07 00:22:30,426 INFO [auto-plan] Skipping - planning already in progress
2026-03-07 00:22:30,426 INFO [auto-impl] Skipping - implementation already in progress
2026-03-07 00:22:32,744 INFO [runner] Received DONE signal
2026-03-07 00:22:33,112 INFO [runner] Read 14572 chars from output file
2026-03-07 00:22:33,113 INFO Planning output length: 14572 chars
2026-03-07 00:22:33,113 INFO Matched JSON: {
  "questions": [],
  "plan": "## Consolidate Phase Execution Plan\n\n### Overview\nRefactor phases.py to eliminate duplicated boilerplate across the 7 phase functions and extract shared checkpoint i...
2026-03-07 00:22:33,113 INFO Parsed JSON keys: ['questions', 'plan']
2026-03-07 00:22:33,116 INFO Plan generated. Feature moved to reviewing-plan.
2026-03-07 00:22:33,116 INFO [bold blue]Reviewing Plan:[/bold blue] consolidate-phase-execution
2026-03-07 00:22:33,116 INFO [plan-review] Starting: consolidate-phase-execution
2026-03-07 00:22:33,117 INFO [runner] Loaded checkpoint for consolidate-phase-execution: 5 completed steps
2026-03-07 00:22:33,117 INFO [runner] Wrote instructions for 'consolidate-phase-execution': 16862 chars
2026-03-07 00:22:33,117 INFO [runner] Instructions preview: Code Path: /home/paule/MAD
Context File: /home/paule/MAD/.mad/CONTEXT.md

You are a senior software architect reviewing a feature plan.

## Feature: consolidate-phase-execution

### Original Descripti...
2026-03-07 00:22:33,118 INFO Starting kilo in cwd=/home/paule/MAD with cmd: ['kilo', 'run', '--auto', 'Read /home/paule/MAD/.tmp/consolidate-phase-execution.instructions and follow the instructions exactly.']
2026-03-07 00:22:33,118 INFO status.feature_slug = 'consolidate-phase-execution'
2026-03-07 00:22:33,118 INFO Logging to: /home/paule/MAD/logs/kilo-consolidate-phase-execution-1772871753.log
2026-03-07 00:22:40,450 INFO [auto-plan] Skipping - planning already in progress
2026-03-07 00:22:40,451 INFO [auto-impl] Skipping - implementation already in progress
2026-03-07 00:22:50,423 INFO [auto-plan] Skipping - planning already in progress
2026-03-07 00:22:50,423 INFO [auto-impl] Skipping - implementation already in progress
2026-03-07 00:23:00,423 INFO [auto-plan] Skipping - planning already in progress
2026-03-07 00:23:00,423 INFO [auto-impl] Skipping - implementation already in progress
2026-03-07 00:23:10,423 INFO [auto-plan] Skipping - planning already in progress
2026-03-07 00:23:10,423 INFO [auto-impl] Skipping - implementation already in progress
2026-03-07 00:23:20,420 INFO [auto-plan] Skipping - planning already in progress
2026-03-07 00:23:20,421 INFO [auto-impl] Skipping - implementation already in progress
2026-03-07 00:23:30,422 INFO [auto-plan] Skipping - planning already in progress
2026-03-07 00:23:30,422 INFO [auto-impl] Skipping - implementation already in progress
2026-03-07 00:23:40,426 INFO [auto-plan] Skipping - planning already in progress
2026-03-07 00:23:40,426 INFO [auto-impl] Skipping - implementation already in progress
2026-03-07 00:23:41,514 INFO [runner] Received DONE signal
2026-03-07 00:23:41,784 INFO [runner] Read 458 chars from output file
2026-03-07 00:23:50,446 INFO [auto-plan] Checking boards: ['mad']
2026-03-07 00:23:50,447 INFO [auto-plan] mad: plan-inbox=2, reviewing-plan=0
2026-03-07 00:23:50,447 INFO [auto-plan] Starting: consolidate-phase-execution (plan-inbox)
2026-03-07 00:23:50,448 INFO [auto-impl] Skipping - implementation already in progress
2026-03-07 00:23:50,451 INFO [planning] Starting: consolidate-phase-execution
2026-03-07 00:23:50,485 INFO [runner] Loaded checkpoint for consolidate-phase-execution: 5 completed steps
2026-03-07 00:23:50,487 INFO [runner] Wrote instructions for 'consolidate-phase-execution': 7989 chars
2026-03-07 00:23:50,487 INFO [runner] Instructions preview: Code Path: /home/paule/MAD
Context File: /home/paule/MAD/.mad/CONTEXT.md

# Design Planning: consolidate-phase-execution

**Description:** Consolidate phase execution to eliminate repeated boilerplate...
2026-03-07 00:23:50,523 INFO Starting claude in cwd=/home/paule/MAD with cmd: ['claude', '-p', 'Read /home/paule/MAD/.tmp/consolidate-phase-execution.instructions and follow the instructions exactly.', '--dangerously-skip-permissions']
2026-03-07 00:23:50,529 INFO status.feature_slug = 'consolidate-phase-execution'
2026-03-07 00:23:50,530 INFO Logging to: /home/paule/MAD/logs/claude-consolidate-phase-execution-1772871830.log
2026-03-07 00:24:00,488 INFO [auto-plan] Skipping - planning already in progress
2026-03-07 00:24:00,488 INFO [auto-impl] Skipping - implementation already in progress
2026-03-07 00:24:10,418 INFO [auto-plan] Skipping - planning already in progress
2026-03-07 00:24:10,418 INFO [auto-impl] Skipping - implementation already in progress
2026-03-07 00:24:20,417 INFO [auto-plan] Skipping - planning already in progress
2026-03-07 00:24:20,417 INFO [auto-impl] Skipping - implementation already in progress
2026-03-07 00:24:25,520 INFO [runner] Received DONE signal
2026-03-07 00:24:25,818 INFO [runner] Read 4750 chars from output file
2026-03-07 00:24:25,819 INFO Agent B: Generating test spec...
2026-03-07 00:24:25,819 INFO [runner] Loaded checkpoint for bug-cannot-create-new-item-from-webui: 16 completed steps
2026-03-07 00:24:25,819 INFO [runner] Wrote instructions for 'bug-cannot-create-new-item-from-webui': 4954 chars
2026-03-07 00:24:25,820 INFO [runner] Instructions preview: Code Path: /home/paule/MAD
Context File: /home/paule/MAD/.mad/CONTEXT.md

You are a QA engineer writing a test specification from a feature plan.

## Feature: Bug: cannot create new item from webui

#...
2026-03-07 00:24:25,820 INFO Starting kilo in cwd=/home/paule/MAD with cmd: ['kilo', 'run', '--auto', 'Read /home/paule/MAD/.tmp/bug-cannot-create-new-item-from-webui.instructions and follow the instructions exactly.']
2026-03-07 00:24:25,820 INFO status.feature_slug = 'bug-cannot-create-new-item-from-webui'
2026-03-07 00:24:25,820 INFO Logging to: /home/paule/MAD/logs/kilo-bug-cannot-create-new-item-from-webui-1772871865.log
2026-03-07 00:24:30,438 INFO [auto-plan] Skipping - planning already in progress
2026-03-07 00:24:30,438 INFO [auto-impl] Skipping - implementation already in progress
2026-03-07 00:24:40,418 INFO [auto-plan] Skipping - planning already in progress
2026-03-07 00:24:40,418 INFO [auto-impl] Skipping - implementation already in progress
2026-03-07 00:24:50,419 INFO [auto-plan] Skipping - planning already in progress
2026-03-07 00:24:50,419 INFO [auto-impl] Skipping - implementation already in progress
2026-03-07 00:25:00,421 INFO [auto-plan] Skipping - planning already in progress
2026-03-07 00:25:00,421 INFO [auto-impl] Skipping - implementation already in progress
2026-03-07 00:25:10,413 INFO [auto-plan] Skipping - planning already in progress
2026-03-07 00:25:10,413 INFO [auto-impl] Skipping - implementation already in progress
2026-03-07 00:25:20,409 INFO [auto-plan] Skipping - planning already in progress
2026-03-07 00:25:20,409 INFO [auto-impl] Skipping - implementation already in progress
2026-03-07 00:25:30,411 INFO [auto-plan] Skipping - planning already in progress
2026-03-07 00:25:30,411 INFO [auto-impl] Skipping - implementation already in progress
2026-03-07 00:25:40,411 INFO [auto-plan] Skipping - planning already in progress
2026-03-07 00:25:40,411 INFO [auto-impl] Skipping - implementation already in progress
2026-03-07 00:25:50,409 INFO [auto-plan] Skipping - planning already in progress
2026-03-07 00:25:50,409 INFO [auto-impl] Skipping - implementation already in progress
2026-03-07 00:26:00,408 INFO [auto-plan] Skipping - planning already in progress
2026-03-07 00:26:00,408 INFO [auto-impl] Skipping - implementation already in progress
2026-03-07 00:26:06,701 INFO [runner] Received DONE signal
2026-03-07 00:26:06,995 INFO [runner] Read 7991 chars from output file
2026-03-07 00:26:06,998 INFO Specs generated. Feature moved to implementing.
2026-03-07 00:26:07,005 INFO [bold blue]Implementing:[/bold blue] Bug: cannot create new item from webui
2026-03-07 00:26:07,007 INFO [implementing] Starting: Bug: cannot create new item from webui
2026-03-07 00:26:07,008 INFO [runner] Wrote instructions for 'bug-cannot-create-new-item-from-webui': 18132 chars
2026-03-07 00:26:07,009 INFO [runner] Instructions preview: Code Path: /home/paule/MAD
Context File: /home/paule/MAD/.mad/CONTEXT.md

Implement the following feature.

Feature: Bug: cannot create new item from webui

Plan:
Plan complete. Here's a summary of th...
2026-03-07 00:26:07,009 INFO Starting kilo in cwd=/home/paule/MAD with cmd: ['kilo', 'run', '--auto', 'Read /home/paule/MAD/.tmp/bug-cannot-create-new-item-from-webui.instructions and follow the instructions exactly.']
2026-03-07 00:26:07,009 INFO status.feature_slug = 'bug-cannot-create-new-item-from-webui'
2026-03-07 00:26:07,009 INFO Logging to: /home/paule/MAD/logs/kilo-bug-cannot-create-new-item-from-webui-1772871967.log
2026-03-07 00:26:10,430 INFO [auto-plan] Skipping - planning already in progress
2026-03-07 00:26:10,430 INFO [auto-impl] Skipping - implementation already in progress
2026-03-07 00:26:20,405 INFO [auto-plan] Skipping - planning already in progress
2026-03-07 00:26:20,406 INFO [auto-impl] Skipping - implementation already in progress
2026-03-07 00:26:27,586 INFO [runner] Received DONE signal
2026-03-07 00:26:28,064 INFO [runner] Read 16359 chars from output file
2026-03-07 00:26:28,064 INFO Planning output length: 16359 chars
2026-03-07 00:26:28,064 INFO Matched JSON: {
  "questions": [],
  "plan": "# Consolidate Phase Execution Plan\n\n## Overview\n\nRefactor phases.py to eliminate repeated boilerplate across 7 phase functions and extract the checkpoint instructio...
2026-03-07 00:26:28,064 INFO Parsed JSON keys: ['questions', 'plan']
2026-03-07 00:26:28,067 INFO Plan generated. Feature moved to reviewing-plan.
2026-03-07 00:26:28,067 INFO [bold blue]Reviewing Plan:[/bold blue] consolidate-phase-execution
2026-03-07 00:26:28,067 INFO [plan-review] Starting: consolidate-phase-execution
2026-03-07 00:26:28,068 INFO [runner] Loaded checkpoint for consolidate-phase-execution: 8 completed steps
2026-03-07 00:26:28,068 INFO [runner] Wrote instructions for 'consolidate-phase-execution': 18576 chars
2026-03-07 00:26:28,068 INFO [runner] Instructions preview: Code Path: /home/paule/MAD
Context File: /home/paule/MAD/.mad/CONTEXT.md

You are a senior software architect reviewing a feature plan.

## Feature: consolidate-phase-execution

### Original Descripti...
2026-03-07 00:26:28,068 INFO Starting kilo in cwd=/home/paule/MAD with cmd: ['kilo', 'run', '--auto', 'Read /home/paule/MAD/.tmp/consolidate-phase-execution.instructions and follow the instructions exactly.']
2026-03-07 00:26:28,068 INFO status.feature_slug = 'consolidate-phase-execution'
2026-03-07 00:26:28,069 INFO Logging to: /home/paule/MAD/logs/kilo-consolidate-phase-execution-1772871988.log
2026-03-07 00:26:30,430 INFO [auto-plan] Skipping - planning already in progress
2026-03-07 00:26:30,430 INFO [auto-impl] Skipping - implementation already in progress
2026-03-07 00:26:40,406 INFO [auto-plan] Skipping - planning already in progress
2026-03-07 00:26:40,406 INFO [auto-impl] Skipping - implementation already in progress
2026-03-07 00:26:50,399 INFO [auto-impl] Skipping - implementation already in progress
2026-03-07 00:27:00,400 INFO [auto-impl] Skipping - implementation already in progress
2026-03-07 00:27:10,408 INFO [auto-impl] Skipping - implementation already in progress
2026-03-07 00:27:12,666 INFO [runner] Received DONE signal
2026-03-07 00:27:13,033 INFO [runner] Read 44 chars from output file
2026-03-07 00:27:20,427 INFO [auto-impl] Skipping - implementation already in progress
2026-03-07 00:27:30,404 INFO [auto-impl] Skipping - implementation already in progress
2026-03-07 00:27:40,403 INFO [auto-impl] Skipping - implementation already in progress
2026-03-07 00:27:50,395 INFO [auto-impl] Skipping - implementation already in progress
2026-03-07 00:28:00,397 INFO [auto-impl] Skipping - implementation already in progress
2026-03-07 00:28:10,398 INFO [auto-impl] Skipping - implementation already in progress
2026-03-07 00:28:20,392 INFO [auto-impl] Skipping - implementation already in progress
2026-03-07 00:28:30,396 INFO [auto-impl] Skipping - implementation already in progress
2026-03-07 00:28:40,399 INFO [auto-impl] Skipping - implementation already in progress
2026-03-07 00:28:50,392 INFO [auto-impl] Skipping - implementation already in progress
2026-03-07 00:28:55,971 INFO [runner] Received DONE signal
2026-03-07 00:28:56,249 INFO [runner] Read 2911 chars from output file
2026-03-07 00:28:56,260 WARNING [git] Commit failed: Command '['git', 'add', '-A', '.mad/boards/', '.mad/logs/']' returned non-zero exit status 1.
2026-03-07 00:28:56,261 INFO Implementation done. Feature moved to testing.
2026-03-07 00:28:56,269 INFO [bold blue]Writing Tests:[/bold blue] Bug: cannot create new item from webui
2026-03-07 00:28:56,270 INFO [runner] Wrote instructions for 'bug-cannot-create-new-item-from-webui': 12701 chars
2026-03-07 00:28:56,271 INFO [runner] Instructions preview: Code Path: /home/paule/MAD
Context File: /home/paule/MAD/.mad/CONTEXT.md

Write tests for the following implemented feature.

Feature: Bug: cannot create new item from webui

Test Spec (behaviors to v...
2026-03-07 00:28:56,271 INFO Starting kilo in cwd=/home/paule/MAD with cmd: ['kilo', 'run', '--auto', 'Read /home/paule/MAD/.tmp/bug-cannot-create-new-item-from-webui.instructions and follow the instructions exactly.']
2026-03-07 00:28:56,271 INFO status.feature_slug = 'bug-cannot-create-new-item-from-webui'
2026-03-07 00:28:56,272 INFO Logging to: /home/paule/MAD/logs/kilo-bug-cannot-create-new-item-from-webui-1772872136.log
2026-03-07 00:29:00,411 INFO [auto-impl] Skipping - implementation already in progress
2026-03-07 00:29:10,394 INFO [auto-impl] Skipping - implementation already in progress
2026-03-07 00:29:20,382 INFO [auto-impl] Skipping - implementation already in progress
2026-03-07 00:29:30,387 INFO [auto-impl] Skipping - implementation already in progress
2026-03-07 00:29:40,385 INFO [auto-impl] Skipping - implementation already in progress
2026-03-07 00:29:50,385 INFO [auto-impl] Skipping - implementation already in progress
2026-03-07 00:30:00,387 INFO [auto-impl] Skipping - implementation already in progress
2026-03-07 00:30:10,385 INFO [auto-impl] Skipping - implementation already in progress
2026-03-07 00:30:20,381 INFO [auto-impl] Skipping - implementation already in progress
2026-03-07 00:30:30,378 INFO [auto-impl] Skipping - implementation already in progress
2026-03-07 00:30:40,381 INFO [auto-impl] Skipping - implementation already in progress
2026-03-07 00:30:50,378 INFO [auto-impl] Skipping - implementation already in progress
2026-03-07 00:31:00,378 INFO [auto-impl] Skipping - implementation already in progress
2026-03-07 00:31:10,378 INFO [auto-impl] Skipping - implementation already in progress
2026-03-07 00:31:20,374 INFO [auto-impl] Skipping - implementation already in progress
2026-03-07 00:31:30,370 INFO [auto-impl] Skipping - implementation already in progress
2026-03-07 00:31:40,376 INFO [auto-impl] Skipping - implementation already in progress
2026-03-07 00:31:50,375 INFO [auto-impl] Skipping - implementation already in progress
2026-03-07 00:32:00,373 INFO [auto-impl] Skipping - implementation already in progress
2026-03-07 00:32:10,373 INFO [auto-impl] Skipping - implementation already in progress
2026-03-07 00:32:20,368 INFO [auto-impl] Skipping - implementation already in progress
2026-03-07 00:32:30,364 INFO [auto-impl] Skipping - implementation already in progress
2026-03-07 00:32:40,371 INFO [auto-impl] Skipping - implementation already in progress
2026-03-07 00:32:50,362 INFO [auto-impl] Skipping - implementation already in progress
2026-03-07 00:33:00,361 INFO [auto-impl] Skipping - implementation already in progress
2026-03-07 00:33:08,659 INFO [runner] Received DONE signal
2026-03-07 00:33:08,949 INFO [runner] Read 1679 chars from output file
2026-03-07 00:33:08,953 INFO Tests written. Feature moved to review.
2026-03-07 00:33:08,954 INFO [bold blue]Reviewing:[/bold blue] Bug: cannot create new item from webui
2026-03-07 00:33:08,961 INFO [runner] Wrote instructions for 'bug-cannot-create-new-item-from-webui': 15512 chars
2026-03-07 00:33:08,961 INFO [runner] Instructions preview: Code Path: /home/paule/MAD
Context File: /home/paule/MAD/.mad/CONTEXT.md

You are a senior code reviewer tasked with critically evaluating an implementation.

## Feature: Bug: cannot create new item f...
2026-03-07 00:33:08,962 INFO Starting kilo in cwd=/home/paule/MAD with cmd: ['kilo', 'run', '--auto', 'Read /home/paule/MAD/.tmp/bug-cannot-create-new-item-from-webui.instructions and follow the instructions exactly.']
2026-03-07 00:33:08,962 INFO status.feature_slug = 'bug-cannot-create-new-item-from-webui'
2026-03-07 00:33:08,962 INFO Logging to: /home/paule/MAD/logs/kilo-bug-cannot-create-new-item-from-webui-1772872388.log
2026-03-07 00:33:10,375 INFO [auto-impl] Skipping - implementation already in progress
2026-03-07 00:33:20,354 INFO [auto-impl] Skipping - implementation already in progress
2026-03-07 00:33:30,349 INFO [auto-impl] Skipping - implementation already in progress
2026-03-07 00:33:40,348 INFO [auto-impl] Skipping - implementation already in progress
2026-03-07 00:33:50,347 INFO [auto-impl] Skipping - implementation already in progress
2026-03-07 00:34:00,346 INFO [auto-impl] Skipping - implementation already in progress
2026-03-07 00:34:10,347 INFO [auto-impl] Skipping - implementation already in progress
2026-03-07 00:34:20,351 INFO [auto-impl] Skipping - implementation already in progress
2026-03-07 00:34:30,356 INFO [auto-impl] Skipping - implementation already in progress
2026-03-07 00:34:40,350 INFO [auto-impl] Skipping - implementation already in progress
2026-03-07 00:34:41,369 INFO [runner] Received DONE signal
2026-03-07 00:34:41,652 INFO [runner] Read 42 chars from output file
2026-03-07 00:34:41,653 INFO Review verdict: FAIL
2026-03-07 00:34:41,653 INFO Review feedback: {
  "verdict": "PASS",
  "feedback": []
}
2026-03-07 00:34:41,655 INFO Review FAILED. Feature moved back to implementing.
2026-03-07 08:52:18,531 INFO Connected to server as 'wsl-mad-cwd'
2026-03-07 08:56:46,927 INFO Connected to server as 'wsl-mad-cwd'
2026-03-07 08:57:19,798 INFO Connected to server as 'wsl-mad-cwd'
2026-03-07 08:57:57,062 INFO Connected to server as 'wsl-mad-cwd'
2026-03-07 08:59:18,006 INFO Connected to server as 'wsl-mad-cwd'
2026-03-07 08:59:37,808 INFO [auto-plan] Checking boards: ['mad']
2026-03-07 08:59:37,808 INFO [auto-plan] mad: plan-inbox=2, reviewing-plan=0
2026-03-07 08:59:37,809 INFO [auto-plan] Starting: consolidate-phase-execution (plan-inbox)
2026-03-07 08:59:37,811 INFO [auto-impl] Checking boards: ['mad']
2026-03-07 08:59:37,812 INFO [planning] Starting: consolidate-phase-execution
2026-03-07 08:59:37,813 INFO [auto-impl] Board 'mad', stage 'review': 1 features
2026-03-07 08:59:37,813 INFO [auto-impl] Starting: Bug: cannot create new item from webui (review)
2026-03-07 08:59:37,853 INFO [runner] Loaded checkpoint for consolidate-phase-execution: 8 completed steps
2026-03-07 08:59:37,865 INFO [runner] Wrote instructions for 'consolidate-phase-execution': 8480 chars
2026-03-07 08:59:37,872 INFO [bold blue]Reviewing:[/bold blue] Bug: cannot create new item from webui
2026-03-07 08:59:37,877 INFO [runner] Instructions preview: Code Path: /home/paule/MAD
Context File: /home/paule/MAD/.mad/CONTEXT.md

# Design Planning: consolidate-phase-execution

**Description:** Consolidate phase execution to eliminate repeated boilerplate...
2026-03-07 08:59:37,893 INFO Starting claude in cwd=/home/paule/MAD with cmd: ['claude', '-p', 'Read /home/paule/MAD/.tmp/consolidate-phase-execution.instructions and follow the instructions exactly.', '--dangerously-skip-permissions']
2026-03-07 08:59:37,893 INFO status.feature_slug = 'consolidate-phase-execution'
2026-03-07 08:59:37,894 INFO Logging to: /home/paule/MAD/logs/claude-consolidate-phase-execution-1772902777.log
2026-03-07 08:59:37,894 INFO [runner] Wrote instructions for 'bug-cannot-create-new-item-from-webui': 15415 chars
2026-03-07 08:59:37,894 INFO [runner] Instructions preview: Code Path: /home/paule/MAD
Context File: /home/paule/MAD/.mad/CONTEXT.md

You are a senior code reviewer tasked with critically evaluating an implementation.

## Feature: Bug: cannot create new item f...
2026-03-07 08:59:37,895 INFO Starting kilo in cwd=/home/paule/MAD with cmd: ['kilo', 'run', '--auto', 'Read /home/paule/MAD/.tmp/bug-cannot-create-new-item-from-webui.instructions and follow the instructions exactly.']
2026-03-07 08:59:37,895 INFO status.feature_slug = 'bug-cannot-create-new-item-from-webui'
2026-03-07 08:59:37,895 INFO Logging to: /home/paule/MAD/logs/kilo-bug-cannot-create-new-item-from-webui-1772902777.log
2026-03-07 08:59:47,806 INFO [auto-plan] Skipping - planning already in progress
2026-03-07 08:59:47,806 INFO [auto-impl] Skipping - implementation already in progress
2026-03-07 08:59:57,773 INFO [auto-plan] Skipping - planning already in progress
2026-03-07 08:59:57,773 INFO [auto-impl] Skipping - implementation already in progress
2026-03-07 09:00:07,773 INFO [auto-plan] Skipping - planning already in progress
2026-03-07 09:00:07,773 INFO [auto-impl] Skipping - implementation already in progress
2026-03-07 09:00:17,772 INFO [auto-plan] Skipping - planning already in progress
2026-03-07 09:00:17,773 INFO [auto-impl] Skipping - implementation already in progress
2026-03-07 09:00:27,773 INFO [auto-plan] Skipping - planning already in progress
2026-03-07 09:00:27,774 INFO [auto-impl] Skipping - implementation already in progress
2026-03-07 09:00:37,776 INFO [auto-plan] Skipping - planning already in progress
2026-03-07 09:00:37,776 INFO [auto-impl] Skipping - implementation already in progress
2026-03-07 09:00:47,773 INFO [auto-plan] Skipping - planning already in progress
2026-03-07 09:00:47,773 INFO [auto-impl] Skipping - implementation already in progress
2026-03-07 09:00:55,925 INFO [runner] Received DONE signal
2026-03-07 09:00:56,225 INFO [runner] Read 44 chars from output file
2026-03-07 09:00:56,226 INFO Review verdict: PASS
2026-03-07 09:00:56,226 INFO Review feedback:
2026-03-07 09:00:56,227 INFO Review PASSED. Feature moved to final-human-approval.
2026-03-07 09:00:57,793 INFO [auto-plan] Skipping - planning already in progress
2026-03-07 09:00:57,793 INFO [auto-impl] Checking boards: ['mad']
2026-03-07 09:00:57,793 INFO [auto-impl] Board 'mad', stage 'review': 0 features
2026-03-07 09:00:57,793 INFO [auto-impl] Board 'mad', stage 'testing': 0 features
2026-03-07 09:00:57,793 INFO [auto-impl] Board 'mad', stage 'implementing': 0 features
2026-03-07 09:00:57,794 INFO [auto-impl] Board 'mad', stage 'spec-writing': 0 features
2026-03-07 09:00:57,794 INFO [auto-impl] Board 'mad', stage 'approved': 0 features
2026-03-07 09:01:07,767 INFO [auto-plan] Skipping - planning already in progress
2026-03-07 09:01:07,767 INFO [auto-impl] Checking boards: ['mad']
2026-03-07 09:01:07,767 INFO [auto-impl] Board 'mad', stage 'review': 0 features
2026-03-07 09:01:07,767 INFO [auto-impl] Board 'mad', stage 'testing': 0 features
2026-03-07 09:01:07,767 INFO [auto-impl] Board 'mad', stage 'implementing': 0 features
2026-03-07 09:01:07,768 INFO [auto-impl] Board 'mad', stage 'spec-writing': 0 features
2026-03-07 09:01:07,768 INFO [auto-impl] Board 'mad', stage 'approved': 0 features
2026-03-07 09:01:17,764 INFO [auto-plan] Skipping - planning already in progress
2026-03-07 09:01:17,764 INFO [auto-impl] Checking boards: ['mad']
2026-03-07 09:01:17,764 INFO [auto-impl] Board 'mad', stage 'review': 0 features
2026-03-07 09:01:17,764 INFO [auto-impl] Board 'mad', stage 'testing': 0 features
2026-03-07 09:01:17,764 INFO [auto-impl] Board 'mad', stage 'implementing': 0 features
2026-03-07 09:01:17,764 INFO [auto-impl] Board 'mad', stage 'spec-writing': 0 features
2026-03-07 09:01:17,764 INFO [auto-impl] Board 'mad', stage 'approved': 0 features
2026-03-07 09:01:27,761 INFO [auto-plan] Skipping - planning already in progress
2026-03-07 09:01:27,761 INFO [auto-impl] Checking boards: ['mad']
2026-03-07 09:01:27,761 INFO [auto-impl] Board 'mad', stage 'review': 0 features
2026-03-07 09:01:27,762 INFO [auto-impl] Board 'mad', stage 'testing': 0 features
2026-03-07 09:01:27,762 INFO [auto-impl] Board 'mad', stage 'implementing': 0 features
2026-03-07 09:01:27,762 INFO [auto-impl] Board 'mad', stage 'spec-writing': 0 features
2026-03-07 09:01:27,762 INFO [auto-impl] Board 'mad', stage 'approved': 0 features
2026-03-07 09:01:37,768 INFO [auto-plan] Skipping - planning already in progress
2026-03-07 09:01:37,769 INFO [auto-impl] Checking boards: ['mad']
2026-03-07 09:01:37,769 INFO [auto-impl] Board 'mad', stage 'review': 0 features
2026-03-07 09:01:37,775 INFO [auto-impl] Board 'mad', stage 'testing': 0 features
2026-03-07 09:01:37,776 INFO [auto-impl] Board 'mad', stage 'implementing': 0 features
2026-03-07 09:01:37,776 INFO [auto-impl] Board 'mad', stage 'spec-writing': 0 features
2026-03-07 09:01:37,777 INFO [auto-impl] Board 'mad', stage 'approved': 0 features
2026-03-07 09:01:40,855 INFO [runner] Received DONE signal
2026-03-07 09:01:41,169 INFO [runner] Read 13551 chars from output file
2026-03-07 09:01:41,174 INFO Planning output length: 13551 chars
2026-03-07 09:01:41,175 INFO Matched JSON: {
  "questions": [],
  "plan": "# Consolidate Phase Execution in phases.py\n\n## Problem Summary\n\n7 phase functions in phases.py duplicate 5 categories of boilerplate:\n1. Status updates (`if status...
2026-03-07 09:01:41,176 INFO Parsed JSON keys: ['questions', 'plan']
2026-03-07 09:01:41,190 INFO Plan generated. Feature moved to reviewing-plan.
2026-03-07 09:01:41,190 INFO [bold blue]Reviewing Plan:[/bold blue] consolidate-phase-execution
2026-03-07 09:01:41,190 INFO [plan-review] Starting: consolidate-phase-execution
2026-03-07 09:01:41,197 INFO [runner] Loaded checkpoint for consolidate-phase-execution: 8 completed steps
2026-03-07 09:01:41,197 INFO [runner] Wrote instructions for 'consolidate-phase-execution': 15904 chars
2026-03-07 09:01:41,197 INFO [runner] Instructions preview: Code Path: /home/paule/MAD
Context File: /home/paule/MAD/.mad/CONTEXT.md

You are a senior software architect reviewing a feature plan.

## Feature: consolidate-phase-execution

### Original Descripti...
2026-03-07 09:01:41,207 INFO Starting kilo in cwd=/home/paule/MAD with cmd: ['kilo', 'run', '--auto', 'Read /home/paule/MAD/.tmp/consolidate-phase-execution.instructions and follow the instructions exactly.']
2026-03-07 09:01:41,207 INFO status.feature_slug = 'consolidate-phase-execution'
2026-03-07 09:01:41,210 INFO Logging to: /home/paule/MAD/logs/kilo-consolidate-phase-execution-1772902901.log
2026-03-07 09:01:47,884 INFO [auto-plan] Skipping - planning already in progress
2026-03-07 09:01:47,884 INFO [auto-impl] Checking boards: ['mad']
2026-03-07 09:01:47,884 INFO [auto-impl] Board 'mad', stage 'review': 0 features
2026-03-07 09:01:47,884 INFO [auto-impl] Board 'mad', stage 'testing': 0 features
2026-03-07 09:01:47,885 INFO [auto-impl] Board 'mad', stage 'implementing': 0 features
2026-03-07 09:01:47,885 INFO [auto-impl] Board 'mad', stage 'spec-writing': 0 features
2026-03-07 09:01:47,885 INFO [auto-impl] Board 'mad', stage 'approved': 0 features
2026-03-07 09:01:57,755 INFO [auto-plan] Skipping - planning already in progress
2026-03-07 09:01:57,756 INFO [auto-impl] Checking boards: ['mad']
2026-03-07 09:01:57,756 INFO [auto-impl] Board 'mad', stage 'review': 0 features
2026-03-07 09:01:57,756 INFO [auto-impl] Board 'mad', stage 'testing': 0 features
2026-03-07 09:01:57,756 INFO [auto-impl] Board 'mad', stage 'implementing': 0 features
2026-03-07 09:01:57,756 INFO [auto-impl] Board 'mad', stage 'spec-writing': 0 features
2026-03-07 09:01:57,757 INFO [auto-impl] Board 'mad', stage 'approved': 0 features
2026-03-07 09:02:07,756 INFO [auto-plan] Skipping - planning already in progress
2026-03-07 09:02:07,756 INFO [auto-impl] Checking boards: ['mad']
2026-03-07 09:02:07,757 INFO [auto-impl] Board 'mad', stage 'review': 0 features
2026-03-07 09:02:07,757 INFO [auto-impl] Board 'mad', stage 'testing': 0 features
2026-03-07 09:02:07,757 INFO [auto-impl] Board 'mad', stage 'implementing': 0 features
2026-03-07 09:02:07,757 INFO [auto-impl] Board 'mad', stage 'spec-writing': 0 features
2026-03-07 09:02:07,757 INFO [auto-impl] Board 'mad', stage 'approved': 0 features
2026-03-07 09:02:08,854 INFO [runner] Received DONE signal
2026-03-07 09:02:09,129 INFO [runner] Read 44 chars from output file
2026-03-07 09:02:17,780 INFO [auto-plan] Checking boards: ['mad']
2026-03-07 09:02:17,781 INFO [auto-plan] mad: plan-inbox=1, reviewing-plan=0
2026-03-07 09:02:17,781 INFO [auto-plan] Starting: specific-review-slots (plan-inbox)
2026-03-07 09:02:17,781 INFO [auto-impl] Checking boards: ['mad']
2026-03-07 09:02:17,782 INFO [auto-impl] Board 'mad', stage 'review': 0 features
2026-03-07 09:02:17,782 INFO [auto-impl] Board 'mad', stage 'testing': 0 features
2026-03-07 09:02:17,782 INFO [auto-impl] Board 'mad', stage 'implementing': 0 features
2026-03-07 09:02:17,783 INFO [planning] Starting: specific-review-slots
2026-03-07 09:02:17,783 INFO [auto-impl] Board 'mad', stage 'spec-writing': 0 features
2026-03-07 09:02:17,784 INFO [auto-impl] Board 'mad', stage 'approved': 1 features
2026-03-07 09:02:17,784 INFO [auto-impl] Starting: consolidate-phase-execution (approved)
2026-03-07 09:02:17,822 INFO [runner] Loaded checkpoint for specific-review-slots: 4 completed steps
2026-03-07 09:02:17,823 INFO [runner] Wrote instructions for 'specific-review-slots': 6131 chars
2026-03-07 09:02:17,823 INFO [runner] Instructions preview: Code Path: /home/paule/MAD
Context File: /home/paule/MAD/.mad/CONTEXT.md

# Design Planning: specific-review-slots

**Description:** Add dedicated `plan_reviews` and `impl_reviews` arrays to the item ...
2026-03-07 09:02:17,825 INFO Starting claude in cwd=/home/paule/MAD with cmd: ['claude', '-p', 'Read /home/paule/MAD/.tmp/specific-review-slots.instructions and follow the instructions exactly.', '--dangerously-skip-permissions']
2026-03-07 09:02:17,825 INFO status.feature_slug = 'specific-review-slots'
2026-03-07 09:02:17,841 INFO [bold blue]Spec Writing:[/bold blue] consolidate-phase-execution
2026-03-07 09:02:17,852 INFO [spec-writing] Starting: consolidate-phase-execution
2026-03-07 09:02:17,862 INFO Logging to: /home/paule/MAD/logs/claude-specific-review-slots-1772902937.log
2026-03-07 09:02:17,870 INFO Agent A: Generating implementation spec...
2026-03-07 09:02:17,871 INFO [runner] Loaded checkpoint for consolidate-phase-execution: 8 completed steps
2026-03-07 09:02:17,871 INFO [runner] Wrote instructions for 'consolidate-phase-execution': 15675 chars
2026-03-07 09:02:17,871 INFO [runner] Instructions preview: Code Path: /home/paule/MAD
Context File: /home/paule/MAD/.mad/CONTEXT.md

You are an implementer breaking down a feature plan into concrete coding tasks.

Feature: consolidate-phase-execution

Plan:
#...
2026-03-07 09:02:17,873 INFO Starting kilo in cwd=/home/paule/MAD with cmd: ['kilo', 'run', '--auto', 'Read /home/paule/MAD/.tmp/consolidate-phase-execution.instructions and follow the instructions exactly.']
2026-03-07 09:02:17,873 INFO status.feature_slug = 'consolidate-phase-execution'
2026-03-07 09:02:17,873 INFO Logging to: /home/paule/MAD/logs/kilo-consolidate-phase-execution-1772902937.log
2026-03-07 09:02:27,774 INFO [auto-plan] Skipping - planning already in progress
2026-03-07 09:02:27,774 INFO [auto-impl] Skipping - implementation already in progress
2026-03-07 09:02:37,755 INFO [auto-plan] Skipping - planning already in progress
2026-03-07 09:02:37,756 INFO [auto-impl] Skipping - implementation already in progress
2026-03-07 09:04:00,486 INFO [auto-plan] Skipping - planning already in progress
2026-03-07 09:04:00,492 INFO [auto-impl] Skipping - implementation already in progress
2026-03-07 09:04:00,549 INFO Server connection lost, will reconnect...
2026-03-07 09:04:00,550 WARNING Failed to push state: no close frame received or sent
2026-03-07 09:04:01,841 INFO Connected to server as 'wsl-mad-cwd'
2026-03-07 09:04:17,750 INFO [auto-plan] Skipping - planning already in progress
2026-03-07 09:04:17,751 INFO [auto-impl] Skipping - implementation already in progress
2026-03-07 09:04:27,746 INFO [auto-plan] Skipping - planning already in progress
2026-03-07 09:04:27,746 INFO [auto-impl] Skipping - implementation already in progress
2026-03-07 09:04:37,748 INFO [auto-plan] Skipping - planning already in progress
2026-03-07 09:04:37,748 INFO [auto-impl] Skipping - implementation already in progress
2026-03-07 09:04:47,748 INFO [auto-plan] Skipping - planning already in progress
2026-03-07 09:04:47,749 INFO [auto-impl] Skipping - implementation already in progress
2026-03-07 09:04:57,745 INFO [auto-plan] Skipping - planning already in progress
2026-03-07 09:04:57,745 INFO [auto-impl] Skipping - implementation already in progress
2026-03-07 09:05:07,743 INFO [auto-plan] Skipping - planning already in progress
2026-03-07 09:05:07,743 INFO [auto-impl] Skipping - implementation already in progress
2026-03-07 09:05:17,744 INFO [auto-plan] Skipping - planning already in progress
2026-03-07 09:05:17,744 INFO [auto-impl] Skipping - implementation already in progress
2026-03-07 09:05:21,131 INFO [runner] Received DONE signal
2026-03-07 09:05:21,425 INFO [runner] Read 8793 chars from output file
2026-03-07 09:05:21,426 INFO Planning output length: 8793 chars
2026-03-07 09:05:21,426 INFO Matched JSON: {
  "questions": [],
  "plan": "# Plan: Add Dedicated Review Slots (plan_reviews / impl_reviews)\n\n## Overview\nAdd `plan_reviews` and `impl_reviews` arrays to the item schema. Each entry holds `{ts,...
2026-03-07 09:05:21,426 INFO Parsed JSON keys: ['questions', 'plan']
2026-03-07 09:05:21,427 INFO Plan generated. Feature moved to reviewing-plan.
2026-03-07 09:05:21,428 INFO [bold blue]Reviewing Plan:[/bold blue] specific-review-slots
2026-03-07 09:05:21,428 INFO [plan-review] Starting: specific-review-slots
2026-03-07 09:05:21,429 INFO [runner] Loaded checkpoint for specific-review-slots: 7 completed steps
2026-03-07 09:05:21,429 INFO [runner] Wrote instructions for 'specific-review-slots': 11174 chars
2026-03-07 09:05:21,429 INFO [runner] Instructions preview: Code Path: /home/paule/MAD
Context File: /home/paule/MAD/.mad/CONTEXT.md

You are a senior software architect reviewing a feature plan.

## Feature: specific-review-slots

### Original Description:
Ad...
2026-03-07 09:05:21,430 INFO Starting kilo in cwd=/home/paule/MAD with cmd: ['kilo', 'run', '--auto', 'Read /home/paule/MAD/.tmp/specific-review-slots.instructions and follow the instructions exactly.']
2026-03-07 09:05:21,430 INFO status.feature_slug = 'specific-review-slots'
2026-03-07 09:05:21,431 INFO Logging to: /home/paule/MAD/logs/kilo-specific-review-slots-1772903121.log
2026-03-07 09:05:24,460 INFO Server connection lost, will reconnect...
2026-03-07 09:05:25,660 WARNING Failed to connect to server: server rejected WebSocket connection: HTTP 502
2026-03-07 09:05:27,773 INFO [auto-plan] Skipping - planning already in progress
2026-03-07 09:05:27,773 INFO [auto-impl] Skipping - implementation already in progress
2026-03-07 09:05:27,858 WARNING Failed to connect to server: server rejected WebSocket connection: HTTP 502
2026-03-07 09:05:32,007 WARNING Failed to connect to server: server rejected WebSocket connection: HTTP 502
2026-03-07 09:05:37,743 INFO [auto-plan] Skipping - planning already in progress
2026-03-07 09:05:37,743 INFO [auto-impl] Skipping - implementation already in progress
2026-03-07 09:05:40,229 INFO Connected to server as 'wsl-mad-cwd'
2026-03-07 09:05:47,744 INFO [auto-plan] Skipping - planning already in progress
2026-03-07 09:05:47,744 INFO [auto-impl] Skipping - implementation already in progress
2026-03-07 09:05:57,741 INFO [auto-plan] Skipping - planning already in progress
2026-03-07 09:05:57,742 INFO [auto-impl] Skipping - implementation already in progress
2026-03-07 09:06:05,358 INFO [runner] Received DONE signal
2026-03-07 09:06:05,648 INFO [runner] Read 772 chars from output file
2026-03-07 09:06:07,765 INFO [auto-plan] Checking boards: ['mad']
2026-03-07 09:06:07,766 INFO [auto-plan] mad: plan-inbox=1, reviewing-plan=0
2026-03-07 09:06:07,766 INFO [auto-plan] Starting: specific-review-slots (plan-inbox)
2026-03-07 09:06:07,767 INFO [auto-impl] Skipping - implementation already in progress
2026-03-07 09:06:07,787 INFO [planning] Starting: specific-review-slots
2026-03-07 09:06:07,822 INFO [runner] Loaded checkpoint for specific-review-slots: 7 completed steps
2026-03-07 09:06:07,822 INFO [runner] Wrote instructions for 'specific-review-slots': 7850 chars
2026-03-07 09:06:07,822 INFO [runner] Instructions preview: Code Path: /home/paule/MAD
Context File: /home/paule/MAD/.mad/CONTEXT.md

# Design Planning: specific-review-slots

**Description:** Add dedicated `plan_reviews` and `impl_reviews` arrays to the item ...
2026-03-07 09:06:07,822 INFO Starting claude in cwd=/home/paule/MAD with cmd: ['claude', '-p', 'Read /home/paule/MAD/.tmp/specific-review-slots.instructions and follow the instructions exactly.', '--dangerously-skip-permissions']
2026-03-07 09:06:07,822 INFO status.feature_slug = 'specific-review-slots'
2026-03-07 09:06:07,823 INFO Logging to: /home/paule/MAD/logs/claude-specific-review-slots-1772903167.log
2026-03-07 09:06:17,777 INFO [auto-plan] Skipping - planning already in progress
2026-03-07 09:06:17,777 INFO [auto-impl] Skipping - implementation already in progress
2026-03-07 09:06:27,741 INFO [auto-plan] Skipping - planning already in progress
2026-03-07 09:06:27,741 INFO [auto-impl] Skipping - implementation already in progress
2026-03-07 09:06:37,742 INFO [auto-plan] Skipping - planning already in progress
2026-03-07 09:06:37,742 INFO [auto-impl] Skipping - implementation already in progress
2026-03-07 09:06:47,741 INFO [auto-plan] Skipping - planning already in progress
2026-03-07 09:06:47,741 INFO [auto-impl] Skipping - implementation already in progress
2026-03-07 09:06:57,742 INFO [auto-plan] Skipping - planning already in progress
2026-03-07 09:06:57,742 INFO [auto-impl] Skipping - implementation already in progress
2026-03-07 09:07:07,739 INFO [auto-plan] Skipping - planning already in progress
2026-03-07 09:07:07,739 INFO [auto-impl] Skipping - implementation already in progress
2026-03-07 09:07:17,742 INFO [auto-plan] Skipping - planning already in progress
2026-03-07 09:07:17,742 INFO [auto-impl] Skipping - implementation already in progress
2026-03-07 09:07:27,746 INFO [auto-plan] Skipping - planning already in progress
2026-03-07 09:07:27,747 INFO [auto-impl] Skipping - implementation already in progress
2026-03-07 09:07:37,741 INFO [auto-plan] Skipping - planning already in progress
2026-03-07 09:07:37,741 INFO [auto-impl] Skipping - implementation already in progress
2026-03-07 09:07:47,739 INFO [auto-plan] Skipping - planning already in progress
2026-03-07 09:07:47,739 INFO [auto-impl] Skipping - implementation already in progress
2026-03-07 09:07:57,739 INFO [auto-plan] Skipping - planning already in progress
2026-03-07 09:07:57,739 INFO [auto-impl] Skipping - implementation already in progress
2026-03-07 09:08:07,734 INFO [auto-plan] Skipping - planning already in progress
2026-03-07 09:08:07,734 INFO [auto-impl] Skipping - implementation already in progress
2026-03-07 09:08:17,736 INFO [auto-plan] Skipping - planning already in progress
2026-03-07 09:08:17,736 INFO [auto-impl] Skipping - implementation already in progress
2026-03-07 09:08:19,066 INFO [runner] Received DONE signal
2026-03-07 09:08:19,434 INFO [runner] Read 9263 chars from output file
2026-03-07 09:08:19,434 INFO Planning output length: 9263 chars
2026-03-07 09:08:19,434 INFO Matched JSON: {
  "questions": [],
  "plan": "# Plan: Add Dedicated Review Slots (plan_reviews / impl_reviews)\n\n## Overview\nAdd `plan_reviews` and `impl_reviews` arrays to the item schema. Each entry holds `{ts,...
2026-03-07 09:08:19,434 INFO Parsed JSON keys: ['questions', 'plan']
2026-03-07 09:08:19,437 INFO Plan generated. Feature moved to reviewing-plan.
2026-03-07 09:08:19,437 INFO [bold blue]Reviewing Plan:[/bold blue] specific-review-slots
2026-03-07 09:08:19,437 INFO [plan-review] Starting: specific-review-slots
2026-03-07 09:08:19,438 INFO [runner] Loaded checkpoint for specific-review-slots: 9 completed steps
2026-03-07 09:08:19,439 INFO [runner] Wrote instructions for 'specific-review-slots': 11898 chars
2026-03-07 09:08:19,439 INFO [runner] Instructions preview: Code Path: /home/paule/MAD
Context File: /home/paule/MAD/.mad/CONTEXT.md

You are a senior software architect reviewing a feature plan.

## Feature: specific-review-slots

### Original Description:
Ad...
2026-03-07 09:08:19,439 INFO Starting kilo in cwd=/home/paule/MAD with cmd: ['kilo', 'run', '--auto', 'Read /home/paule/MAD/.tmp/specific-review-slots.instructions and follow the instructions exactly.']
2026-03-07 09:08:19,439 INFO status.feature_slug = 'specific-review-slots'
2026-03-07 09:08:19,439 INFO Logging to: /home/paule/MAD/logs/kilo-specific-review-slots-1772903299.log
2026-03-07 09:08:27,757 INFO [auto-plan] Skipping - planning already in progress
2026-03-07 09:08:27,757 INFO [auto-impl] Skipping - implementation already in progress
2026-03-07 09:08:37,724 INFO [auto-plan] Skipping - planning already in progress
2026-03-07 09:08:37,724 INFO [auto-impl] Skipping - implementation already in progress
2026-03-07 09:08:47,726 INFO [auto-plan] Skipping - planning already in progress
2026-03-07 09:08:47,726 INFO [auto-impl] Skipping - implementation already in progress
2026-03-07 09:08:52,307 INFO [runner] Received DONE signal
2026-03-07 09:08:52,597 INFO [runner] Read 2486 chars from output file
2026-03-07 09:08:52,598 INFO Agent B: Generating test spec...
2026-03-07 09:08:52,598 INFO [runner] Loaded checkpoint for consolidate-phase-execution: 17 completed steps
2026-03-07 09:08:52,599 INFO [runner] Wrote instructions for 'consolidate-phase-execution': 15708 chars
2026-03-07 09:08:52,599 INFO [runner] Instructions preview: Code Path: /home/paule/MAD
Context File: /home/paule/MAD/.mad/CONTEXT.md

You are a QA engineer writing a test specification from a feature plan.

## Feature: consolidate-phase-execution

### Plan:
# ...
2026-03-07 09:08:52,599 INFO Starting kilo in cwd=/home/paule/MAD with cmd: ['kilo', 'run', '--auto', 'Read /home/paule/MAD/.tmp/consolidate-phase-execution.instructions and follow the instructions exactly.']
2026-03-07 09:08:52,599 INFO status.feature_slug = 'consolidate-phase-execution'
2026-03-07 09:08:52,600 INFO Logging to: /home/paule/MAD/logs/kilo-consolidate-phase-execution-1772903332.log
2026-03-07 09:08:57,758 INFO [auto-plan] Skipping - planning already in progress
2026-03-07 09:08:57,758 INFO [auto-impl] Skipping - implementation already in progress
2026-03-07 09:09:07,717 INFO [auto-plan] Skipping - planning already in progress
2026-03-07 09:09:07,717 INFO [auto-impl] Skipping - implementation already in progress
2026-03-07 09:09:17,718 INFO [auto-plan] Skipping - planning already in progress
2026-03-07 09:09:17,718 INFO [auto-impl] Skipping - implementation already in progress
2026-03-07 09:09:27,720 INFO [auto-plan] Skipping - planning already in progress
2026-03-07 09:09:27,720 INFO [auto-impl] Skipping - implementation already in progress
2026-03-07 09:09:37,714 INFO [auto-plan] Skipping - planning already in progress
2026-03-07 09:09:37,714 INFO [auto-impl] Skipping - implementation already in progress
2026-03-07 09:09:44,396 INFO [runner] Received DONE signal
2026-03-07 09:09:44,674 INFO [runner] Read 44 chars from output file
2026-03-07 09:09:47,740 INFO [auto-plan] Checking boards: ['mad']
2026-03-07 09:09:47,740 INFO [auto-plan] mad: plan-inbox=0, reviewing-plan=0
2026-03-07 09:09:47,740 INFO [auto-impl] Skipping - implementation already in progress
2026-03-07 09:09:57,717 INFO [auto-plan] Checking boards: ['mad']
2026-03-07 09:09:57,717 INFO [auto-plan] mad: plan-inbox=0, reviewing-plan=0
2026-03-07 09:09:57,717 INFO [auto-impl] Skipping - implementation already in progress
2026-03-07 09:10:07,713 INFO [auto-plan] Checking boards: ['mad']
2026-03-07 09:10:07,714 INFO [auto-plan] mad: plan-inbox=0, reviewing-plan=0
2026-03-07 09:10:07,714 INFO [auto-impl] Skipping - implementation already in progress
2026-03-07 09:10:17,711 INFO [auto-plan] Checking boards: ['mad']
2026-03-07 09:10:17,712 INFO [auto-plan] mad: plan-inbox=0, reviewing-plan=0
2026-03-07 09:10:17,712 INFO [auto-impl] Skipping - implementation already in progress
2026-03-07 09:10:27,711 INFO [auto-plan] Checking boards: ['mad']
2026-03-07 09:10:27,712 INFO [auto-plan] mad: plan-inbox=0, reviewing-plan=0
2026-03-07 09:10:27,712 INFO [auto-impl] Skipping - implementation already in progress
2026-03-07 09:10:28,750 INFO [runner] Received DONE signal
2026-03-07 09:10:29,038 INFO [runner] Read 14135 chars from output file
2026-03-07 09:10:29,040 INFO Specs generated. Feature moved to implementing.
2026-03-07 09:10:29,041 INFO [bold blue]Implementing:[/bold blue] consolidate-phase-execution
2026-03-07 09:10:29,048 INFO [implementing] Starting: consolidate-phase-execution
2026-03-07 09:10:29,050 INFO [runner] Wrote instructions for 'consolidate-phase-execution': 51850 chars
2026-03-07 09:10:29,050 INFO [runner] Instructions preview: Code Path: /home/paule/MAD
Context File: /home/paule/MAD/.mad/CONTEXT.md

Implement the following feature.

Feature: consolidate-phase-execution

Plan:
# Consolidate Phase Execution in phases.py

## P...
2026-03-07 09:10:29,051 INFO Starting kilo in cwd=/home/paule/MAD with cmd: ['kilo', 'run', '--auto', 'Read /home/paule/MAD/.tmp/consolidate-phase-execution.instructions and follow the instructions exactly.']
2026-03-07 09:10:29,051 INFO status.feature_slug = 'consolidate-phase-execution'
2026-03-07 09:10:29,051 INFO Logging to: /home/paule/MAD/logs/kilo-consolidate-phase-execution-1772903429.log
2026-03-07 09:10:37,734 INFO [auto-plan] Checking boards: ['mad']
2026-03-07 09:10:37,734 INFO [auto-plan] mad: plan-inbox=0, reviewing-plan=0
2026-03-07 09:10:37,734 INFO [auto-impl] Skipping - implementation already in progress
2026-03-07 09:10:47,713 INFO [auto-plan] Checking boards: ['mad']
2026-03-07 09:10:47,714 INFO [auto-plan] mad: plan-inbox=0, reviewing-plan=0
2026-03-07 09:10:47,715 INFO [auto-impl] Skipping - implementation already in progress
2026-03-07 09:10:57,708 INFO [auto-plan] Checking boards: ['mad']
2026-03-07 09:10:57,709 INFO [auto-plan] mad: plan-inbox=0, reviewing-plan=0
2026-03-07 09:10:57,709 INFO [auto-impl] Skipping - implementation already in progress
2026-03-07 09:11:07,707 INFO [auto-plan] Checking boards: ['mad']
2026-03-07 09:11:07,707 INFO [auto-plan] mad: plan-inbox=0, reviewing-plan=0
2026-03-07 09:11:07,707 INFO [auto-impl] Skipping - implementation already in progress
2026-03-07 09:11:17,706 INFO [auto-plan] Checking boards: ['mad']
2026-03-07 09:11:17,707 INFO [auto-plan] mad: plan-inbox=0, reviewing-plan=0
2026-03-07 09:11:17,707 INFO [auto-impl] Skipping - implementation already in progress
2026-03-07 09:11:27,707 INFO [auto-plan] Checking boards: ['mad']
2026-03-07 09:11:27,707 INFO [auto-plan] mad: plan-inbox=0, reviewing-plan=0
2026-03-07 09:11:27,707 INFO [auto-impl] Skipping - implementation already in progress
2026-03-07 09:11:37,710 INFO [auto-plan] Checking boards: ['mad']
2026-03-07 09:11:37,711 INFO [auto-plan] mad: plan-inbox=0, reviewing-plan=0
2026-03-07 09:11:37,711 INFO [auto-impl] Skipping - implementation already in progress
2026-03-07 09:11:47,703 INFO [auto-plan] Checking boards: ['mad']
2026-03-07 09:11:47,703 INFO [auto-plan] mad: plan-inbox=0, reviewing-plan=0
2026-03-07 09:11:47,703 INFO [auto-impl] Skipping - implementation already in progress
2026-03-07 09:11:57,710 INFO [auto-plan] Checking boards: ['mad']
2026-03-07 09:11:57,711 INFO [auto-plan] mad: plan-inbox=0, reviewing-plan=0
2026-03-07 09:11:57,711 INFO [auto-impl] Skipping - implementation already in progress
2026-03-07 09:12:07,703 INFO [auto-plan] Checking boards: ['mad']
2026-03-07 09:12:07,703 INFO [auto-plan] mad: plan-inbox=0, reviewing-plan=0
2026-03-07 09:12:07,703 INFO [auto-impl] Skipping - implementation already in progress
2026-03-07 09:12:17,705 INFO [auto-plan] Checking boards: ['mad']
2026-03-07 09:12:17,706 INFO [auto-plan] mad: plan-inbox=0, reviewing-plan=0
2026-03-07 09:12:17,706 INFO [auto-impl] Skipping - implementation already in progress
2026-03-07 09:12:27,703 INFO [auto-plan] Checking boards: ['mad']
2026-03-07 09:12:27,703 INFO [auto-plan] mad: plan-inbox=0, reviewing-plan=0
2026-03-07 09:12:27,703 INFO [auto-impl] Skipping - implementation already in progress
2026-03-07 09:12:37,693 INFO [auto-plan] Checking boards: ['mad']
2026-03-07 09:12:37,694 INFO [auto-plan] mad: plan-inbox=0, reviewing-plan=0
2026-03-07 09:12:37,694 INFO [auto-impl] Skipping - implementation already in progress
2026-03-07 09:12:47,691 INFO [auto-plan] Checking boards: ['mad']
2026-03-07 09:12:47,691 INFO [auto-plan] mad: plan-inbox=0, reviewing-plan=0
2026-03-07 09:12:47,691 INFO [auto-impl] Skipping - implementation already in progress
2026-03-07 09:12:57,697 INFO [auto-plan] Checking boards: ['mad']
2026-03-07 09:12:57,697 INFO [auto-plan] mad: plan-inbox=0, reviewing-plan=0
2026-03-07 09:12:57,697 INFO [auto-impl] Skipping - implementation already in progress
2026-03-07 09:13:07,706 INFO [auto-plan] Checking boards: ['mad']
2026-03-07 09:13:07,707 INFO [auto-plan] mad: plan-inbox=0, reviewing-plan=0
2026-03-07 09:13:07,707 INFO [auto-impl] Skipping - implementation already in progress
2026-03-07 09:13:17,705 INFO [auto-plan] Checking boards: ['mad']
2026-03-07 09:13:17,705 INFO [auto-plan] mad: plan-inbox=0, reviewing-plan=0
2026-03-07 09:13:17,705 INFO [auto-impl] Skipping - implementation already in progress
2026-03-07 09:13:27,704 INFO [auto-plan] Checking boards: ['mad']
2026-03-07 09:13:27,704 INFO [auto-plan] mad: plan-inbox=0, reviewing-plan=0
2026-03-07 09:13:27,704 INFO [auto-impl] Skipping - implementation already in progress
2026-03-07 09:13:37,692 INFO [auto-plan] Checking boards: ['mad']
2026-03-07 09:13:37,693 INFO [auto-plan] mad: plan-inbox=0, reviewing-plan=0
2026-03-07 09:13:37,693 INFO [auto-impl] Skipping - implementation already in progress
2026-03-07 09:13:38,793 INFO [runner] Read 14135 chars from output file
2026-03-07 09:13:38,806 WARNING [git] Commit failed: Command '['git', 'add', '-A', '.mad/boards/', '.mad/logs/']' returned non-zero exit status 1.
2026-03-07 09:13:38,806 INFO Implementation done. Feature moved to testing.
2026-03-07 09:13:38,814 INFO [bold blue]Writing Tests:[/bold blue] consolidate-phase-execution
2026-03-07 09:13:38,816 INFO [runner] Wrote instructions for 'consolidate-phase-execution': 29096 chars
2026-03-07 09:13:38,816 INFO [runner] Instructions preview: Code Path: /home/paule/MAD
Context File: /home/paule/MAD/.mad/CONTEXT.md

Write tests for the following implemented feature.

Feature: consolidate-phase-execution

Test Spec (behaviors to verify):
{
 ...
2026-03-07 09:13:38,817 INFO Starting kilo in cwd=/home/paule/MAD with cmd: ['kilo', 'run', '--auto', 'Read /home/paule/MAD/.tmp/consolidate-phase-execution.instructions and follow the instructions exactly.']
2026-03-07 09:13:38,817 INFO status.feature_slug = 'consolidate-phase-execution'
2026-03-07 09:13:38,817 INFO Logging to: /home/paule/MAD/logs/kilo-consolidate-phase-execution-1772903618.log
2026-03-07 09:13:47,718 INFO [auto-plan] Checking boards: ['mad']
2026-03-07 09:13:47,718 INFO [auto-plan] mad: plan-inbox=0, reviewing-plan=0
2026-03-07 09:13:47,718 INFO [auto-impl] Skipping - implementation already in progress
2026-03-07 09:13:57,690 INFO [auto-plan] Checking boards: ['mad']
2026-03-07 09:13:57,691 INFO [auto-plan] mad: plan-inbox=0, reviewing-plan=0
2026-03-07 09:13:57,691 INFO [auto-impl] Skipping - implementation already in progress
2026-03-07 09:14:07,688 INFO [auto-plan] Checking boards: ['mad']
2026-03-07 09:14:07,688 INFO [auto-plan] mad: plan-inbox=0, reviewing-plan=0
2026-03-07 09:14:07,688 INFO [auto-impl] Skipping - implementation already in progress
2026-03-07 09:14:17,688 INFO [auto-plan] Checking boards: ['mad']
2026-03-07 09:14:17,688 INFO [auto-plan] mad: plan-inbox=0, reviewing-plan=0
2026-03-07 09:14:17,688 INFO [auto-impl] Skipping - implementation already in progress
2026-03-07 09:14:27,688 INFO [auto-plan] Checking boards: ['mad']
2026-03-07 09:14:27,688 INFO [auto-plan] mad: plan-inbox=0, reviewing-plan=0
2026-03-07 09:14:27,688 INFO [auto-impl] Skipping - implementation already in progress
2026-03-07 09:14:37,683 INFO [auto-plan] Checking boards: ['mad']
2026-03-07 09:14:37,683 INFO [auto-plan] mad: plan-inbox=0, reviewing-plan=0
2026-03-07 09:14:37,683 INFO [auto-impl] Skipping - implementation already in progress
2026-03-07 09:14:47,684 INFO [auto-plan] Checking boards: ['mad']
2026-03-07 09:14:47,684 INFO [auto-plan] mad: plan-inbox=0, reviewing-plan=0
2026-03-07 09:14:47,684 INFO [auto-impl] Skipping - implementation already in progress
2026-03-07 09:14:57,685 INFO [auto-plan] Checking boards: ['mad']
2026-03-07 09:14:57,685 INFO [auto-plan] mad: plan-inbox=0, reviewing-plan=0
2026-03-07 09:14:57,685 INFO [auto-impl] Skipping - implementation already in progress
2026-03-07 09:15:07,682 INFO [auto-plan] Checking boards: ['mad']
2026-03-07 09:15:07,682 INFO [auto-plan] mad: plan-inbox=0, reviewing-plan=0
2026-03-07 09:15:07,682 INFO [auto-impl] Skipping - implementation already in progress
2026-03-07 09:15:17,683 INFO [auto-plan] Checking boards: ['mad']
2026-03-07 09:15:17,683 INFO [auto-plan] mad: plan-inbox=0, reviewing-plan=0
2026-03-07 09:15:17,683 INFO [auto-impl] Skipping - implementation already in progress
2026-03-07 09:15:27,686 INFO [auto-plan] Checking boards: ['mad']
2026-03-07 09:15:27,686 INFO [auto-plan] mad: plan-inbox=0, reviewing-plan=0
2026-03-07 09:15:27,686 INFO [auto-impl] Skipping - implementation already in progress
2026-03-07 09:15:37,675 INFO [auto-plan] Checking boards: ['mad']
2026-03-07 09:15:37,675 INFO [auto-plan] mad: plan-inbox=0, reviewing-plan=0
2026-03-07 09:15:37,676 INFO [auto-impl] Skipping - implementation already in progress
2026-03-07 09:15:47,676 INFO [auto-plan] Checking boards: ['mad']
2026-03-07 09:15:47,676 INFO [auto-plan] mad: plan-inbox=0, reviewing-plan=0
2026-03-07 09:15:47,676 INFO [auto-impl] Skipping - implementation already in progress
2026-03-07 09:15:57,676 INFO [auto-plan] Checking boards: ['mad']
2026-03-07 09:15:57,676 INFO [auto-plan] mad: plan-inbox=0, reviewing-plan=0
2026-03-07 09:15:57,676 INFO [auto-impl] Skipping - implementation already in progress
2026-03-07 09:16:07,673 INFO [auto-plan] Checking boards: ['mad']
2026-03-07 09:16:07,673 INFO [auto-plan] mad: plan-inbox=0, reviewing-plan=0
2026-03-07 09:16:07,673 INFO [auto-impl] Skipping - implementation already in progress
2026-03-07 09:16:17,676 INFO [auto-plan] Checking boards: ['mad']
2026-03-07 09:16:17,676 INFO [auto-plan] mad: plan-inbox=0, reviewing-plan=0
2026-03-07 09:16:17,677 INFO [auto-impl] Skipping - implementation already in progress
2026-03-07 09:16:27,675 INFO [auto-plan] Checking boards: ['mad']
2026-03-07 09:16:27,675 INFO [auto-plan] mad: plan-inbox=0, reviewing-plan=0
2026-03-07 09:16:27,675 INFO [auto-impl] Skipping - implementation already in progress
2026-03-07 09:16:37,671 INFO [auto-plan] Checking boards: ['mad']
2026-03-07 09:16:37,671 INFO [auto-plan] mad: plan-inbox=0, reviewing-plan=0
2026-03-07 09:16:37,671 INFO [auto-impl] Skipping - implementation already in progress
2026-03-07 09:16:47,671 INFO [auto-plan] Checking boards: ['mad']
2026-03-07 09:16:47,672 INFO [auto-plan] mad: plan-inbox=0, reviewing-plan=0
2026-03-07 09:16:47,672 INFO [auto-impl] Skipping - implementation already in progress
2026-03-07 09:16:57,673 INFO [auto-plan] Checking boards: ['mad']
2026-03-07 09:16:57,674 INFO [auto-plan] mad: plan-inbox=0, reviewing-plan=0
2026-03-07 09:16:57,674 INFO [auto-impl] Skipping - implementation already in progress
2026-03-07 09:17:07,677 INFO [auto-plan] Checking boards: ['mad']
2026-03-07 09:17:07,678 INFO [auto-plan] mad: plan-inbox=0, reviewing-plan=0
2026-03-07 09:17:07,679 INFO [auto-impl] Skipping - implementation already in progress
2026-03-07 09:17:17,666 INFO [auto-plan] Checking boards: ['mad']
2026-03-07 09:17:17,667 INFO [auto-plan] mad: plan-inbox=0, reviewing-plan=0
2026-03-07 09:17:17,667 INFO [auto-impl] Skipping - implementation already in progress
2026-03-07 09:17:27,666 INFO [auto-plan] Checking boards: ['mad']
2026-03-07 09:17:27,667 INFO [auto-plan] mad: plan-inbox=0, reviewing-plan=0
2026-03-07 09:17:27,667 INFO [auto-impl] Skipping - implementation already in progress
2026-03-07 09:17:37,666 INFO [auto-plan] Checking boards: ['mad']
2026-03-07 09:17:37,667 INFO [auto-plan] mad: plan-inbox=0, reviewing-plan=0
2026-03-07 09:17:37,667 INFO [auto-impl] Skipping - implementation already in progress
2026-03-07 09:17:47,661 INFO [auto-plan] Checking boards: ['mad']
2026-03-07 09:17:47,662 INFO [auto-plan] mad: plan-inbox=0, reviewing-plan=0
2026-03-07 09:17:47,662 INFO [auto-impl] Skipping - implementation already in progress
2026-03-07 09:17:57,659 INFO [auto-plan] Checking boards: ['mad']
2026-03-07 09:17:57,660 INFO [auto-plan] mad: plan-inbox=0, reviewing-plan=0
2026-03-07 09:17:57,660 INFO [auto-impl] Skipping - implementation already in progress
2026-03-07 09:18:07,664 INFO [auto-plan] Checking boards: ['mad']
2026-03-07 09:18:07,665 INFO [auto-plan] mad: plan-inbox=0, reviewing-plan=0
2026-03-07 09:18:07,665 INFO [auto-impl] Skipping - implementation already in progress
2026-03-07 09:18:17,657 INFO [auto-plan] Checking boards: ['mad']
2026-03-07 09:18:17,657 INFO [auto-plan] mad: plan-inbox=0, reviewing-plan=0
2026-03-07 09:18:17,657 INFO [auto-impl] Skipping - implementation already in progress
2026-03-07 09:18:27,658 INFO [auto-plan] Checking boards: ['mad']
2026-03-07 09:18:27,658 INFO [auto-plan] mad: plan-inbox=0, reviewing-plan=0
2026-03-07 09:18:27,658 INFO [auto-impl] Skipping - implementation already in progress
2026-03-07 09:18:37,654 INFO [auto-plan] Checking boards: ['mad']
2026-03-07 09:18:37,659 INFO [auto-plan] mad: plan-inbox=0, reviewing-plan=0
2026-03-07 09:18:37,659 INFO [auto-impl] Skipping - implementation already in progress
2026-03-07 09:18:47,657 INFO [auto-plan] Checking boards: ['mad']
2026-03-07 09:18:47,657 INFO [auto-plan] mad: plan-inbox=0, reviewing-plan=0
2026-03-07 09:18:47,657 INFO [auto-impl] Skipping - implementation already in progress
2026-03-07 09:18:57,662 INFO [auto-plan] Checking boards: ['mad']
2026-03-07 09:18:57,664 INFO [auto-plan] mad: plan-inbox=0, reviewing-plan=0
2026-03-07 09:18:57,664 INFO [auto-impl] Skipping - implementation already in progress
2026-03-07 09:19:07,650 INFO [auto-plan] Checking boards: ['mad']
2026-03-07 09:19:07,655 INFO [auto-plan] mad: plan-inbox=0, reviewing-plan=0
2026-03-07 09:19:07,655 INFO [auto-impl] Skipping - implementation already in progress
2026-03-07 09:19:17,656 INFO [auto-plan] Checking boards: ['mad']
2026-03-07 09:19:17,656 INFO [auto-plan] mad: plan-inbox=0, reviewing-plan=0
2026-03-07 09:19:17,657 INFO [auto-impl] Skipping - implementation already in progress
2026-03-07 09:19:27,650 INFO [auto-plan] Checking boards: ['mad']
2026-03-07 09:19:27,650 INFO [auto-plan] mad: plan-inbox=0, reviewing-plan=0
2026-03-07 09:19:27,650 INFO [auto-impl] Skipping - implementation already in progress
2026-03-07 09:19:37,647 INFO [auto-plan] Checking boards: ['mad']
2026-03-07 09:19:37,651 INFO [auto-plan] mad: plan-inbox=0, reviewing-plan=0
2026-03-07 09:19:37,651 INFO [auto-impl] Skipping - implementation already in progress
2026-03-07 09:19:47,646 INFO [auto-plan] Checking boards: ['mad']
2026-03-07 09:19:47,651 INFO [auto-plan] mad: plan-inbox=0, reviewing-plan=0
2026-03-07 09:19:47,652 INFO [auto-impl] Skipping - implementation already in progress
2026-03-07 09:19:57,646 INFO [auto-plan] Checking boards: ['mad']
2026-03-07 09:19:57,646 INFO [auto-plan] mad: plan-inbox=0, reviewing-plan=0
2026-03-07 09:19:57,647 INFO [auto-impl] Skipping - implementation already in progress
2026-03-07 09:20:07,644 INFO [auto-plan] Checking boards: ['mad']
2026-03-07 09:20:07,648 INFO [auto-plan] mad: plan-inbox=0, reviewing-plan=0
2026-03-07 09:20:07,649 INFO [auto-impl] Skipping - implementation already in progress
2026-03-07 09:20:17,643 INFO [auto-plan] Checking boards: ['mad']
2026-03-07 09:20:17,644 INFO [auto-plan] mad: plan-inbox=0, reviewing-plan=0
2026-03-07 09:20:17,644 INFO [auto-impl] Skipping - implementation already in progress
2026-03-07 09:20:27,644 INFO [auto-plan] Checking boards: ['mad']
2026-03-07 09:20:27,649 INFO [auto-plan] mad: plan-inbox=0, reviewing-plan=0
2026-03-07 09:20:27,649 INFO [auto-impl] Skipping - implementation already in progress
2026-03-07 09:20:37,640 INFO [auto-plan] Checking boards: ['mad']
2026-03-07 09:20:37,640 INFO [auto-plan] mad: plan-inbox=0, reviewing-plan=0
2026-03-07 09:20:37,640 INFO [auto-impl] Skipping - implementation already in progress
2026-03-07 09:20:47,640 INFO [auto-plan] Checking boards: ['mad']
2026-03-07 09:20:47,641 INFO [auto-plan] mad: plan-inbox=0, reviewing-plan=0
2026-03-07 09:20:47,641 INFO [auto-impl] Skipping - implementation already in progress
2026-03-07 09:20:57,645 INFO [auto-plan] Checking boards: ['mad']
2026-03-07 09:20:57,645 INFO [auto-plan] mad: plan-inbox=0, reviewing-plan=0
2026-03-07 09:20:57,645 INFO [auto-impl] Skipping - implementation already in progress
2026-03-07 09:21:07,637 INFO [auto-plan] Checking boards: ['mad']
2026-03-07 09:21:07,638 INFO [auto-plan] mad: plan-inbox=0, reviewing-plan=0
2026-03-07 09:21:07,642 INFO [auto-impl] Skipping - implementation already in progress
2026-03-07 09:21:17,637 INFO [auto-plan] Checking boards: ['mad']
2026-03-07 09:21:17,638 INFO [auto-plan] mad: plan-inbox=0, reviewing-plan=0
2026-03-07 09:21:17,638 INFO [auto-impl] Skipping - implementation already in progress
2026-03-07 09:21:27,637 INFO [auto-plan] Checking boards: ['mad']
2026-03-07 09:21:27,637 INFO [auto-plan] mad: plan-inbox=0, reviewing-plan=0
2026-03-07 09:21:27,637 INFO [auto-impl] Skipping - implementation already in progress
2026-03-07 09:21:37,638 INFO [auto-plan] Checking boards: ['mad']
2026-03-07 09:21:37,639 INFO [auto-plan] mad: plan-inbox=0, reviewing-plan=0
2026-03-07 09:21:37,639 INFO [auto-impl] Skipping - implementation already in progress
2026-03-07 09:21:47,634 INFO [auto-plan] Checking boards: ['mad']
2026-03-07 09:21:47,634 INFO [auto-plan] mad: plan-inbox=0, reviewing-plan=0
2026-03-07 09:21:47,634 INFO [auto-impl] Skipping - implementation already in progress
2026-03-07 09:21:57,633 INFO [auto-plan] Checking boards: ['mad']
2026-03-07 09:21:57,634 INFO [auto-plan] mad: plan-inbox=0, reviewing-plan=0
2026-03-07 09:21:57,634 INFO [auto-impl] Skipping - implementation already in progress
2026-03-07 09:22:07,631 INFO [auto-plan] Checking boards: ['mad']
2026-03-07 09:22:07,631 INFO [auto-plan] mad: plan-inbox=0, reviewing-plan=0
2026-03-07 09:22:07,631 INFO [auto-impl] Skipping - implementation already in progress
2026-03-07 09:22:17,631 INFO [auto-plan] Checking boards: ['mad']
2026-03-07 09:22:17,631 INFO [auto-plan] mad: plan-inbox=0, reviewing-plan=0
2026-03-07 09:22:17,631 INFO [auto-impl] Skipping - implementation already in progress
2026-03-07 09:22:27,636 INFO [auto-plan] Checking boards: ['mad']
2026-03-07 09:22:27,636 INFO [auto-plan] mad: plan-inbox=0, reviewing-plan=0
2026-03-07 09:22:27,636 INFO [auto-impl] Skipping - implementation already in progress
2026-03-07 09:22:37,628 INFO [auto-plan] Checking boards: ['mad']
2026-03-07 09:22:37,633 INFO [auto-plan] mad: plan-inbox=0, reviewing-plan=0
2026-03-07 09:22:37,633 INFO [auto-impl] Skipping - implementation already in progress
2026-03-07 09:22:47,628 INFO [auto-plan] Checking boards: ['mad']
2026-03-07 09:22:47,628 INFO [auto-plan] mad: plan-inbox=0, reviewing-plan=0
2026-03-07 09:22:47,628 INFO [auto-impl] Skipping - implementation already in progress
2026-03-07 09:22:57,628 INFO [auto-plan] Checking boards: ['mad']
2026-03-07 09:22:57,628 INFO [auto-plan] mad: plan-inbox=0, reviewing-plan=0
2026-03-07 09:22:57,628 INFO [auto-impl] Skipping - implementation already in progress
2026-03-07 09:23:07,626 INFO [auto-plan] Checking boards: ['mad']
2026-03-07 09:23:07,630 INFO [auto-plan] mad: plan-inbox=0, reviewing-plan=0
2026-03-07 09:23:07,631 INFO [auto-impl] Skipping - implementation already in progress
2026-03-07 09:23:17,625 INFO [auto-plan] Checking boards: ['mad']
2026-03-07 09:23:17,630 INFO [auto-plan] mad: plan-inbox=0, reviewing-plan=0
2026-03-07 09:23:17,630 INFO [auto-impl] Skipping - implementation already in progress
2026-03-07 09:23:27,630 INFO [auto-plan] Checking boards: ['mad']
2026-03-07 09:23:27,631 INFO [auto-plan] mad: plan-inbox=0, reviewing-plan=0
2026-03-07 09:23:27,631 INFO [auto-impl] Skipping - implementation already in progress
2026-03-07 09:23:37,627 INFO [auto-plan] Checking boards: ['mad']
2026-03-07 09:23:37,628 INFO [auto-plan] mad: plan-inbox=0, reviewing-plan=0
2026-03-07 09:23:37,628 INFO [auto-impl] Skipping - implementation already in progress
2026-03-07 09:23:47,622 INFO [auto-plan] Checking boards: ['mad']
2026-03-07 09:23:47,627 INFO [auto-plan] mad: plan-inbox=0, reviewing-plan=0
2026-03-07 09:23:47,627 INFO [auto-impl] Skipping - implementation already in progress
2026-03-07 09:23:57,669 INFO [auto-plan] Checking boards: ['mad']
2026-03-07 09:23:57,676 INFO [auto-plan] mad: plan-inbox=0, reviewing-plan=0
2026-03-07 09:23:57,677 INFO [auto-impl] Skipping - implementation already in progress
2026-03-07 09:24:07,625 INFO [auto-plan] Checking boards: ['mad']
2026-03-07 09:24:07,625 INFO [auto-plan] mad: plan-inbox=0, reviewing-plan=0
2026-03-07 09:24:07,625 INFO [auto-impl] Skipping - implementation already in progress
2026-03-07 09:24:17,619 INFO [auto-plan] Checking boards: ['mad']
2026-03-07 09:24:17,620 INFO [auto-plan] mad: plan-inbox=0, reviewing-plan=0
2026-03-07 09:24:17,620 INFO [auto-impl] Skipping - implementation already in progress
2026-03-07 09:24:27,624 INFO [auto-plan] Checking boards: ['mad']
2026-03-07 09:24:27,625 INFO [auto-plan] mad: plan-inbox=0, reviewing-plan=0
2026-03-07 09:24:27,625 INFO [auto-impl] Skipping - implementation already in progress
2026-03-07 09:24:37,614 INFO [auto-plan] Checking boards: ['mad']
2026-03-07 09:24:37,615 INFO [auto-plan] mad: plan-inbox=0, reviewing-plan=0
2026-03-07 09:24:37,615 INFO [auto-impl] Skipping - implementation already in progress
2026-03-07 09:24:47,622 INFO [auto-plan] Checking boards: ['mad']
2026-03-07 09:24:47,622 INFO [auto-plan] mad: plan-inbox=0, reviewing-plan=0
2026-03-07 09:24:47,622 INFO [auto-impl] Skipping - implementation already in progress
2026-03-07 09:24:57,618 INFO [auto-plan] Checking boards: ['mad']
2026-03-07 09:24:57,626 INFO [auto-plan] mad: plan-inbox=0, reviewing-plan=0
2026-03-07 09:24:57,626 INFO [auto-impl] Skipping - implementation already in progress
2026-03-07 09:25:07,620 INFO [auto-plan] Checking boards: ['mad']
2026-03-07 09:25:07,621 INFO [auto-plan] mad: plan-inbox=0, reviewing-plan=0
2026-03-07 09:25:07,621 INFO [auto-impl] Skipping - implementation already in progress
2026-03-07 09:25:17,615 INFO [auto-plan] Checking boards: ['mad']
2026-03-07 09:25:17,619 INFO [auto-plan] mad: plan-inbox=0, reviewing-plan=0
2026-03-07 09:25:17,619 INFO [auto-impl] Skipping - implementation already in progress
2026-03-07 09:25:27,614 INFO [auto-plan] Checking boards: ['mad']
2026-03-07 09:25:27,619 INFO [auto-plan] mad: plan-inbox=0, reviewing-plan=0
2026-03-07 09:25:27,619 INFO [auto-impl] Skipping - implementation already in progress
2026-03-07 09:25:37,612 INFO [auto-plan] Checking boards: ['mad']
2026-03-07 09:25:37,612 INFO [auto-plan] mad: plan-inbox=0, reviewing-plan=0
2026-03-07 09:25:37,612 INFO [auto-impl] Skipping - implementation already in progress
2026-03-07 09:25:47,617 INFO [auto-plan] Checking boards: ['mad']
2026-03-07 09:25:47,618 INFO [auto-plan] mad: plan-inbox=0, reviewing-plan=0
2026-03-07 09:25:47,618 INFO [auto-impl] Skipping - implementation already in progress
2026-03-07 09:25:57,612 INFO [auto-plan] Checking boards: ['mad']
2026-03-07 09:25:57,612 INFO [auto-plan] mad: plan-inbox=0, reviewing-plan=0
2026-03-07 09:25:57,612 INFO [auto-impl] Skipping - implementation already in progress
2026-03-07 09:26:07,617 INFO [auto-plan] Checking boards: ['mad']
2026-03-07 09:26:07,617 INFO [auto-plan] mad: plan-inbox=0, reviewing-plan=0
2026-03-07 09:26:07,617 INFO [auto-impl] Skipping - implementation already in progress
2026-03-07 09:26:17,610 INFO [auto-plan] Checking boards: ['mad']
2026-03-07 09:26:17,614 INFO [auto-plan] mad: plan-inbox=0, reviewing-plan=0
2026-03-07 09:26:17,614 INFO [auto-impl] Skipping - implementation already in progress
2026-03-07 09:26:27,610 INFO [auto-plan] Checking boards: ['mad']
2026-03-07 09:26:27,610 INFO [auto-plan] mad: plan-inbox=0, reviewing-plan=0
2026-03-07 09:26:27,610 INFO [auto-impl] Skipping - implementation already in progress
2026-03-07 09:26:37,613 INFO [auto-plan] Checking boards: ['mad']
2026-03-07 09:26:37,613 INFO [auto-plan] mad: plan-inbox=0, reviewing-plan=0
2026-03-07 09:26:37,613 INFO [auto-impl] Skipping - implementation already in progress
2026-03-07 09:26:47,607 INFO [auto-plan] Checking boards: ['mad']
2026-03-07 09:26:47,607 INFO [auto-plan] mad: plan-inbox=0, reviewing-plan=0
2026-03-07 09:26:47,607 INFO [auto-impl] Skipping - implementation already in progress
2026-03-07 09:26:57,611 INFO [auto-plan] Checking boards: ['mad']
2026-03-07 09:26:57,611 INFO [auto-plan] mad: plan-inbox=0, reviewing-plan=0
2026-03-07 09:26:57,612 INFO [auto-impl] Skipping - implementation already in progress
2026-03-07 09:27:07,604 INFO [auto-plan] Checking boards: ['mad']
2026-03-07 09:27:07,608 INFO [auto-plan] mad: plan-inbox=0, reviewing-plan=0
2026-03-07 09:27:07,608 INFO [auto-impl] Skipping - implementation already in progress
2026-03-07 09:27:17,605 INFO [auto-plan] Checking boards: ['mad']
2026-03-07 09:27:17,608 INFO [auto-plan] mad: plan-inbox=0, reviewing-plan=0
2026-03-07 09:27:17,608 INFO [auto-impl] Skipping - implementation already in progress
2026-03-07 09:27:27,605 INFO [auto-plan] Checking boards: ['mad']
2026-03-07 09:27:27,609 INFO [auto-plan] mad: plan-inbox=0, reviewing-plan=0
2026-03-07 09:27:27,609 INFO [auto-impl] Skipping - implementation already in progress
2026-03-07 09:27:37,602 INFO [auto-plan] Checking boards: ['mad']
2026-03-07 09:27:37,602 INFO [auto-plan] mad: plan-inbox=0, reviewing-plan=0
2026-03-07 09:27:37,602 INFO [auto-impl] Skipping - implementation already in progress
2026-03-07 09:27:47,602 INFO [auto-plan] Checking boards: ['mad']
2026-03-07 09:27:47,607 INFO [auto-plan] mad: plan-inbox=0, reviewing-plan=0
2026-03-07 09:27:47,607 INFO [auto-impl] Skipping - implementation already in progress
2026-03-07 09:27:57,606 INFO [auto-plan] Checking boards: ['mad']
2026-03-07 09:27:57,606 INFO [auto-plan] mad: plan-inbox=0, reviewing-plan=0
2026-03-07 09:27:57,606 INFO [auto-impl] Skipping - implementation already in progress
2026-03-07 09:28:07,605 INFO [auto-plan] Checking boards: ['mad']
2026-03-07 09:28:07,605 INFO [auto-plan] mad: plan-inbox=0, reviewing-plan=0
2026-03-07 09:28:07,605 INFO [auto-impl] Skipping - implementation already in progress
2026-03-07 09:28:17,600 INFO [auto-plan] Checking boards: ['mad']
2026-03-07 09:28:17,605 INFO [auto-plan] mad: plan-inbox=0, reviewing-plan=0
2026-03-07 09:28:17,605 INFO [auto-impl] Skipping - implementation already in progress
2026-03-07 09:28:27,599 INFO [auto-plan] Checking boards: ['mad']
2026-03-07 09:28:27,600 INFO [auto-plan] mad: plan-inbox=0, reviewing-plan=0
2026-03-07 09:28:27,600 INFO [auto-impl] Skipping - implementation already in progress
2026-03-07 09:28:37,596 INFO [auto-plan] Checking boards: ['mad']
2026-03-07 09:28:37,596 INFO [auto-plan] mad: plan-inbox=0, reviewing-plan=0
2026-03-07 09:28:37,596 INFO [auto-impl] Skipping - implementation already in progress
2026-03-07 09:28:47,601 INFO [auto-plan] Checking boards: ['mad']
2026-03-07 09:28:47,602 INFO [auto-plan] mad: plan-inbox=0, reviewing-plan=0
2026-03-07 09:28:47,602 INFO [auto-impl] Skipping - implementation already in progress
2026-03-07 09:28:57,596 INFO [auto-plan] Checking boards: ['mad']
2026-03-07 09:28:57,601 INFO [auto-plan] mad: plan-inbox=0, reviewing-plan=0
2026-03-07 09:28:57,602 INFO [auto-impl] Skipping - implementation already in progress
2026-03-07 09:29:07,596 INFO [auto-plan] Checking boards: ['mad']
2026-03-07 09:29:07,600 INFO [auto-plan] mad: plan-inbox=0, reviewing-plan=0
2026-03-07 09:29:07,600 INFO [auto-impl] Skipping - implementation already in progress
2026-03-07 09:29:17,609 INFO [auto-plan] Checking boards: ['mad']
2026-03-07 09:29:17,610 INFO [auto-plan] mad: plan-inbox=0, reviewing-plan=0
2026-03-07 09:29:17,610 INFO [auto-impl] Skipping - implementation already in progress
2026-03-07 09:29:27,595 INFO [auto-plan] Checking boards: ['mad']
2026-03-07 09:29:27,600 INFO [auto-plan] mad: plan-inbox=0, reviewing-plan=0
2026-03-07 09:29:27,600 INFO [auto-impl] Skipping - implementation already in progress
2026-03-07 09:29:37,594 INFO [auto-plan] Checking boards: ['mad']
2026-03-07 09:29:37,594 INFO [auto-plan] mad: plan-inbox=0, reviewing-plan=0
2026-03-07 09:29:37,594 INFO [auto-impl] Skipping - implementation already in progress
2026-03-07 09:29:47,595 INFO [auto-plan] Checking boards: ['mad']
2026-03-07 09:29:47,602 INFO [auto-plan] mad: plan-inbox=0, reviewing-plan=0
2026-03-07 09:29:47,602 INFO [auto-impl] Skipping - implementation already in progress
2026-03-07 09:29:57,593 INFO [auto-plan] Checking boards: ['mad']
2026-03-07 09:29:57,593 INFO [auto-plan] mad: plan-inbox=0, reviewing-plan=0
2026-03-07 09:29:57,593 INFO [auto-impl] Skipping - implementation already in progress
2026-03-07 09:30:07,590 INFO [auto-plan] Checking boards: ['mad']
2026-03-07 09:30:07,595 INFO [auto-plan] mad: plan-inbox=0, reviewing-plan=0
2026-03-07 09:30:07,595 INFO [auto-impl] Skipping - implementation already in progress
2026-03-07 09:30:17,596 INFO [auto-plan] Checking boards: ['mad']
2026-03-07 09:30:17,596 INFO [auto-plan] mad: plan-inbox=0, reviewing-plan=0
2026-03-07 09:30:17,596 INFO [auto-impl] Skipping - implementation already in progress
2026-03-07 09:30:27,593 INFO [auto-plan] Checking boards: ['mad']
2026-03-07 09:30:27,593 INFO [auto-plan] mad: plan-inbox=0, reviewing-plan=0
2026-03-07 09:30:27,593 INFO [auto-impl] Skipping - implementation already in progress
2026-03-07 09:30:37,588 INFO [auto-plan] Checking boards: ['mad']
2026-03-07 09:30:37,588 INFO [auto-plan] mad: plan-inbox=0, reviewing-plan=0
2026-03-07 09:30:37,588 INFO [auto-impl] Skipping - implementation already in progress
2026-03-07 09:30:47,591 INFO [auto-plan] Checking boards: ['mad']
2026-03-07 09:30:47,598 INFO [auto-plan] mad: plan-inbox=0, reviewing-plan=0
2026-03-07 09:30:47,598 INFO [auto-impl] Skipping - implementation already in progress
2026-03-07 09:30:57,589 INFO [auto-plan] Checking boards: ['mad']
2026-03-07 09:30:57,593 INFO [auto-plan] mad: plan-inbox=0, reviewing-plan=0
2026-03-07 09:30:57,593 INFO [auto-impl] Skipping - implementation already in progress
2026-03-07 09:31:07,587 INFO [auto-plan] Checking boards: ['mad']
2026-03-07 09:31:07,591 INFO [auto-plan] mad: plan-inbox=0, reviewing-plan=0
2026-03-07 09:31:07,591 INFO [auto-impl] Skipping - implementation already in progress
2026-03-07 09:31:17,586 INFO [auto-plan] Checking boards: ['mad']
2026-03-07 09:31:17,586 INFO [auto-plan] mad: plan-inbox=0, reviewing-plan=0
2026-03-07 09:31:17,587 INFO [auto-impl] Skipping - implementation already in progress
2026-03-07 09:31:27,586 INFO [auto-plan] Checking boards: ['mad']
2026-03-07 09:31:27,587 INFO [auto-plan] mad: plan-inbox=0, reviewing-plan=0
2026-03-07 09:31:27,587 INFO [auto-impl] Skipping - implementation already in progress
2026-03-07 09:31:37,584 INFO [auto-plan] Checking boards: ['mad']
2026-03-07 09:31:37,589 INFO [auto-plan] mad: plan-inbox=0, reviewing-plan=0
2026-03-07 09:31:37,589 INFO [auto-impl] Skipping - implementation already in progress
2026-03-07 09:31:47,584 INFO [auto-plan] Checking boards: ['mad']
2026-03-07 09:31:47,585 INFO [auto-plan] mad: plan-inbox=0, reviewing-plan=0
2026-03-07 09:31:47,585 INFO [auto-impl] Skipping - implementation already in progress
2026-03-07 09:31:57,583 INFO [auto-plan] Checking boards: ['mad']
2026-03-07 09:31:57,584 INFO [auto-plan] mad: plan-inbox=0, reviewing-plan=0
2026-03-07 09:31:57,584 INFO [auto-impl] Skipping - implementation already in progress
2026-03-07 09:32:07,582 INFO [auto-plan] Checking boards: ['mad']
2026-03-07 09:32:07,587 INFO [auto-plan] mad: plan-inbox=0, reviewing-plan=0
2026-03-07 09:32:07,587 INFO [auto-impl] Skipping - implementation already in progress
2026-03-07 09:32:17,582 INFO [auto-plan] Checking boards: ['mad']
2026-03-07 09:32:17,586 INFO [auto-plan] mad: plan-inbox=0, reviewing-plan=0
2026-03-07 09:32:17,587 INFO [auto-impl] Skipping - implementation already in progress
2026-03-07 09:32:27,582 INFO [auto-plan] Checking boards: ['mad']
2026-03-07 09:32:27,587 INFO [auto-plan] mad: plan-inbox=0, reviewing-plan=0
2026-03-07 09:32:27,587 INFO [auto-impl] Skipping - implementation already in progress
2026-03-07 09:32:37,580 INFO [auto-plan] Checking boards: ['mad']
2026-03-07 09:32:37,580 INFO [auto-plan] mad: plan-inbox=0, reviewing-plan=0
2026-03-07 09:32:37,581 INFO [auto-impl] Skipping - implementation already in progress
2026-03-07 09:32:47,584 INFO [auto-plan] Checking boards: ['mad']
2026-03-07 09:32:47,584 INFO [auto-plan] mad: plan-inbox=0, reviewing-plan=0
2026-03-07 09:32:47,584 INFO [auto-impl] Skipping - implementation already in progress
2026-03-07 09:32:57,585 INFO [auto-plan] Checking boards: ['mad']
2026-03-07 09:32:57,586 INFO [auto-plan] mad: plan-inbox=0, reviewing-plan=0
2026-03-07 09:32:57,587 INFO [auto-impl] Skipping - implementation already in progress
2026-03-07 09:33:07,577 INFO [auto-plan] Checking boards: ['mad']
2026-03-07 09:33:07,578 INFO [auto-plan] mad: plan-inbox=0, reviewing-plan=0
2026-03-07 09:33:07,578 INFO [auto-impl] Skipping - implementation already in progress
2026-03-07 09:33:17,581 INFO [auto-plan] Checking boards: ['mad']
2026-03-07 09:33:17,581 INFO [auto-plan] mad: plan-inbox=0, reviewing-plan=0
2026-03-07 09:33:17,586 INFO [auto-impl] Skipping - implementation already in progress
2026-03-07 09:33:27,584 INFO [auto-plan] Checking boards: ['mad']
2026-03-07 09:33:27,584 INFO [auto-plan] mad: plan-inbox=0, reviewing-plan=0
2026-03-07 09:33:27,584 INFO [auto-impl] Skipping - implementation already in progress
2026-03-07 09:33:37,574 INFO [auto-plan] Checking boards: ['mad']
2026-03-07 09:33:37,575 INFO [auto-plan] mad: plan-inbox=0, reviewing-plan=0
2026-03-07 09:33:37,575 INFO [auto-impl] Skipping - implementation already in progress
2026-03-07 09:33:47,575 INFO [auto-plan] Checking boards: ['mad']
2026-03-07 09:33:47,580 INFO [auto-plan] mad: plan-inbox=0, reviewing-plan=0
2026-03-07 09:33:47,580 INFO [auto-impl] Skipping - implementation already in progress
2026-03-07 09:33:57,580 INFO [auto-plan] Checking boards: ['mad']
2026-03-07 09:33:57,580 INFO [auto-plan] mad: plan-inbox=0, reviewing-plan=0
2026-03-07 09:33:57,580 INFO [auto-impl] Skipping - implementation already in progress
2026-03-07 09:34:07,589 INFO [auto-plan] Checking boards: ['mad']
2026-03-07 09:34:07,589 INFO [auto-plan] mad: plan-inbox=0, reviewing-plan=0
2026-03-07 09:34:07,590 INFO [auto-impl] Skipping - implementation already in progress
2026-03-07 09:34:17,654 INFO [auto-plan] Checking boards: ['mad']
2026-03-07 09:34:17,654 INFO [auto-plan] mad: plan-inbox=0, reviewing-plan=0
2026-03-07 09:34:17,654 INFO [auto-impl] Skipping - implementation already in progress
2026-03-07 09:34:27,574 INFO [auto-plan] Checking boards: ['mad']
2026-03-07 09:34:27,578 INFO [auto-plan] mad: plan-inbox=0, reviewing-plan=0
2026-03-07 09:34:27,578 INFO [auto-impl] Skipping - implementation already in progress
2026-03-07 09:34:37,570 INFO [auto-plan] Checking boards: ['mad']
2026-03-07 09:34:37,571 INFO [auto-plan] mad: plan-inbox=0, reviewing-plan=0
2026-03-07 09:34:37,571 INFO [auto-impl] Skipping - implementation already in progress
2026-03-07 09:34:47,857 INFO [auto-plan] Checking boards: ['mad']
2026-03-07 09:34:47,858 INFO [auto-plan] mad: plan-inbox=0, reviewing-plan=0
2026-03-07 09:34:47,858 INFO [auto-impl] Skipping - implementation already in progress
2026-03-07 09:34:57,570 INFO [auto-plan] Checking boards: ['mad']
2026-03-07 09:34:57,570 INFO [auto-plan] mad: plan-inbox=0, reviewing-plan=0
2026-03-07 09:34:57,570 INFO [auto-impl] Skipping - implementation already in progress
2026-03-07 09:35:07,569 INFO [auto-plan] Checking boards: ['mad']
2026-03-07 09:35:07,569 INFO [auto-plan] mad: plan-inbox=0, reviewing-plan=0
2026-03-07 09:35:07,569 INFO [auto-impl] Skipping - implementation already in progress
2026-03-07 09:35:17,569 INFO [auto-plan] Checking boards: ['mad']
2026-03-07 09:35:17,569 INFO [auto-plan] mad: plan-inbox=0, reviewing-plan=0
2026-03-07 09:35:17,569 INFO [auto-impl] Skipping - implementation already in progress
2026-03-07 09:35:27,574 INFO [auto-plan] Checking boards: ['mad']
2026-03-07 09:35:27,574 INFO [auto-plan] mad: plan-inbox=0, reviewing-plan=0
2026-03-07 09:35:27,574 INFO [auto-impl] Skipping - implementation already in progress
2026-03-07 09:35:37,570 INFO [auto-plan] Checking boards: ['mad']
2026-03-07 09:35:37,570 INFO [auto-plan] mad: plan-inbox=0, reviewing-plan=0
2026-03-07 09:35:37,570 INFO [auto-impl] Skipping - implementation already in progress
2026-03-07 09:35:47,565 INFO [auto-plan] Checking boards: ['mad']
2026-03-07 09:35:47,570 INFO [auto-plan] mad: plan-inbox=0, reviewing-plan=0
2026-03-07 09:35:47,570 INFO [auto-impl] Skipping - implementation already in progress
2026-03-07 09:35:57,565 INFO [auto-plan] Checking boards: ['mad']
2026-03-07 09:35:57,570 INFO [auto-plan] mad: plan-inbox=0, reviewing-plan=0
2026-03-07 09:35:57,570 INFO [auto-impl] Skipping - implementation already in progress
2026-03-07 09:36:07,564 INFO [auto-plan] Checking boards: ['mad']
2026-03-07 09:36:07,565 INFO [auto-plan] mad: plan-inbox=0, reviewing-plan=0
2026-03-07 09:36:07,565 INFO [auto-impl] Skipping - implementation already in progress
2026-03-07 09:36:17,565 INFO [auto-plan] Checking boards: ['mad']
2026-03-07 09:36:17,569 INFO [auto-plan] mad: plan-inbox=0, reviewing-plan=0
2026-03-07 09:36:17,569 INFO [auto-impl] Skipping - implementation already in progress
2026-03-07 09:36:27,565 INFO [auto-plan] Checking boards: ['mad']
2026-03-07 09:36:27,569 INFO [auto-plan] mad: plan-inbox=0, reviewing-plan=0
2026-03-07 09:36:27,569 INFO [auto-impl] Skipping - implementation already in progress
2026-03-07 09:36:37,563 INFO [auto-plan] Checking boards: ['mad']
2026-03-07 09:36:37,567 INFO [auto-plan] mad: plan-inbox=0, reviewing-plan=0
2026-03-07 09:36:37,567 INFO [auto-impl] Skipping - implementation already in progress
2026-03-07 09:36:47,562 INFO [auto-plan] Checking boards: ['mad']
2026-03-07 09:36:47,563 INFO [auto-plan] mad: plan-inbox=0, reviewing-plan=0
2026-03-07 09:36:47,563 INFO [auto-impl] Skipping - implementation already in progress
2026-03-07 09:36:57,562 INFO [auto-plan] Checking boards: ['mad']
2026-03-07 09:36:57,562 INFO [auto-plan] mad: plan-inbox=0, reviewing-plan=0
2026-03-07 09:36:57,562 INFO [auto-impl] Skipping - implementation already in progress
2026-03-07 09:37:07,560 INFO [auto-plan] Checking boards: ['mad']
2026-03-07 09:37:07,565 INFO [auto-plan] mad: plan-inbox=0, reviewing-plan=0
2026-03-07 09:37:07,565 INFO [auto-impl] Skipping - implementation already in progress
2026-03-07 09:37:17,560 INFO [auto-plan] Checking boards: ['mad']
2026-03-07 09:37:17,560 INFO [auto-plan] mad: plan-inbox=0, reviewing-plan=0
2026-03-07 09:37:17,560 INFO [auto-impl] Skipping - implementation already in progress
2026-03-07 09:37:27,562 INFO [auto-plan] Checking boards: ['mad']
2026-03-07 09:37:27,563 INFO [auto-plan] mad: plan-inbox=0, reviewing-plan=0
2026-03-07 09:37:27,563 INFO [auto-impl] Skipping - implementation already in progress
2026-03-07 09:37:37,556 INFO [auto-plan] Checking boards: ['mad']
2026-03-07 09:37:37,557 INFO [auto-plan] mad: plan-inbox=0, reviewing-plan=0
2026-03-07 09:37:37,557 INFO [auto-impl] Skipping - implementation already in progress
2026-03-07 09:37:47,562 INFO [auto-plan] Checking boards: ['mad']
2026-03-07 09:37:47,562 INFO [auto-plan] mad: plan-inbox=0, reviewing-plan=0
2026-03-07 09:37:47,569 INFO [auto-impl] Skipping - implementation already in progress
2026-03-07 09:37:57,557 INFO [auto-plan] Checking boards: ['mad']
2026-03-07 09:37:57,561 INFO [auto-plan] mad: plan-inbox=0, reviewing-plan=0
2026-03-07 09:37:57,562 INFO [auto-impl] Skipping - implementation already in progress
2026-03-07 09:38:07,556 INFO [auto-plan] Checking boards: ['mad']
2026-03-07 09:38:07,556 INFO [auto-plan] mad: plan-inbox=0, reviewing-plan=0
2026-03-07 09:38:07,556 INFO [auto-impl] Skipping - implementation already in progress
2026-03-07 09:38:17,556 INFO [auto-plan] Checking boards: ['mad']
2026-03-07 09:38:17,560 INFO [auto-plan] mad: plan-inbox=0, reviewing-plan=0
2026-03-07 09:38:17,561 INFO [auto-impl] Skipping - implementation already in progress
2026-03-07 09:38:27,556 INFO [auto-plan] Checking boards: ['mad']
2026-03-07 09:38:27,557 INFO [auto-plan] mad: plan-inbox=0, reviewing-plan=0
2026-03-07 09:38:27,557 INFO [auto-impl] Skipping - implementation already in progress
2026-03-07 09:38:37,558 INFO [auto-plan] Checking boards: ['mad']
2026-03-07 09:38:37,559 INFO [auto-plan] mad: plan-inbox=0, reviewing-plan=0
2026-03-07 09:38:37,559 INFO [auto-impl] Skipping - implementation already in progress
2026-03-07 09:38:47,554 INFO [auto-plan] Checking boards: ['mad']
2026-03-07 09:38:47,554 INFO [auto-plan] mad: plan-inbox=0, reviewing-plan=0
2026-03-07 09:38:47,554 INFO [auto-impl] Skipping - implementation already in progress
2026-03-07 09:38:57,558 INFO [auto-plan] Checking boards: ['mad']
2026-03-07 09:38:57,563 INFO [auto-plan] mad: plan-inbox=0, reviewing-plan=0
2026-03-07 09:38:57,563 INFO [auto-impl] Skipping - implementation already in progress
2026-03-07 09:39:07,556 INFO [auto-plan] Checking boards: ['mad']
2026-03-07 09:39:07,557 INFO [auto-plan] mad: plan-inbox=0, reviewing-plan=0
2026-03-07 09:39:07,557 INFO [auto-impl] Skipping - implementation already in progress
2026-03-07 09:39:17,551 INFO [auto-plan] Checking boards: ['mad']
2026-03-07 09:39:17,552 INFO [auto-plan] mad: plan-inbox=0, reviewing-plan=0
2026-03-07 09:39:17,552 INFO [auto-impl] Skipping - implementation already in progress
2026-03-07 09:39:27,551 INFO [auto-plan] Checking boards: ['mad']
2026-03-07 09:39:27,556 INFO [auto-plan] mad: plan-inbox=0, reviewing-plan=0
2026-03-07 09:39:27,556 INFO [auto-impl] Skipping - implementation already in progress
2026-03-07 09:39:37,549 INFO [auto-plan] Checking boards: ['mad']
2026-03-07 09:39:37,550 INFO [auto-plan] mad: plan-inbox=0, reviewing-plan=0
2026-03-07 09:39:37,550 INFO [auto-impl] Skipping - implementation already in progress
2026-03-07 09:39:47,554 INFO [auto-plan] Checking boards: ['mad']
2026-03-07 09:39:47,555 INFO [auto-plan] mad: plan-inbox=0, reviewing-plan=0
2026-03-07 09:39:47,555 INFO [auto-impl] Skipping - implementation already in progress
2026-03-07 09:39:57,549 INFO [auto-plan] Checking boards: ['mad']
2026-03-07 09:39:57,550 INFO [auto-plan] mad: plan-inbox=0, reviewing-plan=0
2026-03-07 09:39:57,550 INFO [auto-impl] Skipping - implementation already in progress
2026-03-07 09:40:07,547 INFO [auto-plan] Checking boards: ['mad']
2026-03-07 09:40:07,548 INFO [auto-plan] mad: plan-inbox=0, reviewing-plan=0
2026-03-07 09:40:07,548 INFO [auto-impl] Skipping - implementation already in progress
2026-03-07 09:40:17,553 INFO [auto-plan] Checking boards: ['mad']
2026-03-07 09:40:17,554 INFO [auto-plan] mad: plan-inbox=0, reviewing-plan=0
2026-03-07 09:40:17,554 INFO [auto-impl] Skipping - implementation already in progress
2026-03-07 09:40:27,547 INFO [auto-plan] Checking boards: ['mad']
2026-03-07 09:40:27,548 INFO [auto-plan] mad: plan-inbox=0, reviewing-plan=0
2026-03-07 09:40:27,548 INFO [auto-impl] Skipping - implementation already in progress
2026-03-07 09:40:37,549 INFO [auto-plan] Checking boards: ['mad']
2026-03-07 09:40:37,549 INFO [auto-plan] mad: plan-inbox=0, reviewing-plan=0
2026-03-07 09:40:37,549 INFO [auto-impl] Skipping - implementation already in progress
2026-03-07 09:40:47,546 INFO [auto-plan] Checking boards: ['mad']
2026-03-07 09:40:47,547 INFO [auto-plan] mad: plan-inbox=0, reviewing-plan=0
2026-03-07 09:40:47,547 INFO [auto-impl] Skipping - implementation already in progress
2026-03-07 09:40:57,545 INFO [auto-plan] Checking boards: ['mad']
2026-03-07 09:40:57,547 INFO [auto-plan] mad: plan-inbox=0, reviewing-plan=0
2026-03-07 09:40:57,547 INFO [auto-impl] Skipping - implementation already in progress
2026-03-07 09:41:07,548 INFO [auto-plan] Checking boards: ['mad']
2026-03-07 09:41:07,549 INFO [auto-plan] mad: plan-inbox=0, reviewing-plan=0
2026-03-07 09:41:07,549 INFO [auto-impl] Skipping - implementation already in progress
2026-03-07 09:41:17,544 INFO [auto-plan] Checking boards: ['mad']
2026-03-07 09:41:17,545 INFO [auto-plan] mad: plan-inbox=0, reviewing-plan=0
2026-03-07 09:41:17,545 INFO [auto-impl] Skipping - implementation already in progress
2026-03-07 09:41:27,544 INFO [auto-plan] Checking boards: ['mad']
2026-03-07 09:41:27,545 INFO [auto-plan] mad: plan-inbox=0, reviewing-plan=0
2026-03-07 09:41:27,545 INFO [auto-impl] Skipping - implementation already in progress
2026-03-07 09:41:37,543 INFO [auto-plan] Checking boards: ['mad']
2026-03-07 09:41:37,546 INFO [auto-plan] mad: plan-inbox=0, reviewing-plan=0
2026-03-07 09:41:37,546 INFO [auto-impl] Skipping - implementation already in progress
2026-03-07 09:41:47,547 INFO [auto-plan] Checking boards: ['mad']
2026-03-07 09:41:47,548 INFO [auto-plan] mad: plan-inbox=0, reviewing-plan=0
2026-03-07 09:41:47,548 INFO [auto-impl] Skipping - implementation already in progress
2026-03-07 09:41:57,546 INFO [auto-plan] Checking boards: ['mad']
2026-03-07 09:41:57,546 INFO [auto-plan] mad: plan-inbox=0, reviewing-plan=0
2026-03-07 09:41:57,546 INFO [auto-impl] Skipping - implementation already in progress
2026-03-07 09:42:07,547 INFO [auto-plan] Checking boards: ['mad']
2026-03-07 09:42:07,548 INFO [auto-plan] mad: plan-inbox=0, reviewing-plan=0
2026-03-07 09:42:07,548 INFO [auto-impl] Skipping - implementation already in progress
2026-03-07 09:42:17,544 INFO [auto-plan] Checking boards: ['mad']
2026-03-07 09:42:17,544 INFO [auto-plan] mad: plan-inbox=0, reviewing-plan=0
2026-03-07 09:42:17,545 INFO [auto-impl] Skipping - implementation already in progress
2026-03-07 09:42:27,544 INFO [auto-plan] Checking boards: ['mad']
2026-03-07 09:42:27,545 INFO [auto-plan] mad: plan-inbox=0, reviewing-plan=0
2026-03-07 09:42:27,545 INFO [auto-impl] Skipping - implementation already in progress
2026-03-07 09:42:37,537 INFO [auto-plan] Checking boards: ['mad']
2026-03-07 09:42:37,537 INFO [auto-plan] mad: plan-inbox=0, reviewing-plan=0
2026-03-07 09:42:37,537 INFO [auto-impl] Skipping - implementation already in progress
2026-03-07 09:42:47,541 INFO [auto-plan] Checking boards: ['mad']
2026-03-07 09:42:47,546 INFO [auto-plan] mad: plan-inbox=0, reviewing-plan=0
2026-03-07 09:42:47,546 INFO [auto-impl] Skipping - implementation already in progress
2026-03-07 09:42:57,542 INFO [auto-plan] Checking boards: ['mad']
2026-03-07 09:42:57,543 INFO [auto-plan] mad: plan-inbox=0, reviewing-plan=0
2026-03-07 09:42:57,543 INFO [auto-impl] Skipping - implementation already in progress
2026-03-07 09:43:07,537 INFO [auto-plan] Checking boards: ['mad']
2026-03-07 09:43:07,537 INFO [auto-plan] mad: plan-inbox=0, reviewing-plan=0
2026-03-07 09:43:07,537 INFO [auto-impl] Skipping - implementation already in progress
2026-03-07 09:43:17,555 INFO [auto-plan] Checking boards: ['mad']
2026-03-07 09:43:17,555 INFO [auto-plan] mad: plan-inbox=0, reviewing-plan=0
2026-03-07 09:43:17,555 INFO [auto-impl] Skipping - implementation already in progress
2026-03-07 09:43:27,541 INFO [auto-plan] Checking boards: ['mad']
2026-03-07 09:43:27,541 INFO [auto-plan] mad: plan-inbox=0, reviewing-plan=0
2026-03-07 09:43:27,542 INFO [auto-impl] Skipping - implementation already in progress
2026-03-07 09:43:37,537 INFO [auto-plan] Checking boards: ['mad']
2026-03-07 09:43:37,538 INFO [auto-plan] mad: plan-inbox=0, reviewing-plan=0
2026-03-07 09:43:37,538 INFO [auto-impl] Skipping - implementation already in progress
2026-03-07 09:43:47,538 INFO [auto-plan] Checking boards: ['mad']
2026-03-07 09:43:47,539 INFO [auto-plan] mad: plan-inbox=0, reviewing-plan=0
2026-03-07 09:43:47,539 INFO [auto-impl] Skipping - implementation already in progress
2026-03-07 09:43:57,538 INFO [auto-plan] Checking boards: ['mad']
2026-03-07 09:43:57,539 INFO [auto-plan] mad: plan-inbox=0, reviewing-plan=0
2026-03-07 09:43:57,539 INFO [auto-impl] Skipping - implementation already in progress
2026-03-07 09:44:07,531 INFO [auto-plan] Checking boards: ['mad']
2026-03-07 09:44:07,531 INFO [auto-plan] mad: plan-inbox=0, reviewing-plan=0
2026-03-07 09:44:07,531 INFO [auto-impl] Skipping - implementation already in progress
2026-03-07 09:44:17,536 INFO [auto-plan] Checking boards: ['mad']
2026-03-07 09:44:17,536 INFO [auto-plan] mad: plan-inbox=0, reviewing-plan=0
2026-03-07 09:44:17,539 INFO [auto-impl] Skipping - implementation already in progress
2026-03-07 09:44:27,536 INFO [auto-plan] Checking boards: ['mad']
2026-03-07 09:44:27,537 INFO [auto-plan] mad: plan-inbox=0, reviewing-plan=0
2026-03-07 09:44:27,537 INFO [auto-impl] Skipping - implementation already in progress
2026-03-07 09:44:37,528 INFO [auto-plan] Checking boards: ['mad']
2026-03-07 09:44:37,529 INFO [auto-plan] mad: plan-inbox=0, reviewing-plan=0
2026-03-07 09:44:37,529 INFO [auto-impl] Skipping - implementation already in progress
2026-03-07 09:44:47,529 INFO [auto-plan] Checking boards: ['mad']
2026-03-07 09:44:47,529 INFO [auto-plan] mad: plan-inbox=0, reviewing-plan=0
2026-03-07 09:44:47,533 INFO [auto-impl] Skipping - implementation already in progress
2026-03-07 09:44:57,529 INFO [auto-plan] Checking boards: ['mad']
2026-03-07 09:44:57,533 INFO [auto-plan] mad: plan-inbox=0, reviewing-plan=0
2026-03-07 09:44:57,533 INFO [auto-impl] Skipping - implementation already in progress
2026-03-07 09:45:07,527 INFO [auto-plan] Checking boards: ['mad']
2026-03-07 09:45:07,531 INFO [auto-plan] mad: plan-inbox=0, reviewing-plan=0
2026-03-07 09:45:07,531 INFO [auto-impl] Skipping - implementation already in progress
2026-03-07 09:45:17,535 INFO [auto-plan] Checking boards: ['mad']
2026-03-07 09:45:17,536 INFO [auto-plan] mad: plan-inbox=0, reviewing-plan=0
2026-03-07 09:45:17,536 INFO [auto-impl] Skipping - implementation already in progress
2026-03-07 09:45:27,532 INFO [auto-plan] Checking boards: ['mad']
2026-03-07 09:45:27,532 INFO [auto-plan] mad: plan-inbox=0, reviewing-plan=0
2026-03-07 09:45:27,532 INFO [auto-impl] Skipping - implementation already in progress
2026-03-07 09:45:37,530 INFO [auto-plan] Checking boards: ['mad']
2026-03-07 09:45:37,531 INFO [auto-plan] mad: plan-inbox=0, reviewing-plan=0
2026-03-07 09:45:37,531 INFO [auto-impl] Skipping - implementation already in progress
2026-03-07 09:45:47,524 INFO [auto-plan] Checking boards: ['mad']
2026-03-07 09:45:47,529 INFO [auto-plan] mad: plan-inbox=0, reviewing-plan=0
2026-03-07 09:45:47,529 INFO [auto-impl] Skipping - implementation already in progress
2026-03-07 09:45:57,531 INFO [auto-plan] Checking boards: ['mad']
2026-03-07 09:45:57,532 INFO [auto-plan] mad: plan-inbox=0, reviewing-plan=0
2026-03-07 09:45:57,532 INFO [auto-impl] Skipping - implementation already in progress
2026-03-07 09:46:07,524 INFO [auto-plan] Checking boards: ['mad']
2026-03-07 09:46:07,524 INFO [auto-plan] mad: plan-inbox=0, reviewing-plan=0
2026-03-07 09:46:07,524 INFO [auto-impl] Skipping - implementation already in progress
2026-03-07 09:46:17,533 INFO [auto-plan] Checking boards: ['mad']
2026-03-07 09:46:17,533 INFO [auto-plan] mad: plan-inbox=0, reviewing-plan=0
2026-03-07 09:46:17,533 INFO [auto-impl] Skipping - implementation already in progress
2026-03-07 09:46:27,524 INFO [auto-plan] Checking boards: ['mad']
2026-03-07 09:46:27,524 INFO [auto-plan] mad: plan-inbox=0, reviewing-plan=0
2026-03-07 09:46:27,524 INFO [auto-impl] Skipping - implementation already in progress
2026-03-07 09:46:37,520 INFO [auto-plan] Checking boards: ['mad']
2026-03-07 09:46:37,521 INFO [auto-plan] mad: plan-inbox=0, reviewing-plan=0
2026-03-07 09:46:37,525 INFO [auto-impl] Skipping - implementation already in progress
2026-03-07 09:46:47,520 INFO [auto-plan] Checking boards: ['mad']
2026-03-07 09:46:47,521 INFO [auto-plan] mad: plan-inbox=0, reviewing-plan=0
2026-03-07 09:46:47,521 INFO [auto-impl] Skipping - implementation already in progress
2026-03-07 09:46:57,520 INFO [auto-plan] Checking boards: ['mad']
2026-03-07 09:46:57,520 INFO [auto-plan] mad: plan-inbox=0, reviewing-plan=0
2026-03-07 09:46:57,520 INFO [auto-impl] Skipping - implementation already in progress
2026-03-07 09:47:07,524 INFO [auto-plan] Checking boards: ['mad']
2026-03-07 09:47:07,524 INFO [auto-plan] mad: plan-inbox=0, reviewing-plan=0
2026-03-07 09:47:07,524 INFO [auto-impl] Skipping - implementation already in progress
2026-03-07 09:47:17,518 INFO [auto-plan] Checking boards: ['mad']
2026-03-07 09:47:17,518 INFO [auto-plan] mad: plan-inbox=0, reviewing-plan=0
2026-03-07 09:47:17,518 INFO [auto-impl] Skipping - implementation already in progress
2026-03-07 09:47:27,518 INFO [auto-plan] Checking boards: ['mad']
2026-03-07 09:47:27,518 INFO [auto-plan] mad: plan-inbox=0, reviewing-plan=0
2026-03-07 09:47:27,518 INFO [auto-impl] Skipping - implementation already in progress
2026-03-07 09:47:37,516 INFO [auto-plan] Checking boards: ['mad']
2026-03-07 09:47:37,516 INFO [auto-plan] mad: plan-inbox=0, reviewing-plan=0
2026-03-07 09:47:37,516 INFO [auto-impl] Skipping - implementation already in progress
2026-03-07 09:47:47,516 INFO [auto-plan] Checking boards: ['mad']
2026-03-07 09:47:47,516 INFO [auto-plan] mad: plan-inbox=0, reviewing-plan=0
2026-03-07 09:47:47,516 INFO [auto-impl] Skipping - implementation already in progress
2026-03-07 09:47:57,516 INFO [auto-plan] Checking boards: ['mad']
2026-03-07 09:47:57,521 INFO [auto-plan] mad: plan-inbox=0, reviewing-plan=0
2026-03-07 09:47:57,521 INFO [auto-impl] Skipping - implementation already in progress
2026-03-07 09:48:07,522 INFO [auto-plan] Checking boards: ['mad']
2026-03-07 09:48:07,523 INFO [auto-plan] mad: plan-inbox=0, reviewing-plan=0
2026-03-07 09:48:07,523 INFO [auto-impl] Skipping - implementation already in progress
2026-03-07 09:48:17,514 INFO [auto-plan] Checking boards: ['mad']
2026-03-07 09:48:17,515 INFO [auto-plan] mad: plan-inbox=0, reviewing-plan=0
2026-03-07 09:48:17,515 INFO [auto-impl] Skipping - implementation already in progress
2026-03-07 09:48:27,514 INFO [auto-plan] Checking boards: ['mad']
2026-03-07 09:48:27,515 INFO [auto-plan] mad: plan-inbox=0, reviewing-plan=0
2026-03-07 09:48:27,515 INFO [auto-impl] Skipping - implementation already in progress
2026-03-07 09:48:37,520 INFO [auto-plan] Checking boards: ['mad']
2026-03-07 09:48:37,526 INFO [auto-plan] mad: plan-inbox=0, reviewing-plan=0
2026-03-07 09:48:37,526 INFO [auto-impl] Skipping - implementation already in progress
2026-03-07 09:48:47,512 INFO [auto-plan] Checking boards: ['mad']
2026-03-07 09:48:47,512 INFO [auto-plan] mad: plan-inbox=0, reviewing-plan=0
2026-03-07 09:48:47,512 INFO [auto-impl] Skipping - implementation already in progress
2026-03-07 09:48:57,517 INFO [auto-plan] Checking boards: ['mad']
2026-03-07 09:48:57,517 INFO [auto-plan] mad: plan-inbox=0, reviewing-plan=0
2026-03-07 09:48:57,517 INFO [auto-impl] Skipping - implementation already in progress
2026-03-07 09:49:07,525 INFO [auto-plan] Checking boards: ['mad']
2026-03-07 09:49:07,525 INFO [auto-plan] mad: plan-inbox=0, reviewing-plan=0
2026-03-07 09:49:07,525 INFO [auto-impl] Skipping - implementation already in progress
2026-03-07 09:49:18,129 INFO [runner] Read 14135 chars from output file
2026-03-07 09:49:23,162 INFO Connected to server as 'wsl-mad-cwd'
2026-03-07 09:49:32,881 INFO [bold blue]Writing Tests:[/bold blue] consolidate-phase-execution
2026-03-07 09:49:32,882 INFO [testing] Running: consolidate-phase-execution
2026-03-07 09:49:32,883 INFO [runner] Wrote instructions for 'consolidate-phase-execution': 30029 chars
2026-03-07 09:49:32,883 INFO [runner] Instructions preview: Code Path: /home/paule/MAD
Context File: /home/paule/MAD/.mad/CONTEXT.md

Write tests for the following implemented feature.

Feature: consolidate-phase-execution

Test Spec (behaviors to verify):
{
 ...
2026-03-07 09:49:32,883 INFO Starting kilo in cwd=/home/paule/MAD with cmd: ['kilo', 'run', '--auto', 'Read /home/paule/MAD/.tmp/consolidate-phase-execution.instructions and follow the instructions exactly.']
2026-03-07 09:49:32,883 INFO status.feature_slug = 'consolidate-phase-execution'
2026-03-07 09:49:32,884 INFO Logging to: /home/paule/MAD/logs/kilo-consolidate-phase-execution-1772905772.log
2026-03-07 09:53:38,131 INFO Server connection lost, will reconnect...
2026-03-07 09:53:38,144 WARNING Failed to push state: no close frame received or sent
2026-03-07 09:53:39,477 INFO Connected to server as 'wsl-mad-cwd'
2026-03-07 09:53:44,492 INFO [runner] Received DONE signal
2026-03-07 09:53:44,794 INFO [runner] Read 4419 chars from output file
2026-03-07 09:53:44,796 INFO Tests written. Feature moved to review.
2026-03-07 09:53:44,796 INFO [bold blue]Reviewing:[/bold blue] consolidate-phase-execution
2026-03-07 09:53:44,798 INFO [runner] Wrote instructions for 'consolidate-phase-execution': 61598 chars
2026-03-07 09:53:44,799 INFO [runner] Instructions preview: Code Path: /home/paule/MAD
Context File: /home/paule/MAD/.mad/CONTEXT.md

You are a senior code reviewer tasked with critically evaluating an implementation.

## Feature: consolidate-phase-execution

...
2026-03-07 09:53:44,799 INFO Starting kilo in cwd=/home/paule/MAD with cmd: ['kilo', 'run', '--auto', 'Read /home/paule/MAD/.tmp/consolidate-phase-execution.instructions and follow the instructions exactly.']
2026-03-07 09:53:44,800 INFO status.feature_slug = 'consolidate-phase-execution'
2026-03-07 09:53:44,800 INFO Logging to: /home/paule/MAD/logs/kilo-consolidate-phase-execution-1772906024.log
2026-03-07 09:55:44,024 INFO [runner] Read 4419 chars from output file
2026-03-07 09:55:44,026 INFO Review verdict: FAIL
2026-03-07 09:55:44,026 INFO Review feedback: {
  "feature": "consolidate-phase-execution",
  "test_results": {
    "total_tests": 59,
    "passed...
2026-03-07 09:55:44,028 INFO Review FAILED. Feature moved back to implementing.
2026-03-07 09:55:44,028 INFO [bold blue]Writing Tests:[/bold blue] consolidate-phase-execution
2026-03-07 09:55:44,029 INFO [testing] Running: consolidate-phase-execution
2026-03-07 09:55:44,030 INFO [runner] Wrote instructions for 'consolidate-phase-execution': 38909 chars
2026-03-07 09:55:44,030 INFO [runner] Instructions preview: Code Path: /home/paule/MAD
Context File: /home/paule/MAD/.mad/CONTEXT.md

Write tests for the following implemented feature.

Feature: consolidate-phase-execution

Test Spec (behaviors to verify):
{
 ...
2026-03-07 09:55:44,032 INFO Starting kilo in cwd=/home/paule/MAD with cmd: ['kilo', 'run', '--auto', 'Read /home/paule/MAD/.tmp/consolidate-phase-execution.instructions and follow the instructions exactly.']
2026-03-07 09:55:44,032 INFO status.feature_slug = 'consolidate-phase-execution'
2026-03-07 09:55:44,033 INFO Logging to: /home/paule/MAD/logs/kilo-consolidate-phase-execution-1772906144.log
2026-03-07 09:56:12,378 INFO [runner] Read 4419 chars from output file
2026-03-07 09:56:12,379 ERROR [testing] headless() failed for consolidate-phase-execution: kilo exited with code -2.
stderr: [0m
> code · minimax/minimax-m2.5
[0m
[0m→ [0mRead .tmp/consolidate-phase-execution.instructions
[0m✱ [0mGlob "/home/paule/MAD/pipeline/test*.py"[90m 0 matches[0m
[0m
[0m$ [0mls -la /home/paule/MAD/pipeline/
total 628
drwxr-xr-x  5 paule paule   4096 Mar  7 09:15 .
drwxr-xr-x 11 paule paule   4096 Mar  6 23:43 ..
drwxr-xr-x  3 paule paule   4096 Mar  4 20:49 .pytest_cache
-rw-r--r--  1 paule paule     79 Mar  4 14:33 __init__.py
drwxr-xr-x  2 paule paule   4096 Mar  7 09:53 __pycache_
2026-03-07 09:56:13,919 INFO Connected to server as 'wsl-mad-cwd'
2026-03-07 09:59:45,978 INFO Connected to server as 'wsl-mad-cwd'
2026-03-07 09:59:58,845 INFO [bold blue]Writing Tests:[/bold blue] consolidate-phase-execution
2026-03-07 09:59:58,846 INFO [testing] Running: consolidate-phase-execution
2026-03-07 09:59:58,847 INFO [runner] Wrote instructions for 'consolidate-phase-execution': 38909 chars
2026-03-07 09:59:58,847 INFO [runner] Instructions preview: Code Path: /home/paule/MAD
Context File: /home/paule/MAD/.mad/CONTEXT.md

Write tests for the following implemented feature.

Feature: consolidate-phase-execution

Test Spec (behaviors to verify):
{
 ...
2026-03-07 09:59:58,848 INFO Starting kilo in cwd=/home/paule/MAD with cmd: ['kilo', 'run', '--auto', 'Read /home/paule/MAD/.tmp/consolidate-phase-execution.instructions and follow the instructions exactly.']
2026-03-07 09:59:58,848 INFO status.feature_slug = 'consolidate-phase-execution'
2026-03-07 09:59:58,848 INFO Logging to: /home/paule/MAD/logs/kilo-consolidate-phase-execution-1772906398.log
2026-03-07 10:01:41,726 INFO [runner] Received DONE signal
2026-03-07 10:01:42,001 INFO [runner] Read 4419 chars from output file
2026-03-07 10:01:42,003 INFO Tests written. Feature moved to review.
2026-03-07 10:01:42,003 INFO [bold blue]Reviewing:[/bold blue] consolidate-phase-execution
2026-03-07 10:01:42,005 INFO [runner] Wrote instructions for 'consolidate-phase-execution': 70478 chars
2026-03-07 10:01:42,005 INFO [runner] Instructions preview: Code Path: /home/paule/MAD
Context File: /home/paule/MAD/.mad/CONTEXT.md

You are a senior code reviewer tasked with critically evaluating an implementation.

## Feature: consolidate-phase-execution

...
2026-03-07 10:01:42,006 INFO Starting kilo in cwd=/home/paule/MAD with cmd: ['kilo', 'run', '--auto', 'Read /home/paule/MAD/.tmp/consolidate-phase-execution.instructions and follow the instructions exactly.']
2026-03-07 10:01:42,006 INFO status.feature_slug = 'consolidate-phase-execution'
2026-03-07 10:01:42,006 INFO Logging to: /home/paule/MAD/logs/kilo-consolidate-phase-execution-1772906502.log
2026-03-07 10:02:41,191 INFO Server connection lost, will reconnect...
2026-03-07 10:02:42,391 WARNING Failed to connect to server: server rejected WebSocket connection: HTTP 502
2026-03-07 10:02:44,577 WARNING Failed to connect to server: server rejected WebSocket connection: HTTP 502
2026-03-07 10:02:48,814 INFO Connected to server as 'wsl-mad-cwd'
2026-03-07 10:02:49,700 INFO Server connection lost, will reconnect...
2026-03-07 10:02:51,002 INFO Connected to server as 'wsl-mad-cwd'
2026-03-07 10:04:59,422 INFO [runner] Received DONE signal
2026-03-07 10:04:59,707 INFO [runner] Read 896 chars from output file
2026-03-07 10:04:59,708 INFO Review verdict: FAIL
2026-03-07 10:04:59,708 INFO Review feedback: run_planning uses _load_prompt() instead of _build_prompt() - spec requires '_build_prompt() for tem...
2026-03-07 10:04:59,709 INFO Review FAILED. Feature moved back to implementing.
2026-03-07 10:04:59,709 INFO [bold blue]Writing Tests:[/bold blue] consolidate-phase-execution
2026-03-07 10:04:59,710 INFO [testing] Running: consolidate-phase-execution
2026-03-07 10:04:59,711 INFO [runner] Wrote instructions for 'consolidate-phase-execution': 44208 chars
2026-03-07 10:04:59,711 INFO [runner] Instructions preview: Code Path: /home/paule/MAD
Context File: /home/paule/MAD/.mad/CONTEXT.md

Write tests for the following implemented feature.

Feature: consolidate-phase-execution

Test Spec (behaviors to verify):
{
 ...
2026-03-07 10:04:59,712 INFO Starting kilo in cwd=/home/paule/MAD with cmd: ['kilo', 'run', '--auto', 'Read /home/paule/MAD/.tmp/consolidate-phase-execution.instructions and follow the instructions exactly.']
2026-03-07 10:04:59,712 INFO status.feature_slug = 'consolidate-phase-execution'
2026-03-07 10:04:59,712 INFO Logging to: /home/paule/MAD/logs/kilo-consolidate-phase-execution-1772906699.log
2026-03-07 10:07:01,555 INFO [runner] Read 896 chars from output file
2026-03-07 10:07:01,555 ERROR [testing] headless() failed for consolidate-phase-execution: kilo exited with code -2.
stderr: [0m
> code · minimax/minimax-m2.5
[0m
[0m→ [0mRead .tmp/consolidate-phase-execution.instructions
[0m✱ [0mGlob "**/test_consolidate_phase_execution.py"[90m 1 match[0m
[0m✱ [0mGlob "**/phases.py"[90m 1 match[0m
[0m→ [0mRead pipeline/test_consolidate_phase_execution.py
[0m→ [0mRead pipeline/phases.py
[0m✱ [0mGlob "**/prompts/*.md"[90m 11 matches[0m
[0m→ [0mRead pipeline/prompts/plan-headless.md
[0m→ [0mRead pipeline/prompts/review-plan.md
[0m→ [0mRead pipeline/prompts/revi
2026-03-07 10:12:49,237 INFO Connected to server as 'wsl-mad-cwd'
2026-03-07 10:13:08,971 INFO [auto-impl] Checking boards: ['mad']
2026-03-07 10:13:08,971 INFO [auto-impl] Board 'mad', stage 'review': 1 features
2026-03-07 10:13:08,971 INFO [auto-impl] Starting: consolidate-phase-execution (review)
2026-03-07 10:13:08,990 INFO [bold blue]Reviewing:[/bold blue] consolidate-phase-execution
2026-03-07 10:13:08,993 INFO [runner] Wrote instructions for 'consolidate-phase-execution': 71338 chars
2026-03-07 10:13:08,993 INFO [runner] Instructions preview: Code Path: /home/paule/MAD
Context File: /home/paule/MAD/.mad/CONTEXT.md

You are a senior code reviewer tasked with critically evaluating an implementation.

## Feature: consolidate-phase-execution

...
2026-03-07 10:13:08,994 INFO Starting kilo in cwd=/home/paule/MAD with cmd: ['kilo', 'run', '--auto', 'Read /home/paule/MAD/.tmp/consolidate-phase-execution.instructions and follow the instructions exactly.']
2026-03-07 10:13:08,994 INFO status.feature_slug = 'consolidate-phase-execution'
2026-03-07 10:13:08,994 INFO Logging to: /home/paule/MAD/logs/kilo-consolidate-phase-execution-1772907188.log
2026-03-07 10:13:11,281 INFO [runner] Interactive instructions for 'ideas': 634 chars
2026-03-07 10:13:11,281 INFO [runner] Instructions preview: Code Path: /home/paule/MAD
Context File: /home/paule/MAD/.mad/CONTEXT.md

**Feature Iteration: kill-hung-agent**

The feature file is at: `kill-hung-agent.json`

**Current Description:**
Need a way to...
2026-03-07 10:15:59,401 INFO [runner] Read 896 chars from output file
2026-03-07 10:15:59,407 INFO Review verdict: FAIL
2026-03-07 10:15:59,407 INFO Review feedback: run_planning uses _load_prompt() instead of _build_prompt() - spec requires '_build_prompt() for tem...
2026-03-07 10:15:59,415 INFO Review FAILED. Feature moved back to implementing.
2026-03-07 10:17:15,717 INFO [auto-impl] Skipping - implementation already in progress
2026-03-07 10:17:15,747 INFO Server connection lost, will reconnect...
2026-03-07 10:17:15,776 WARNING Failed to push state: no close frame received or sent
2026-03-07 10:17:15,776 WARNING Failed to push state: no close frame received or sent
2026-03-07 10:17:17,009 INFO Connected to server as 'wsl-mad-cwd'
2026-03-07 10:17:28,952 INFO [auto-impl] Checking boards: ['mad']
2026-03-07 10:17:28,953 INFO [auto-impl] Board 'mad', stage 'review': 0 features
2026-03-07 10:17:28,953 INFO [auto-impl] Board 'mad', stage 'testing': 0 features
2026-03-07 10:17:28,954 INFO [auto-impl] Board 'mad', stage 'implementing': 1 features
2026-03-07 10:17:28,954 INFO [auto-impl] Starting: consolidate-phase-execution (implementing)
2026-03-07 10:17:28,977 INFO [bold blue]Implementing:[/bold blue] consolidate-phase-execution
2026-03-07 10:17:28,978 INFO [implementing] Starting: consolidate-phase-execution
2026-03-07 10:17:28,980 INFO [implementing] Running: consolidate-phase-execution
2026-03-07 10:17:28,981 INFO [runner] Wrote instructions for 'consolidate-phase-execution': 60948 chars
2026-03-07 10:17:28,981 INFO [runner] Instructions preview: Code Path: /home/paule/MAD
Context File: /home/paule/MAD/.mad/CONTEXT.md

Implement the following feature.

Feature: consolidate-phase-execution

Plan:
# Consolidate Phase Execution in phases.py

## P...
2026-03-07 10:17:28,983 INFO Starting kilo in cwd=/home/paule/MAD with cmd: ['kilo', 'run', '--auto', 'Read /home/paule/MAD/.tmp/consolidate-phase-execution.instructions and follow the instructions exactly.']
2026-03-07 10:17:28,983 INFO status.feature_slug = 'consolidate-phase-execution'
2026-03-07 10:17:28,983 INFO Logging to: /home/paule/MAD/logs/kilo-consolidate-phase-execution-1772907448.log
2026-03-07 10:17:39,047 INFO [auto-impl] Skipping - implementation already in progress
2026-03-07 10:17:48,961 INFO [auto-impl] Skipping - implementation already in progress
2026-03-07 10:17:58,959 INFO [auto-impl] Skipping - implementation already in progress
2026-03-07 10:18:08,952 INFO [auto-impl] Skipping - implementation already in progress
2026-03-07 10:18:20,159 INFO [auto-impl] Skipping - implementation already in progress
2026-03-07 10:18:29,677 INFO [auto-impl] Skipping - implementation already in progress
2026-03-07 10:18:56,956 INFO [auto-impl] Skipping - implementation already in progress
2026-03-07 10:21:04,723 INFO Connected to server as 'wsl-mad-cwd'
2026-03-07 10:23:40,595 INFO <rich.panel.Panel object at 0x7aa2f35f9d00>
2026-03-07 10:23:40,596 INFO [bold blue]Implementing:[/bold blue] consolidate-phase-execution
2026-03-07 10:23:40,597 INFO [implementing] Starting: consolidate-phase-execution
2026-03-07 10:23:40,599 INFO [implementing] Running: consolidate-phase-execution
2026-03-07 10:23:40,599 INFO [runner] Wrote instructions for 'consolidate-phase-execution': 61009 chars
2026-03-07 10:23:40,599 INFO [runner] Instructions preview: Code Path: /home/paule/MAD
Context File: /home/paule/MAD/.mad/CONTEXT.md

Implement the following feature.

Feature: consolidate-phase-execution

Plan:
# Consolidate Phase Execution in phases.py

## P...
2026-03-07 10:23:40,600 INFO Starting kilo in cwd=/home/paule/MAD with cmd: ['kilo', 'run', '--auto', 'Read /home/paule/MAD/.tmp/consolidate-phase-execution.instructions and follow the instructions exactly.']
2026-03-07 10:23:40,600 INFO status.feature_slug = 'consolidate-phase-execution'
2026-03-07 10:23:40,600 INFO Logging to: /home/paule/MAD/logs/kilo-consolidate-phase-execution-1772907820.log
2026-03-07 10:26:06,043 INFO [runner] Received DONE signal
2026-03-07 10:26:06,309 INFO [runner] Read 896 chars from output file
2026-03-07 10:26:06,320 WARNING [git] Commit failed: Command '['git', 'add', '-A', '.mad/boards/', '.mad/logs/']' returned non-zero exit status 1.
2026-03-07 10:26:06,320 INFO Implementation done. Feature moved to testing.
2026-03-07 10:26:06,321 INFO [bold blue]Writing Tests:[/bold blue] consolidate-phase-execution
2026-03-07 10:26:06,322 INFO [testing] Running: consolidate-phase-execution
2026-03-07 10:26:06,322 INFO [runner] Wrote instructions for 'consolidate-phase-execution': 16790 chars
2026-03-07 10:26:06,322 INFO [runner] Instructions preview: Code Path: /home/paule/MAD
Context File: /home/paule/MAD/.mad/CONTEXT.md

Write tests for the following implemented feature.

Feature: consolidate-phase-execution

Test Spec (behaviors to verify):
{
 ...
2026-03-07 10:26:06,322 INFO Starting kilo in cwd=/home/paule/MAD with cmd: ['kilo', 'run', '--auto', 'Read /home/paule/MAD/.tmp/consolidate-phase-execution.instructions and follow the instructions exactly.']
2026-03-07 10:26:06,322 INFO status.feature_slug = 'consolidate-phase-execution'
2026-03-07 10:26:06,323 INFO Logging to: /home/paule/MAD/logs/kilo-consolidate-phase-execution-1772907966.log
2026-03-07 10:28:22,081 INFO [runner] Received DONE signal
2026-03-07 10:28:22,350 INFO [runner] Read 5961 chars from output file
2026-03-07 10:28:22,351 INFO Tests written. Feature moved to review.
2026-03-07 10:28:22,352 INFO [bold blue]Reviewing:[/bold blue] consolidate-phase-execution
2026-03-07 10:28:22,353 INFO [runner] Wrote instructions for 'consolidate-phase-execution': 49901 chars
2026-03-07 10:28:22,353 INFO [runner] Instructions preview: Code Path: /home/paule/MAD
Context File: /home/paule/MAD/.mad/CONTEXT.md

You are a senior code reviewer tasked with critically evaluating an implementation.

## Feature: consolidate-phase-execution

...
2026-03-07 10:28:22,353 INFO Starting kilo in cwd=/home/paule/MAD with cmd: ['kilo', 'run', '--auto', 'Read /home/paule/MAD/.tmp/consolidate-phase-execution.instructions and follow the instructions exactly.']
2026-03-07 10:28:22,353 INFO status.feature_slug = 'consolidate-phase-execution'
2026-03-07 10:28:22,354 INFO Logging to: /home/paule/MAD/logs/kilo-consolidate-phase-execution-1772908102.log
2026-03-07 10:28:58,693 INFO [runner] Received DONE signal
2026-03-07 10:28:58,949 INFO [runner] Read 896 chars from output file
2026-03-07 10:28:58,950 INFO Review verdict: FAIL
2026-03-07 10:28:58,950 INFO Review feedback: run_planning uses _load_prompt() instead of _build_prompt() - spec requires '_build_prompt() for tem...
2026-03-07 10:28:58,952 INFO Review FAILED. Feature moved back to implementing.
2026-03-07 10:28:58,952 INFO Review attempt 1/5 failed. Fixing feedback and retrying...
2026-03-07 10:28:58,952 INFO [bold blue]Fixing Review Feedback:[/bold blue] consolidate-phase-execution
2026-03-07 10:28:58,953 INFO [fix_feedback] Running: consolidate-phase-execution
2026-03-07 10:28:58,954 INFO [runner] Wrote instructions for 'consolidate-phase-execution': 70127 chars
2026-03-07 10:28:58,954 INFO [runner] Instructions preview: Code Path: /home/paule/MAD
Context File: /home/paule/MAD/.mad/CONTEXT.md

You are an AI coding agent tasked with fixing specific issues found in a code review.

## Feature: consolidate-phase-execution...
2026-03-07 10:28:58,954 INFO Starting kilo in cwd=/home/paule/MAD with cmd: ['kilo', 'run', '--auto', 'Read /home/paule/MAD/.tmp/consolidate-phase-execution.instructions and follow the instructions exactly.']
2026-03-07 10:28:58,954 INFO status.feature_slug = 'consolidate-phase-execution'
2026-03-07 10:28:58,954 INFO Logging to: /home/paule/MAD/logs/kilo-consolidate-phase-execution-1772908138.log
2026-03-07 10:30:23,001 INFO Server connection lost, will reconnect...
2026-03-07 10:30:24,201 WARNING Failed to connect to server: server rejected WebSocket connection: HTTP 502
2026-03-07 10:30:26,455 WARNING Failed to connect to server: server rejected WebSocket connection: HTTP 502
2026-03-07 10:30:30,764 INFO Connected to server as 'wsl-mad-cwd'
2026-03-07 10:30:32,666 INFO Server connection lost, will reconnect...
2026-03-07 10:30:33,883 INFO Connected to server as 'wsl-mad-cwd'
2026-03-07 10:31:27,204 INFO [runner] Received DONE signal
2026-03-07 10:31:27,507 INFO [runner] Read 880 chars from output file
2026-03-07 10:31:27,511 INFO Feedback fixed. Feature moved to testing.
2026-03-07 10:31:27,511 INFO [bold blue]Reviewing:[/bold blue] consolidate-phase-execution
2026-03-07 10:31:27,512 INFO [runner] Loaded checkpoint for consolidate-phase-execution: 7 completed steps
2026-03-07 10:31:27,512 INFO [runner] Wrote instructions for 'consolidate-phase-execution': 44726 chars
2026-03-07 10:31:27,512 INFO [runner] Instructions preview: Code Path: /home/paule/MAD
Context File: /home/paule/MAD/.mad/CONTEXT.md

You are a senior code reviewer tasked with critically evaluating an implementation.

## Feature: consolidate-phase-execution

...
2026-03-07 10:31:27,512 INFO Starting kilo in cwd=/home/paule/MAD with cmd: ['kilo', 'run', '--auto', 'Read /home/paule/MAD/.tmp/consolidate-phase-execution.instructions and follow the instructions exactly.']
2026-03-07 10:31:27,513 INFO status.feature_slug = 'consolidate-phase-execution'
2026-03-07 10:31:27,513 INFO Logging to: /home/paule/MAD/logs/kilo-consolidate-phase-execution-1772908287.log
2026-03-07 10:32:57,509 INFO [runner] Received DONE signal
2026-03-07 10:32:57,848 INFO [runner] Read 44 chars from output file
2026-03-07 10:32:57,849 INFO Review verdict: PASS
2026-03-07 10:32:57,849 INFO Review feedback:
2026-03-07 10:32:57,850 INFO Review PASSED. Feature moved to final-human-approval.
2026-03-07 10:32:57,850 INFO <rich.panel.Panel object at 0x7aa2f32b0ec0>
2026-03-07 10:33:33,740 INFO Connected to server as 'wsl-mad-cwd'
2026-03-07 10:33:43,484 INFO [auto-plan] Checking boards: ['mad']
2026-03-07 10:33:43,484 INFO [auto-plan] mad: plan-inbox=1, reviewing-plan=0
2026-03-07 10:33:43,484 INFO [auto-plan] Starting: kill-hung-agent (plan-inbox)
2026-03-07 10:33:43,489 INFO [planning] Starting: kill-hung-agent
2026-03-07 10:33:43,512 INFO [runner] Wrote instructions for 'kill-hung-agent': 3056 chars
2026-03-07 10:33:43,512 INFO [runner] Instructions preview: Code Path: /home/paule/MAD
Context File: /home/paule/MAD/.mad/CONTEXT.md

# Design Planning: kill-hung-agent

**Description:** Need a way to kill or restart a hung auto-run agent (plan or implement) t...
2026-03-07 10:33:43,513 INFO Starting claude in cwd=/home/paule/MAD with cmd: ['claude', '-p', 'Read /home/paule/MAD/.tmp/kill-hung-agent.instructions and follow the instructions exactly.', '--dangerously-skip-permissions']
2026-03-07 10:33:43,513 INFO status.feature_slug = 'kill-hung-agent'
2026-03-07 10:33:43,513 INFO Logging to: /home/paule/MAD/logs/claude-kill-hung-agent-1772908423.log
2026-03-07 10:33:53,497 INFO [auto-plan] Skipping - planning already in progress
2026-03-07 10:34:03,455 INFO [auto-plan] Skipping - planning already in progress
2026-03-07 10:34:13,454 INFO [auto-plan] Skipping - planning already in progress
2026-03-07 10:34:23,454 INFO [auto-plan] Skipping - planning already in progress
2026-03-07 10:34:33,448 INFO [auto-plan] Skipping - planning already in progress
2026-03-07 10:34:43,449 INFO [auto-plan] Skipping - planning already in progress
2026-03-07 10:34:53,451 INFO [auto-plan] Skipping - planning already in progress
2026-03-07 10:34:53,451 INFO [auto-impl] Checking boards: ['mad']
2026-03-07 10:34:53,452 INFO [auto-impl] Board 'mad', stage 'review': 0 features
2026-03-07 10:34:53,452 INFO [auto-impl] Board 'mad', stage 'testing': 0 features
2026-03-07 10:34:53,453 INFO [auto-impl] Board 'mad', stage 'implementing': 0 features
2026-03-07 10:34:53,453 INFO [auto-impl] Board 'mad', stage 'spec-writing': 0 features
2026-03-07 10:34:53,454 INFO [auto-impl] Board 'mad', stage 'approved': 1 features
2026-03-07 10:34:53,454 INFO [auto-impl] Starting: specific-review-slots (approved)
2026-03-07 10:34:53,472 INFO [bold blue]Spec Writing:[/bold blue] specific-review-slots
2026-03-07 10:34:53,472 INFO [spec-writing] Starting: specific-review-slots
2026-03-07 10:34:53,476 INFO [spec_writing] Running: specific-review-slots
2026-03-07 10:34:53,477 INFO [runner] Loaded checkpoint for specific-review-slots: 9 completed steps
2026-03-07 10:34:53,477 INFO [runner] Wrote instructions for 'specific-review-slots': 12166 chars
2026-03-07 10:34:53,477 INFO [runner] Instructions preview: Code Path: /home/paule/MAD
Context File: /home/paule/MAD/.mad/CONTEXT.md

You are an implementer breaking down a feature plan into concrete coding tasks.

Feature: specific-review-slots

Plan:
# Plan:...
2026-03-07 10:34:53,478 INFO Starting kilo in cwd=/home/paule/MAD with cmd: ['kilo', 'run', '--auto', 'Read /home/paule/MAD/.tmp/specific-review-slots.instructions and follow the instructions exactly.']
2026-03-07 10:34:53,478 INFO status.feature_slug = 'specific-review-slots'
2026-03-07 10:34:53,478 INFO Logging to: /home/paule/MAD/logs/kilo-specific-review-slots-1772908493.log
2026-03-07 10:35:03,488 INFO [auto-plan] Skipping - planning already in progress
2026-03-07 10:35:03,489 INFO [auto-impl] Skipping - implementation already in progress
2026-03-07 10:35:13,448 INFO [auto-plan] Skipping - planning already in progress
2026-03-07 10:35:13,448 INFO [auto-impl] Skipping - implementation already in progress
2026-03-07 10:35:23,449 INFO [auto-plan] Skipping - planning already in progress
2026-03-07 10:35:23,449 INFO [auto-impl] Skipping - implementation already in progress
2026-03-07 10:35:28,214 INFO [runner] Received DONE signal
2026-03-07 10:35:28,608 INFO [runner] Read 4365 chars from output file
2026-03-07 10:35:28,608 INFO Planning output length: 4365 chars
2026-03-07 10:35:28,609 INFO Matched JSON: {
  "questions": [],
  "plan": "# Kill/Restart Hung Agent Feature\n\n## Overview\nAdd the ability to detect, visually indicate, and kill/restart hung auto-run agents (plan or implement) from the TUI.\...
2026-03-07 10:35:28,609 INFO Parsed JSON keys: ['questions', 'plan']
2026-03-07 10:35:28,610 INFO Plan generated. Feature moved to reviewing-plan.
2026-03-07 10:35:28,610 INFO [bold blue]Reviewing Plan:[/bold blue] kill-hung-agent
2026-03-07 10:35:28,611 INFO [plan-review] Starting: kill-hung-agent
2026-03-07 10:35:28,612 INFO [runner] Loaded checkpoint for kill-hung-agent: 6 completed steps
2026-03-07 10:35:28,613 INFO [runner] Wrote instructions for 'kill-hung-agent': 6923 chars
2026-03-07 10:35:28,613 INFO [runner] Instructions preview: Code Path: /home/paule/MAD
Context File: /home/paule/MAD/.mad/CONTEXT.md

You are a senior software architect reviewing a feature plan.

## Feature: kill-hung-agent

### Original Description:
Need a w...
2026-03-07 10:35:28,613 INFO Starting kilo in cwd=/home/paule/MAD with cmd: ['kilo', 'run', '--auto', 'Read /home/paule/MAD/.tmp/kill-hung-agent.instructions and follow the instructions exactly.']
2026-03-07 10:35:28,613 INFO status.feature_slug = 'kill-hung-agent'
2026-03-07 10:35:28,614 INFO Logging to: /home/paule/MAD/logs/kilo-kill-hung-agent-1772908528.log
2026-03-07 10:35:33,485 INFO [auto-plan] Skipping - planning already in progress
2026-03-07 10:35:33,485 INFO [auto-impl] Skipping - implementation already in progress
2026-03-07 10:35:43,447 INFO [auto-plan] Skipping - planning already in progress
2026-03-07 10:35:43,447 INFO [auto-impl] Skipping - implementation already in progress
2026-03-07 10:35:53,446 INFO [auto-plan] Skipping - planning already in progress
2026-03-07 10:35:53,446 INFO [auto-impl] Skipping - implementation already in progress
2026-03-07 10:35:58,688 INFO [runner] Received DONE signal
2026-03-07 10:35:58,974 INFO [runner] Read 6778 chars from output file
2026-03-07 10:35:58,978 INFO [spec_writing] Running: specific-review-slots
2026-03-07 10:35:58,979 INFO [runner] Loaded checkpoint for specific-review-slots: 9 completed steps
2026-03-07 10:35:58,979 INFO [runner] Wrote instructions for 'specific-review-slots': 12464 chars
2026-03-07 10:35:58,980 INFO [runner] Instructions preview: Code Path: /home/paule/MAD
Context File: /home/paule/MAD/.mad/CONTEXT.md

You are a QA engineer writing a test specification from a feature plan.

## Feature: specific-review-slots

### Plan:
# Plan: ...
2026-03-07 10:35:58,981 INFO Starting kilo in cwd=/home/paule/MAD with cmd: ['kilo', 'run', '--auto', 'Read /home/paule/MAD/.tmp/specific-review-slots.instructions and follow the instructions exactly.']
2026-03-07 10:35:58,981 INFO status.feature_slug = 'specific-review-slots'
2026-03-07 10:35:58,981 INFO Logging to: /home/paule/MAD/logs/kilo-specific-review-slots-1772908558.log
2026-03-07 10:36:03,490 INFO [auto-plan] Skipping - planning already in progress
2026-03-07 10:36:03,490 INFO [auto-impl] Skipping - implementation already in progress
2026-03-07 10:36:05,641 INFO Created new idea: new-idea-client-specific (12d337db) in board mad
2026-03-07 10:36:13,489 INFO [auto-plan] Skipping - planning already in progress
2026-03-07 10:36:13,490 INFO [auto-impl] Skipping - implementation already in progress
2026-03-07 10:36:19,442 WARNING Error handling move_feature: The `call_from_thread` method must run in a different thread from the app
2026-03-07 10:36:23,441 INFO [auto-plan] Skipping - planning already in progress
2026-03-07 10:36:23,442 INFO [auto-impl] Skipping - implementation already in progress
2026-03-07 10:36:33,440 INFO [auto-plan] Skipping - planning already in progress
2026-03-07 10:36:33,440 INFO [auto-impl] Skipping - implementation already in progress
2026-03-07 10:36:43,441 INFO [auto-plan] Skipping - planning already in progress
2026-03-07 10:36:43,441 INFO [auto-impl] Skipping - implementation already in progress
2026-03-07 10:36:53,440 INFO [auto-plan] Skipping - planning already in progress
2026-03-07 10:36:53,440 INFO [auto-impl] Skipping - implementation already in progress
2026-03-07 10:36:59,617 INFO Created new idea: bug-approving-idea-from-webui-doesn't-work (7f7e0c4e) in board mad
2026-03-07 10:37:03,531 INFO [auto-plan] Skipping - planning already in progress
2026-03-07 10:37:03,532 INFO [auto-impl] Skipping - implementation already in progress
2026-03-07 10:37:13,441 INFO [auto-plan] Skipping - planning already in progress
2026-03-07 10:37:13,441 INFO [auto-impl] Skipping - implementation already in progress
2026-03-07 10:37:20,601 INFO [runner] Read 8363 chars from output file
2026-03-07 10:37:20,604 INFO Specs generated. Feature moved to implementing.
2026-03-07 10:37:20,611 INFO [bold blue]Implementing:[/bold blue] specific-review-slots
2026-03-07 10:37:20,612 INFO [implementing] Starting: specific-review-slots
2026-03-07 10:37:20,614 INFO [implementing] Running: specific-review-slots
2026-03-07 10:37:20,615 INFO [runner] Wrote instructions for 'specific-review-slots': 27671 chars
2026-03-07 10:37:20,615 INFO [runner] Instructions preview: Code Path: /home/paule/MAD
Context File: /home/paule/MAD/.mad/CONTEXT.md

Implement the following feature.

Feature: specific-review-slots

Plan:
# Plan: Add Dedicated Review Slots (plan_reviews / imp...
2026-03-07 10:37:20,616 INFO Starting claude in cwd=/home/paule/MAD with cmd: ['claude', '-p', 'Read /home/paule/MAD/.tmp/specific-review-slots.instructions and follow the instructions exactly.', '--dangerously-skip-permissions']
2026-03-07 10:37:20,616 INFO status.feature_slug = 'specific-review-slots'
2026-03-07 10:37:20,616 INFO Logging to: /home/paule/MAD/logs/claude-specific-review-slots-1772908640.log
2026-03-07 10:37:23,486 INFO [auto-plan] Skipping - planning already in progress
2026-03-07 10:37:23,486 INFO [auto-impl] Skipping - implementation already in progress
2026-03-07 10:37:31,145 INFO [runner] Received DONE signal
2026-03-07 10:37:31,427 INFO [runner] Read 1237 chars from output file
2026-03-07 10:37:33,466 INFO [auto-plan] Checking boards: ['mad']
2026-03-07 10:37:33,467 INFO [auto-plan] mad: plan-inbox=1, reviewing-plan=0
2026-03-07 10:37:33,467 INFO [auto-plan] Starting: kill-hung-agent (plan-inbox)
2026-03-07 10:37:33,469 INFO [auto-impl] Skipping - implementation already in progress
2026-03-07 10:37:33,478 INFO [planning] Starting: kill-hung-agent
2026-03-07 10:37:33,503 INFO [runner] Loaded checkpoint for kill-hung-agent: 6 completed steps
2026-03-07 10:37:33,504 INFO [runner] Wrote instructions for 'kill-hung-agent': 6594 chars
2026-03-07 10:37:33,504 INFO [runner] Instructions preview: Code Path: /home/paule/MAD
Context File: /home/paule/MAD/.mad/CONTEXT.md

# Design Planning: kill-hung-agent

**Description:** Need a way to kill or restart a hung auto-run agent (plan or implement) t...
2026-03-07 10:37:33,505 INFO Starting claude in cwd=/home/paule/MAD with cmd: ['claude', '-p', 'Read /home/paule/MAD/.tmp/kill-hung-agent.instructions and follow the instructions exactly.', '--dangerously-skip-permissions']
2026-03-07 10:37:33,505 INFO status.feature_slug = 'kill-hung-agent'
2026-03-07 10:37:33,506 INFO Logging to: /home/paule/MAD/logs/claude-kill-hung-agent-1772908653.log
2026-03-07 10:37:43,482 INFO [auto-plan] Skipping - planning already in progress
2026-03-07 10:37:43,482 INFO [auto-impl] Skipping - implementation already in progress
2026-03-07 10:37:53,435 INFO [auto-plan] Skipping - planning already in progress
2026-03-07 10:37:53,435 INFO [auto-impl] Skipping - implementation already in progress
2026-03-07 10:38:03,434 INFO [auto-plan] Skipping - planning already in progress
2026-03-07 10:38:03,435 INFO [auto-impl] Skipping - implementation already in progress
2026-03-07 10:38:08,451 INFO Created new idea: bug-after-creating-new-idea-button-hangs (b2246771) in board mad
2026-03-07 10:38:13,482 INFO [auto-plan] Skipping - planning already in progress
2026-03-07 10:38:13,482 INFO [auto-impl] Skipping - implementation already in progress
2026-03-07 10:38:23,432 INFO [auto-plan] Skipping - planning already in progress
2026-03-07 10:38:23,432 INFO [auto-impl] Skipping - implementation already in progress
2026-03-07 10:38:31,304 INFO Created new idea: edit-ideas-from-webui (96242379) in board mad
2026-03-07 10:38:33,481 INFO [auto-plan] Skipping - planning already in progress
2026-03-07 10:38:33,481 INFO [auto-impl] Skipping - implementation already in progress
2026-03-07 10:38:43,431 INFO [auto-plan] Skipping - planning already in progress
2026-03-07 10:38:43,431 INFO [auto-impl] Skipping - implementation already in progress
2026-03-07 10:38:53,432 INFO [auto-plan] Skipping - planning already in progress
2026-03-07 10:38:53,432 INFO [auto-impl] Skipping - implementation already in progress
2026-03-07 10:39:03,424 INFO [auto-plan] Skipping - planning already in progress
2026-03-07 10:39:03,424 INFO [auto-impl] Skipping - implementation already in progress
2026-03-07 10:39:13,425 INFO [auto-plan] Skipping - planning already in progress
2026-03-07 10:39:13,425 INFO [auto-impl] Skipping - implementation already in progress
2026-03-07 10:39:23,537 INFO [auto-plan] Skipping - planning already in progress
2026-03-07 10:39:23,537 INFO [auto-impl] Skipping - implementation already in progress
2026-03-07 10:39:33,468 INFO [auto-plan] Skipping - planning already in progress
2026-03-07 10:39:33,468 INFO [auto-impl] Skipping - implementation already in progress
2026-03-07 10:39:43,467 INFO [auto-plan] Skipping - planning already in progress
2026-03-07 10:39:43,467 INFO [auto-impl] Skipping - implementation already in progress
2026-03-07 10:39:53,422 INFO [auto-plan] Skipping - planning already in progress
2026-03-07 10:39:53,422 INFO [auto-impl] Skipping - implementation already in progress
2026-03-07 10:40:03,421 INFO [auto-plan] Skipping - planning already in progress
2026-03-07 10:40:03,422 INFO [auto-impl] Skipping - implementation already in progress
2026-03-07 10:40:13,424 INFO [auto-plan] Skipping - planning already in progress
2026-03-07 10:40:13,424 INFO [auto-impl] Skipping - implementation already in progress
2026-03-07 10:40:23,423 INFO [auto-plan] Skipping - planning already in progress
2026-03-07 10:40:23,423 INFO [auto-impl] Skipping - implementation already in progress
2026-03-07 10:40:26,512 INFO [runner] Received DONE signal
2026-03-07 10:40:27,032 INFO [runner] Read 9391 chars from output file
2026-03-07 10:40:27,032 INFO Planning output length: 9391 chars
2026-03-07 10:40:27,032 INFO Matched JSON: {
  "questions": [],
  "plan": "# Kill Hung Agent — Implementation Plan\n\nThis plan adds the ability to detect stale agents, kill them, and optionally restart them from the TUI.\n\n## Overview\n\n###...
2026-03-07 10:40:27,032 INFO Parsed JSON keys: ['questions', 'plan']
2026-03-07 10:40:27,035 INFO Plan generated. Feature moved to reviewing-plan.
2026-03-07 10:40:27,035 INFO [bold blue]Reviewing Plan:[/bold blue] kill-hung-agent
2026-03-07 10:40:27,035 INFO [plan-review] Starting: kill-hung-agent
2026-03-07 10:40:27,037 INFO [runner] Loaded checkpoint for kill-hung-agent: 11 completed steps
2026-03-07 10:40:27,038 INFO [runner] Wrote instructions for 'kill-hung-agent': 12147 chars
2026-03-07 10:40:27,038 INFO [runner] Instructions preview: Code Path: /home/paule/MAD
Context File: /home/paule/MAD/.mad/CONTEXT.md

You are a senior software architect reviewing a feature plan.

## Feature: kill-hung-agent

### Original Description:
Need a w...
2026-03-07 10:40:27,038 INFO Starting kilo in cwd=/home/paule/MAD with cmd: ['kilo', 'run', '--auto', 'Read /home/paule/MAD/.tmp/kill-hung-agent.instructions and follow the instructions exactly.']
2026-03-07 10:40:27,039 INFO status.feature_slug = 'kill-hung-agent'
2026-03-07 10:40:27,039 INFO Logging to: /home/paule/MAD/logs/kilo-kill-hung-agent-1772908827.log
2026-03-07 10:40:33,465 INFO [auto-plan] Skipping - planning already in progress
2026-03-07 10:40:33,465 INFO [auto-impl] Skipping - implementation already in progress
2026-03-07 10:40:43,420 INFO [auto-plan] Skipping - planning already in progress
2026-03-07 10:40:43,420 INFO [auto-impl] Skipping - implementation already in progress
2026-03-07 10:40:50,604 INFO [runner] Received DONE signal
2026-03-07 10:40:51,501 INFO [runner] Read 2421 chars from output file
2026-03-07 10:40:51,519 WARNING [git] Commit failed: Command '['git', 'add', '-A', '.mad/boards/', '.mad/logs/']' returned non-zero exit status 1.
2026-03-07 10:40:51,519 INFO Implementation done. Feature moved to testing.
2026-03-07 10:40:51,528 INFO [bold blue]Writing Tests:[/bold blue] specific-review-slots
2026-03-07 10:40:51,531 INFO [testing] Running: specific-review-slots
2026-03-07 10:40:51,532 INFO [runner] Wrote instructions for 'specific-review-slots': 12339 chars
2026-03-07 10:40:51,532 INFO [runner] Instructions preview: Code Path: /home/paule/MAD
Context File: /home/paule/MAD/.mad/CONTEXT.md

Write tests for the following implemented feature.

Feature: specific-review-slots

Test Spec (behaviors to verify):
## Test S...
2026-03-07 10:40:51,533 INFO Starting kilo in cwd=/home/paule/MAD with cmd: ['kilo', 'run', '--auto', 'Read /home/paule/MAD/.tmp/specific-review-slots.instructions and follow the instructions exactly.']
2026-03-07 10:40:51,533 INFO status.feature_slug = 'specific-review-slots'
2026-03-07 10:40:51,533 INFO Logging to: /home/paule/MAD/logs/kilo-specific-review-slots-1772908851.log
2026-03-07 10:40:53,469 INFO [auto-plan] Skipping - planning already in progress
2026-03-07 10:40:53,469 INFO [auto-impl] Skipping - implementation already in progress
2026-03-07 10:41:03,417 INFO [auto-plan] Skipping - planning already in progress
2026-03-07 10:41:03,418 INFO [auto-impl] Skipping - implementation already in progress
2026-03-07 10:41:13,414 INFO [auto-plan] Skipping - planning already in progress
2026-03-07 10:41:13,415 INFO [auto-impl] Skipping - implementation already in progress
2026-03-07 10:41:23,415 INFO [auto-plan] Skipping - planning already in progress
2026-03-07 10:41:23,415 INFO [auto-impl] Skipping - implementation already in progress
2026-03-07 10:41:33,413 INFO [auto-plan] Skipping - planning already in progress
2026-03-07 10:41:33,414 INFO [auto-impl] Skipping - implementation already in progress
2026-03-07 10:41:43,413 INFO [auto-plan] Skipping - planning already in progress
2026-03-07 10:41:43,413 INFO [auto-impl] Skipping - implementation already in progress
2026-03-07 10:41:44,671 INFO [runner] Received DONE signal
2026-03-07 10:41:44,947 INFO [runner] Read 44 chars from output file
2026-03-07 10:41:53,468 INFO [auto-plan] Checking boards: ['mad']
2026-03-07 10:41:53,470 INFO [auto-plan] mad: plan-inbox=4, reviewing-plan=0
2026-03-07 10:41:53,470 INFO [auto-plan] Starting: edit-ideas-from-webui (plan-inbox)
2026-03-07 10:41:53,471 INFO [auto-impl] Skipping - implementation already in progress
2026-03-07 10:41:53,560 INFO [planning] Starting: edit-ideas-from-webui
2026-03-07 10:41:53,565 INFO [runner] Wrote instructions for 'edit-ideas-from-webui': 2757 chars
2026-03-07 10:41:53,565 INFO [runner] Instructions preview: Code Path: /home/paule/MAD
Context File: /home/paule/MAD/.mad/CONTEXT.md

# Design Planning: edit-ideas-from-webui

**Description:** I want to be able to edit an idea's description from the webui.

--...
2026-03-07 10:41:53,566 INFO Starting claude in cwd=/home/paule/MAD with cmd: ['claude', '-p', 'Read /home/paule/MAD/.tmp/edit-ideas-from-webui.instructions and follow the instructions exactly.', '--dangerously-skip-permissions']
2026-03-07 10:41:53,567 INFO status.feature_slug = 'edit-ideas-from-webui'
2026-03-07 10:41:53,568 INFO Logging to: /home/paule/MAD/logs/claude-edit-ideas-from-webui-1772908913.log
2026-03-07 10:42:03,459 INFO [auto-plan] Skipping - planning already in progress
2026-03-07 10:42:03,460 INFO [auto-impl] Skipping - implementation already in progress
2026-03-07 10:42:13,404 INFO [auto-plan] Skipping - planning already in progress
2026-03-07 10:42:13,404 INFO [auto-impl] Skipping - implementation already in progress
2026-03-07 10:42:23,407 INFO [auto-plan] Skipping - planning already in progress
2026-03-07 10:42:23,407 INFO [auto-impl] Skipping - implementation already in progress
2026-03-07 10:42:33,398 INFO [auto-plan] Skipping - planning already in progress
2026-03-07 10:42:33,398 INFO [auto-impl] Skipping - implementation already in progress
2026-03-07 10:42:43,396 INFO [auto-plan] Skipping - planning already in progress
2026-03-07 10:42:43,397 INFO [auto-impl] Skipping - implementation already in progress
2026-03-07 10:42:53,397 INFO [auto-plan] Skipping - planning already in progress
2026-03-07 10:42:53,398 INFO [auto-impl] Skipping - implementation already in progress
2026-03-07 10:43:03,393 INFO [auto-plan] Skipping - planning already in progress
2026-03-07 10:43:03,393 INFO [auto-impl] Skipping - implementation already in progress
2026-03-07 10:43:13,393 INFO [auto-plan] Skipping - planning already in progress
2026-03-07 10:43:13,393 INFO [auto-impl] Skipping - implementation already in progress
2026-03-07 10:43:23,392 INFO [auto-plan] Skipping - planning already in progress
2026-03-07 10:43:23,392 INFO [auto-impl] Skipping - implementation already in progress
2026-03-07 10:43:33,377 INFO [auto-impl] Skipping - implementation already in progress
2026-03-07 10:43:43,386 INFO [auto-impl] Skipping - implementation already in progress
2026-03-07 10:43:53,386 INFO [auto-impl] Skipping - implementation already in progress
2026-03-07 10:44:02,559 INFO [runner] Received DONE signal
2026-03-07 10:44:02,890 INFO [runner] Read 3902 chars from output file
2026-03-07 10:44:02,890 INFO Planning output length: 3902 chars
2026-03-07 10:44:02,890 INFO Matched JSON: {
  "questions": [],
  "plan": "## Plan: Edit Idea Description from WebUI\n\nThis feature adds the ability to edit an idea's description directly from the web dashboard. The flow mirrors the existing ...
2026-03-07 10:44:02,890 INFO Parsed JSON keys: ['questions', 'plan']
2026-03-07 10:44:02,893 INFO Plan generated. Feature moved to reviewing-plan.
2026-03-07 10:44:02,893 INFO [bold blue]Reviewing Plan:[/bold blue] edit-ideas-from-webui
2026-03-07 10:44:02,893 INFO [plan-review] Starting: edit-ideas-from-webui
2026-03-07 10:44:02,895 INFO [runner] Loaded checkpoint for edit-ideas-from-webui: 3 completed steps
2026-03-07 10:44:02,895 INFO [runner] Wrote instructions for 'edit-ideas-from-webui': 5769 chars
2026-03-07 10:44:02,896 INFO [runner] Instructions preview: Code Path: /home/paule/MAD
Context File: /home/paule/MAD/.mad/CONTEXT.md

You are a senior software architect reviewing a feature plan.

## Feature: edit-ideas-from-webui

### Original Description:
I ...
2026-03-07 10:44:02,896 INFO Starting kilo in cwd=/home/paule/MAD with cmd: ['kilo', 'run', '--auto', 'Read /home/paule/MAD/.tmp/edit-ideas-from-webui.instructions and follow the instructions exactly.']
2026-03-07 10:44:02,896 INFO status.feature_slug = 'edit-ideas-from-webui'
2026-03-07 10:44:02,897 INFO Logging to: /home/paule/MAD/logs/kilo-edit-ideas-from-webui-1772909042.log
2026-03-07 10:44:03,441 INFO [auto-impl] Skipping - implementation already in progress
2026-03-07 10:44:13,382 INFO [auto-impl] Skipping - implementation already in progress
2026-03-07 10:44:23,384 INFO [auto-impl] Skipping - implementation already in progress
2026-03-07 10:44:33,373 INFO [auto-impl] Skipping - implementation already in progress
2026-03-07 10:44:43,376 INFO [auto-impl] Skipping - implementation already in progress
2026-03-07 10:44:53,375 INFO [auto-impl] Skipping - implementation already in progress
2026-03-07 10:45:03,370 INFO [auto-impl] Skipping - implementation already in progress
2026-03-07 10:45:13,370 INFO [auto-impl] Skipping - implementation already in progress
2026-03-07 10:45:23,371 INFO [auto-impl] Skipping - implementation already in progress
2026-03-07 10:45:33,362 INFO [auto-impl] Skipping - implementation already in progress
2026-03-07 10:45:39,940 INFO [runner] Received DONE signal
2026-03-07 10:45:40,224 INFO [runner] Read 1930 chars from output file
2026-03-07 10:45:40,228 INFO Tests written. Feature moved to review.
2026-03-07 10:45:40,230 INFO [bold blue]Reviewing:[/bold blue] specific-review-slots
2026-03-07 10:45:40,240 INFO [runner] Wrote instructions for 'specific-review-slots': 27781 chars
2026-03-07 10:45:40,240 INFO [runner] Instructions preview: Code Path: /home/paule/MAD
Context File: /home/paule/MAD/.mad/CONTEXT.md

You are a senior code reviewer tasked with critically evaluating an implementation.

## Feature: specific-review-slots

### Or...
2026-03-07 10:45:40,240 INFO Starting kilo in cwd=/home/paule/MAD with cmd: ['kilo', 'run', '--auto', 'Read /home/paule/MAD/.tmp/specific-review-slots.instructions and follow the instructions exactly.']
2026-03-07 10:45:40,240 INFO status.feature_slug = 'specific-review-slots'
2026-03-07 10:45:40,241 INFO Logging to: /home/paule/MAD/logs/kilo-specific-review-slots-1772909140.log
2026-03-07 10:45:43,411 INFO [auto-impl] Skipping - implementation already in progress
2026-03-07 10:45:48,446 INFO [runner] Received DONE signal
2026-03-07 10:45:48,731 INFO [runner] Read 846 chars from output file
2026-03-07 10:45:53,416 INFO [auto-impl] Skipping - implementation already in progress
2026-03-07 10:46:03,360 INFO [auto-impl] Skipping - implementation already in progress
2026-03-07 10:46:13,356 INFO [auto-impl] Skipping - implementation already in progress
2026-03-07 10:46:23,355 INFO [auto-impl] Skipping - implementation already in progress
2026-03-07 10:46:33,357 INFO [auto-impl] Skipping - implementation already in progress
2026-03-07 10:46:43,349 INFO [auto-impl] Skipping - implementation already in progress
2026-03-07 10:46:53,351 INFO [auto-impl] Skipping - implementation already in progress
2026-03-07 10:47:03,341 INFO [auto-impl] Skipping - implementation already in progress
2026-03-07 10:47:13,340 INFO [auto-impl] Skipping - implementation already in progress
2026-03-07 10:47:23,340 INFO [auto-impl] Skipping - implementation already in progress
2026-03-07 10:47:33,332 INFO [auto-impl] Skipping - implementation already in progress
2026-03-07 10:47:43,330 INFO [auto-impl] Skipping - implementation already in progress
2026-03-07 10:47:53,331 INFO [auto-impl] Skipping - implementation already in progress
2026-03-07 10:48:03,330 INFO [auto-impl] Skipping - implementation already in progress
2026-03-07 10:48:13,327 INFO [auto-impl] Skipping - implementation already in progress
2026-03-07 10:48:23,329 INFO [auto-impl] Skipping - implementation already in progress
2026-03-07 10:48:33,325 INFO [auto-impl] Skipping - implementation already in progress
2026-03-07 10:48:43,318 INFO [auto-impl] Skipping - implementation already in progress
2026-03-07 10:48:49,597 INFO [runner] Received DONE signal
2026-03-07 10:48:49,890 INFO [runner] Read 44 chars from output file
2026-03-07 10:48:49,890 INFO Review verdict: PASS
2026-03-07 10:48:49,890 INFO Review feedback:
2026-03-07 10:48:49,897 INFO Review PASSED. Feature moved to final-human-approval.
2026-03-07 10:48:53,352 INFO [auto-impl] Checking boards: ['mad']
2026-03-07 10:48:53,352 INFO [auto-impl] Board 'mad', stage 'review': 0 features
2026-03-07 10:48:53,353 INFO [auto-impl] Board 'mad', stage 'testing': 0 features
2026-03-07 10:48:53,353 INFO [auto-impl] Board 'mad', stage 'implementing': 0 features
2026-03-07 10:48:53,353 INFO [auto-impl] Board 'mad', stage 'spec-writing': 0 features
2026-03-07 10:48:53,353 INFO [auto-impl] Board 'mad', stage 'approved': 1 features
2026-03-07 10:48:53,353 INFO [auto-impl] Starting: kill-hung-agent (approved)
2026-03-07 10:48:53,409 INFO [bold blue]Spec Writing:[/bold blue] kill-hung-agent
2026-03-07 10:48:53,409 INFO [spec-writing] Starting: kill-hung-agent
2026-03-07 10:48:53,411 INFO [spec_writing] Running: kill-hung-agent
2026-03-07 10:48:53,411 INFO [runner] Loaded checkpoint for kill-hung-agent: 11 completed steps
2026-03-07 10:48:53,411 INFO [runner] Wrote instructions for 'kill-hung-agent': 12450 chars
2026-03-07 10:48:53,411 INFO [runner] Instructions preview: Code Path: /home/paule/MAD
Context File: /home/paule/MAD/.mad/CONTEXT.md

You are an implementer breaking down a feature plan into concrete coding tasks.

Feature: kill-hung-agent

Plan:
# Kill Hung A...
2026-03-07 10:48:53,412 INFO Starting claude in cwd=/home/paule/MAD with cmd: ['claude', '-p', 'Read /home/paule/MAD/.tmp/kill-hung-agent.instructions and follow the instructions exactly.', '--dangerously-skip-permissions']
2026-03-07 10:48:53,412 INFO status.feature_slug = 'kill-hung-agent'
2026-03-07 10:48:53,412 INFO Logging to: /home/paule/MAD/logs/claude-kill-hung-agent-1772909333.log
2026-03-07 10:49:01,896 INFO Server connection lost, will reconnect...
2026-03-07 10:49:03,167 WARNING Failed to connect to server: server rejected WebSocket connection: HTTP 502
2026-03-07 10:49:03,353 INFO [auto-impl] Skipping - implementation already in progress
2026-03-07 10:49:05,389 WARNING Failed to connect to server: server rejected WebSocket connection: HTTP 502
2026-03-07 10:49:09,605 WARNING Failed to connect to server: no close frame received or sent
2026-03-07 10:49:13,322 INFO [auto-impl] Skipping - implementation already in progress
2026-03-07 10:49:17,880 INFO Connected to server as 'wsl-mad-cwd'
2026-03-07 10:49:23,322 INFO [auto-impl] Skipping - implementation already in progress
2026-03-07 10:49:33,320 INFO [auto-impl] Skipping - implementation already in progress
2026-03-07 10:49:43,320 INFO [auto-impl] Skipping - implementation already in progress
2026-03-07 10:49:53,321 INFO [auto-impl] Skipping - implementation already in progress
2026-03-07 10:50:03,312 INFO [auto-impl] Skipping - implementation already in progress
2026-03-07 10:50:13,312 INFO [auto-impl] Skipping - implementation already in progress
2026-03-07 10:50:23,317 INFO [auto-impl] Skipping - implementation already in progress
2026-03-07 10:50:33,311 INFO [auto-impl] Skipping - implementation already in progress
2026-03-07 10:50:43,311 INFO [auto-impl] Skipping - implementation already in progress
2026-03-07 10:50:51,089 INFO [runner] Read 44 chars from output file
2026-03-07 10:50:51,089 ERROR [spec_writing] headless() failed for kill-hung-agent: claude exited with code -2.
stderr: (no stderr)
2026-03-07 10:50:54,381 INFO Connected to server as 'wsl-mad-cwd'
2026-03-07 11:04:12,268 INFO Connected to server as 'wsl-mad-cwd'
2026-03-07 11:04:22,615 INFO Connected to server as 'wsl-mad-cwd'
2026-03-07 11:11:43,486 INFO Connected to server as 'wsl-mad-cwd'
2026-03-07 11:14:30,199 INFO Connected to server as 'wsl-mad-cwd'
2026-03-07 11:15:19,947 INFO [auto-plan] Checking boards: ['mad']
2026-03-07 11:15:19,947 INFO [auto-plan] mad: plan-inbox=5, reviewing-plan=0
2026-03-07 11:15:19,947 INFO [auto-plan] Starting: bug - arrow keys don't work (plan-inbox)
2026-03-07 11:15:19,949 INFO [auto-impl] Checking boards: ['mad']
2026-03-07 11:15:19,950 INFO [planning] Starting: bug - arrow keys don't work
2026-03-07 11:15:19,950 INFO [auto-impl] Board 'mad', stage 'review': 0 features
2026-03-07 11:15:19,950 INFO [auto-impl] Board 'mad', stage 'testing': 0 features
2026-03-07 11:15:19,950 INFO [auto-impl] Board 'mad', stage 'implementing': 0 features
2026-03-07 11:15:19,951 INFO [auto-impl] Board 'mad', stage 'spec-writing': 1 features
2026-03-07 11:15:19,951 INFO [auto-impl] Starting: kill-hung-agent (spec-writing)
2026-03-07 11:15:19,954 INFO [planning] Running: bug - arrow keys don't work
2026-03-07 11:15:19,955 INFO [runner] Wrote instructions for 'bug-arrow-keys-dont-work': 2259 chars
2026-03-07 11:15:19,955 INFO [runner] Instructions preview: Code Path: /home/paule/MAD
Context File: /home/paule/MAD/.mad/CONTEXT.md

# Design Planning: bug - arrow keys don't work

**Description:** Arrow keys still don't move items in TUI

---

You are an AI ...
2026-03-07 11:15:19,960 INFO Starting claude in cwd=/home/paule/MAD with cmd: ['claude', '-p', 'Read /home/paule/MAD/.tmp/bug-arrow-keys-dont-work.instructions and follow the instructions exactly.', '--dangerously-skip-permissions']
2026-03-07 11:15:19,960 INFO status.feature_slug = 'bug-arrow-keys-dont-work'
2026-03-07 11:15:19,969 INFO Logging to: /home/paule/MAD/logs/claude-bug-arrow-keys-dont-work-1772910919.log
2026-03-07 11:15:19,970 INFO [bold blue]Spec Writing:[/bold blue] kill-hung-agent
2026-03-07 11:15:19,970 INFO [spec-writing] Starting: kill-hung-agent
2026-03-07 11:15:19,974 INFO [spec_writing] Running: kill-hung-agent
2026-03-07 11:15:19,975 INFO [runner] Loaded checkpoint for kill-hung-agent: 11 completed steps
2026-03-07 11:15:19,976 INFO [runner] Wrote instructions for 'kill-hung-agent': 12012 chars
2026-03-07 11:15:19,976 INFO [runner] Instructions preview: Code Path: /home/paule/MAD
Context File: /home/paule/MAD/.mad/CONTEXT.md

You are an implementer breaking down a feature plan into concrete coding tasks.

Feature: kill-hung-agent

Plan:
# Kill Hung A...
2026-03-07 11:15:19,976 INFO Starting claude in cwd=/home/paule/MAD with cmd: ['claude', '-p', 'Read /home/paule/MAD/.tmp/kill-hung-agent.instructions and follow the instructions exactly.', '--dangerously-skip-permissions']
2026-03-07 11:15:19,976 INFO status.feature_slug = 'kill-hung-agent'
2026-03-07 11:15:19,977 INFO Logging to: /home/paule/MAD/logs/claude-kill-hung-agent-1772910919.log
2026-03-07 11:15:30,005 INFO [auto-plan] Skipping - planning already in progress
2026-03-07 11:15:30,005 INFO [auto-impl] Skipping - implementation already in progress
2026-03-07 11:15:39,951 INFO [auto-plan] Skipping - planning already in progress
2026-03-07 11:15:39,952 INFO [auto-impl] Skipping - implementation already in progress
2026-03-07 11:15:49,952 INFO [auto-plan] Skipping - planning already in progress
2026-03-07 11:15:49,953 INFO [auto-impl] Skipping - implementation already in progress
2026-03-07 11:15:59,950 INFO [auto-plan] Skipping - planning already in progress
2026-03-07 11:15:59,950 INFO [auto-impl] Skipping - implementation already in progress
2026-03-07 11:16:09,952 INFO [auto-plan] Skipping - planning already in progress
2026-03-07 11:16:09,952 INFO [auto-impl] Skipping - implementation already in progress
2026-03-07 11:16:19,949 INFO [auto-plan] Skipping - planning already in progress
2026-03-07 11:16:19,949 INFO [auto-impl] Skipping - implementation already in progress
2026-03-07 11:16:29,945 INFO [auto-plan] Skipping - planning already in progress
2026-03-07 11:16:29,945 INFO [auto-impl] Skipping - implementation already in progress
2026-03-07 11:16:39,943 INFO [auto-plan] Skipping - planning already in progress
2026-03-07 11:16:39,943 INFO [auto-impl] Skipping - implementation already in progress
2026-03-07 11:16:40,461 INFO [runner] Read 1088 chars from output file
2026-03-07 11:16:40,461 INFO [runner] Log file closed
2026-03-07 11:16:40,470 WARNING [git] Commit failed: Command '['git', 'add', '-A', '.mad/boards/', '.mad/logs/']' returned non-zero exit status 1.
2026-03-07 11:16:40,471 INFO Plan generated. Feature moved to reviewing-plan.
2026-03-07 11:16:40,471 INFO [reviewing_plan] Running: bug - arrow keys don't work
2026-03-07 11:16:40,472 INFO [runner] Wrote instructions for 'bug-arrow-keys-dont-work': 2352 chars
2026-03-07 11:16:40,472 INFO [runner] Instructions preview: Code Path: /home/paule/MAD
Context File: /home/paule/MAD/.mad/CONTEXT.md

You are a senior software architect reviewing a feature plan.

## Feature: bug - arrow keys don't work

### Original Descripti...
2026-03-07 11:16:40,473 INFO Starting kilo in cwd=/home/paule/MAD with cmd: ['kilo', 'run', '--auto', 'Read /home/paule/MAD/.tmp/bug-arrow-keys-dont-work.instructions and follow the instructions exactly.']
2026-03-07 11:16:40,473 INFO status.feature_slug = 'bug-arrow-keys-dont-work'
2026-03-07 11:16:40,473 INFO Logging to: /home/paule/MAD/logs/kilo-bug-arrow-keys-dont-work-1772911000.log
2026-03-07 11:16:49,982 INFO [auto-plan] Skipping - planning already in progress
2026-03-07 11:16:49,982 INFO [auto-impl] Skipping - implementation already in progress
2026-03-07 11:16:59,948 INFO [auto-plan] Skipping - planning already in progress
2026-03-07 11:16:59,948 INFO [auto-impl] Skipping - implementation already in progress
2026-03-07 11:17:09,942 INFO [auto-plan] Skipping - planning already in progress
2026-03-07 11:17:09,943 INFO [auto-impl] Skipping - implementation already in progress
2026-03-07 11:17:19,946 INFO [auto-plan] Skipping - planning already in progress
2026-03-07 11:17:19,946 INFO [auto-impl] Skipping - implementation already in progress
2026-03-07 11:17:22,505 INFO [runner] Read 12651 chars from output file
2026-03-07 11:17:22,505 INFO [runner] Log file closed
2026-03-07 11:17:22,507 INFO [spec_writing] Running: kill-hung-agent
2026-03-07 11:17:22,508 INFO [runner] Loaded checkpoint for kill-hung-agent: 8 completed steps
2026-03-07 11:17:22,509 INFO [runner] Wrote instructions for 'kill-hung-agent': 12347 chars
2026-03-07 11:17:22,509 INFO [runner] Instructions preview: Code Path: /home/paule/MAD
Context File: /home/paule/MAD/.mad/CONTEXT.md

You are a QA engineer writing a test specification from a feature plan.

## Feature: kill-hung-agent

### Plan:
# Kill Hung Ag...
2026-03-07 11:17:22,510 INFO Starting claude in cwd=/home/paule/MAD with cmd: ['claude', '-p', 'Read /home/paule/MAD/.tmp/kill-hung-agent.instructions and follow the instructions exactly.', '--dangerously-skip-permissions']
2026-03-07 11:17:22,510 INFO status.feature_slug = 'kill-hung-agent'
2026-03-07 11:17:22,510 INFO Logging to: /home/paule/MAD/logs/claude-kill-hung-agent-1772911042.log
2026-03-07 11:17:22,681 INFO [runner] Read 44 chars from output file
2026-03-07 11:17:22,681 INFO [runner] Log file closed
2026-03-07 11:17:22,692 WARNING [git] Commit failed: Command '['git', 'add', '-A', '.mad/boards/', '.mad/logs/']' returned non-zero exit status 1.
2026-03-07 11:17:29,983 INFO [auto-plan] Checking boards: ['mad']
2026-03-07 11:17:29,985 INFO [auto-plan] mad: plan-inbox=4, reviewing-plan=0
2026-03-07 11:17:29,985 INFO [auto-plan] Starting: edit-ideas-from-webui (plan-inbox)
2026-03-07 11:17:29,986 INFO [auto-impl] Skipping - implementation already in progress
2026-03-07 11:17:30,018 INFO [planning] Starting: edit-ideas-from-webui
2026-03-07 11:17:30,020 INFO [planning] Running: edit-ideas-from-webui
2026-03-07 11:17:30,021 INFO [runner] Loaded checkpoint for edit-ideas-from-webui: 3 completed steps
2026-03-07 11:17:30,022 INFO [runner] Wrote instructions for 'edit-ideas-from-webui': 2837 chars
2026-03-07 11:17:30,022 INFO [runner] Instructions preview: Code Path: /home/paule/MAD
Context File: /home/paule/MAD/.mad/CONTEXT.md

# Design Planning: edit-ideas-from-webui

**Description:** I want to be able to edit an idea's description from the webui.

--...
2026-03-07 11:17:30,023 INFO Starting claude in cwd=/home/paule/MAD with cmd: ['claude', '-p', 'Read /home/paule/MAD/.tmp/edit-ideas-from-webui.instructions and follow the instructions exactly.', '--dangerously-skip-permissions']
2026-03-07 11:17:30,023 INFO status.feature_slug = 'edit-ideas-from-webui'
2026-03-07 11:17:30,024 INFO Logging to: /home/paule/MAD/logs/claude-edit-ideas-from-webui-1772911050.log
2026-03-07 11:17:39,987 INFO [auto-plan] Skipping - planning already in progress
2026-03-07 11:17:39,987 INFO [auto-impl] Skipping - implementation already in progress
2026-03-07 11:17:49,932 INFO [auto-plan] Skipping - planning already in progress
2026-03-07 11:17:49,933 INFO [auto-impl] Skipping - implementation already in progress
2026-03-07 11:17:59,930 INFO [auto-plan] Skipping - planning already in progress
2026-03-07 11:17:59,931 INFO [auto-impl] Skipping - implementation already in progress
2026-03-07 11:18:09,935 INFO [auto-plan] Skipping - planning already in progress
2026-03-07 11:18:09,935 INFO [auto-impl] Skipping - implementation already in progress
2026-03-07 11:18:19,931 INFO [auto-plan] Skipping - planning already in progress
2026-03-07 11:18:19,931 INFO [auto-impl] Skipping - implementation already in progress
2026-03-07 11:18:29,924 INFO [auto-plan] Skipping - planning already in progress
2026-03-07 11:18:29,924 INFO [auto-impl] Skipping - implementation already in progress
2026-03-07 11:18:39,922 INFO [auto-plan] Skipping - planning already in progress
2026-03-07 11:18:39,922 INFO [auto-impl] Skipping - implementation already in progress
2026-03-07 11:18:49,926 INFO [auto-plan] Skipping - planning already in progress
2026-03-07 11:18:49,926 INFO [auto-impl] Skipping - implementation already in progress
2026-03-07 11:18:59,923 INFO [auto-plan] Skipping - planning already in progress
2026-03-07 11:18:59,923 INFO [auto-impl] Skipping - implementation already in progress
2026-03-07 11:19:06,467 INFO [runner] Read 10752 chars from output file
2026-03-07 11:19:06,467 INFO [runner] Log file closed
2026-03-07 11:19:06,480 WARNING [git] Commit failed: Command '['git', 'add', '-A', '.mad/boards/', '.mad/logs/']' returned non-zero exit status 1.
2026-03-07 11:19:06,480 INFO Specs generated. Feature moved to implementing.
2026-03-07 11:19:06,487 INFO [bold blue]Implementing:[/bold blue] kill-hung-agent
2026-03-07 11:19:06,487 INFO [implementing] Starting: kill-hung-agent
2026-03-07 11:19:06,489 INFO [implementing] Running: kill-hung-agent
2026-03-07 11:19:06,491 INFO [runner] Wrote instructions for 'kill-hung-agent': 33591 chars
2026-03-07 11:19:06,491 INFO [runner] Instructions preview: Code Path: /home/paule/MAD
Context File: /home/paule/MAD/.mad/CONTEXT.md

Implement the following feature.

Feature: kill-hung-agent

Plan:
# Kill Hung Agent — Implementation Plan

This plan adds the ...
2026-03-07 11:19:06,491 INFO Starting kilo in cwd=/home/paule/MAD with cmd: ['kilo', 'run', '--auto', 'Read /home/paule/MAD/.tmp/kill-hung-agent.instructions and follow the instructions exactly.']
2026-03-07 11:19:06,491 INFO status.feature_slug = 'kill-hung-agent'
2026-03-07 11:19:06,492 INFO Logging to: /home/paule/MAD/logs/kilo-kill-hung-agent-1772911146.log
2026-03-07 11:19:09,983 INFO [auto-plan] Skipping - planning already in progress
2026-03-07 11:19:09,983 INFO [auto-impl] Skipping - implementation already in progress
2026-03-07 11:19:19,920 INFO [auto-plan] Skipping - planning already in progress
2026-03-07 11:19:19,920 INFO [auto-impl] Skipping - implementation already in progress
2026-03-07 11:19:29,919 INFO [auto-plan] Skipping - planning already in progress
2026-03-07 11:19:29,919 INFO [auto-impl] Skipping - implementation already in progress
2026-03-07 11:19:39,920 INFO [auto-plan] Skipping - planning already in progress
2026-03-07 11:19:39,921 INFO [auto-impl] Skipping - implementation already in progress
2026-03-07 11:19:44,382 INFO [runner] Read 8119 chars from output file
2026-03-07 11:19:44,382 INFO [runner] Log file closed
2026-03-07 11:19:44,397 WARNING [git] Commit failed: Command '['git', 'add', '-A', '.mad/boards/', '.mad/logs/']' returned non-zero exit status 1.
2026-03-07 11:19:44,398 INFO Plan generated. Feature moved to reviewing-plan.
2026-03-07 11:19:44,406 INFO [reviewing_plan] Running: edit-ideas-from-webui
2026-03-07 11:19:44,408 INFO [runner] Wrote instructions for 'edit-ideas-from-webui': 9222 chars
2026-03-07 11:19:44,408 INFO [runner] Instructions preview: Code Path: /home/paule/MAD
Context File: /home/paule/MAD/.mad/CONTEXT.md

You are a senior software architect reviewing a feature plan.

## Feature: edit-ideas-from-webui

### Original Description:
I ...
2026-03-07 11:19:44,408 INFO Starting kilo in cwd=/home/paule/MAD with cmd: ['kilo', 'run', '--auto', 'Read /home/paule/MAD/.tmp/edit-ideas-from-webui.instructions and follow the instructions exactly.']
2026-03-07 11:19:44,408 INFO status.feature_slug = 'edit-ideas-from-webui'
2026-03-07 11:19:44,409 INFO Logging to: /home/paule/MAD/logs/kilo-edit-ideas-from-webui-1772911184.log
2026-03-07 11:19:50,001 INFO [auto-plan] Skipping - planning already in progress
2026-03-07 11:19:50,002 INFO [auto-impl] Skipping - implementation already in progress
2026-03-07 11:19:59,942 INFO [auto-plan] Skipping - planning already in progress
2026-03-07 11:19:59,942 INFO [auto-impl] Skipping - implementation already in progress
2026-03-07 11:20:09,927 INFO [auto-plan] Skipping - planning already in progress
2026-03-07 11:20:09,927 INFO [auto-impl] Skipping - implementation already in progress
2026-03-07 11:20:19,928 INFO [auto-plan] Skipping - planning already in progress
2026-03-07 11:20:19,928 INFO [auto-impl] Skipping - implementation already in progress
2026-03-07 11:20:29,917 INFO [auto-plan] Skipping - planning already in progress
2026-03-07 11:20:29,918 INFO [auto-impl] Skipping - implementation already in progress
2026-03-07 11:20:39,961 INFO [auto-plan] Skipping - planning already in progress
2026-03-07 11:20:39,961 INFO [auto-impl] Skipping - implementation already in progress
2026-03-07 11:20:49,909 INFO [auto-plan] Skipping - planning already in progress
2026-03-07 11:20:49,909 INFO [auto-impl] Skipping - implementation already in progress
2026-03-07 11:20:59,908 INFO [auto-plan] Skipping - planning already in progress
2026-03-07 11:20:59,908 INFO [auto-impl] Skipping - implementation already in progress
2026-03-07 11:21:09,905 INFO [auto-plan] Skipping - planning already in progress
2026-03-07 11:21:09,905 INFO [auto-impl] Skipping - implementation already in progress
2026-03-07 11:21:19,910 INFO [auto-plan] Skipping - planning already in progress
2026-03-07 11:21:19,910 INFO [auto-impl] Skipping - implementation already in progress
2026-03-07 11:21:29,906 INFO [auto-plan] Skipping - planning already in progress
2026-03-07 11:21:29,906 INFO [auto-impl] Skipping - implementation already in progress
2026-03-07 11:21:39,904 INFO [auto-plan] Skipping - planning already in progress
2026-03-07 11:21:39,904 INFO [auto-impl] Skipping - implementation already in progress
2026-03-07 11:21:44,814 INFO [runner] Read 998 chars from output file
2026-03-07 11:21:44,815 INFO [runner] Log file closed
2026-03-07 11:21:44,831 WARNING [git] Commit failed: Command '['git', 'add', '-A', '.mad/boards/', '.mad/logs/']' returned non-zero exit status 1.
2026-03-07 11:21:49,949 INFO [auto-plan] Checking boards: ['mad']
2026-03-07 11:21:49,950 INFO [auto-plan] mad: plan-inbox=4, reviewing-plan=0
2026-03-07 11:21:49,950 INFO [auto-plan] Starting: edit-ideas-from-webui (plan-inbox)
2026-03-07 11:21:49,951 INFO [auto-impl] Skipping - implementation already in progress
2026-03-07 11:21:49,956 INFO [planning] Starting: edit-ideas-from-webui
2026-03-07 11:21:49,958 INFO [planning] Running: edit-ideas-from-webui
2026-03-07 11:21:49,960 INFO [runner] Wrote instructions for 'edit-ideas-from-webui': 3223 chars
2026-03-07 11:21:49,960 INFO [runner] Instructions preview: Code Path: /home/paule/MAD
Context File: /home/paule/MAD/.mad/CONTEXT.md

# Design Planning: edit-ideas-from-webui

**Description:** I want to be able to edit an idea's description from the webui.

--...
2026-03-07 11:21:49,961 INFO Starting claude in cwd=/home/paule/MAD with cmd: ['claude', '-p', 'Read /home/paule/MAD/.tmp/edit-ideas-from-webui.instructions and follow the instructions exactly.', '--dangerously-skip-permissions']
2026-03-07 11:21:49,961 INFO status.feature_slug = 'edit-ideas-from-webui'
2026-03-07 11:21:49,962 INFO Logging to: /home/paule/MAD/logs/claude-edit-ideas-from-webui-1772911309.log
2026-03-07 11:21:59,959 INFO [auto-plan] Skipping - planning already in progress
2026-03-07 11:21:59,959 INFO [auto-impl] Skipping - implementation already in progress
2026-03-07 11:22:09,901 INFO [auto-plan] Skipping - planning already in progress
2026-03-07 11:22:09,901 INFO [auto-impl] Skipping - implementation already in progress
2026-03-07 11:22:19,917 INFO [auto-plan] Skipping - planning already in progress
2026-03-07 11:22:19,917 INFO [auto-impl] Skipping - implementation already in progress
2026-03-07 11:22:29,919 INFO [auto-plan] Skipping - planning already in progress
2026-03-07 11:22:29,919 INFO [auto-impl] Skipping - implementation already in progress
2026-03-07 11:22:39,907 INFO [auto-plan] Skipping - planning already in progress
2026-03-07 11:22:39,908 INFO [auto-impl] Skipping - implementation already in progress
2026-03-07 11:22:49,898 INFO [auto-plan] Skipping - planning already in progress
2026-03-07 11:22:49,899 INFO [auto-impl] Skipping - implementation already in progress
2026-03-07 11:22:59,905 INFO [auto-plan] Skipping - planning already in progress
2026-03-07 11:22:59,905 INFO [auto-impl] Skipping - implementation already in progress
2026-03-07 11:23:09,893 INFO [auto-plan] Skipping - planning already in progress
2026-03-07 11:23:09,894 INFO [auto-impl] Skipping - implementation already in progress
2026-03-07 11:23:19,888 INFO [auto-plan] Skipping - planning already in progress
2026-03-07 11:23:19,888 INFO [auto-impl] Skipping - implementation already in progress
2026-03-07 11:23:29,925 INFO [auto-plan] Skipping - planning already in progress
2026-03-07 11:23:29,926 INFO [auto-impl] Skipping - implementation already in progress
2026-03-07 11:23:39,897 INFO [auto-plan] Skipping - planning already in progress
2026-03-07 11:23:39,897 INFO [auto-impl] Skipping - implementation already in progress
2026-03-07 11:23:49,894 INFO [auto-plan] Skipping - planning already in progress
2026-03-07 11:23:49,894 INFO [auto-impl] Skipping - implementation already in progress
2026-03-07 11:23:56,013 INFO [runner] Read 6822 chars from output file
2026-03-07 11:23:56,014 INFO [runner] Log file closed
2026-03-07 11:23:56,028 WARNING [git] Commit failed: Command '['git', 'add', '-A', '.mad/boards/', '.mad/logs/']' returned non-zero exit status 1.
2026-03-07 11:23:56,028 INFO Plan generated. Feature moved to reviewing-plan.
2026-03-07 11:23:56,030 INFO [reviewing_plan] Running: edit-ideas-from-webui
2026-03-07 11:23:56,032 INFO [runner] Wrote instructions for 'edit-ideas-from-webui': 7952 chars
2026-03-07 11:23:56,032 INFO [runner] Instructions preview: Code Path: /home/paule/MAD
Context File: /home/paule/MAD/.mad/CONTEXT.md

You are a senior software architect reviewing a feature plan.

## Feature: edit-ideas-from-webui

### Original Description:
I ...
2026-03-07 11:23:56,033 INFO Starting kilo in cwd=/home/paule/MAD with cmd: ['kilo', 'run', '--auto', 'Read /home/paule/MAD/.tmp/edit-ideas-from-webui.instructions and follow the instructions exactly.']
2026-03-07 11:23:56,033 INFO status.feature_slug = 'edit-ideas-from-webui'
2026-03-07 11:23:56,033 INFO Logging to: /home/paule/MAD/logs/kilo-edit-ideas-from-webui-1772911436.log
2026-03-07 11:23:59,942 INFO [auto-plan] Skipping - planning already in progress
2026-03-07 11:23:59,942 INFO [auto-impl] Skipping - implementation already in progress
2026-03-07 11:24:09,886 INFO [auto-plan] Skipping - planning already in progress
2026-03-07 11:24:09,886 INFO [auto-impl] Skipping - implementation already in progress
2026-03-07 11:24:19,890 INFO [auto-plan] Skipping - planning already in progress
2026-03-07 11:24:19,891 INFO [auto-impl] Skipping - implementation already in progress
2026-03-07 11:24:29,880 INFO [auto-plan] Skipping - planning already in progress
2026-03-07 11:24:29,880 INFO [auto-impl] Skipping - implementation already in progress
2026-03-07 11:24:39,880 INFO [auto-plan] Skipping - planning already in progress
2026-03-07 11:24:39,880 INFO [auto-impl] Skipping - implementation already in progress
2026-03-07 11:24:49,885 INFO [auto-plan] Skipping - planning already in progress
2026-03-07 11:24:49,885 INFO [auto-impl] Skipping - implementation already in progress
2026-03-07 11:24:59,884 INFO [auto-plan] Skipping - planning already in progress
2026-03-07 11:24:59,884 INFO [auto-impl] Skipping - implementation already in progress
2026-03-07 11:25:09,883 INFO [auto-plan] Skipping - planning already in progress
2026-03-07 11:25:09,883 INFO [auto-impl] Skipping - implementation already in progress
2026-03-07 11:25:19,885 INFO [auto-plan] Skipping - planning already in progress
2026-03-07 11:25:19,885 INFO [auto-impl] Skipping - implementation already in progress
2026-03-07 11:25:29,883 INFO [auto-plan] Skipping - planning already in progress
2026-03-07 11:25:29,884 INFO [auto-impl] Skipping - implementation already in progress
2026-03-07 11:25:39,894 INFO [auto-plan] Skipping - planning already in progress
2026-03-07 11:25:39,894 INFO [auto-impl] Skipping - implementation already in progress
2026-03-07 11:25:49,889 INFO [auto-plan] Skipping - planning already in progress
2026-03-07 11:25:49,890 INFO [auto-impl] Skipping - implementation already in progress
2026-03-07 11:25:59,893 INFO [auto-plan] Skipping - planning already in progress
2026-03-07 11:25:59,893 INFO [auto-impl] Skipping - implementation already in progress
2026-03-07 11:26:09,871 INFO [auto-plan] Skipping - planning already in progress
2026-03-07 11:26:09,872 INFO [auto-impl] Skipping - implementation already in progress
2026-03-07 11:26:19,873 INFO [auto-plan] Skipping - planning already in progress
2026-03-07 11:26:19,873 INFO [auto-impl] Skipping - implementation already in progress
2026-03-07 11:26:29,869 INFO [auto-plan] Skipping - planning already in progress
2026-03-07 11:26:29,869 INFO [auto-impl] Skipping - implementation already in progress
2026-03-07 11:26:39,879 INFO [auto-plan] Skipping - planning already in progress
2026-03-07 11:26:39,879 INFO [auto-impl] Skipping - implementation already in progress
2026-03-07 11:26:49,870 INFO [auto-plan] Skipping - planning already in progress
2026-03-07 11:26:49,870 INFO [auto-impl] Skipping - implementation already in progress
2026-03-07 11:26:50,755 INFO [runner] Read 44 chars from output file
2026-03-07 11:26:50,755 INFO [runner] Log file closed
2026-03-07 11:26:50,766 WARNING [git] Commit failed: Command '['git', 'add', '-A', '.mad/boards/', '.mad/logs/']' returned non-zero exit status 1.
2026-03-07 11:26:59,899 INFO [auto-plan] Checking boards: ['mad']
2026-03-07 11:26:59,900 INFO [auto-plan] mad: plan-inbox=3, reviewing-plan=0
2026-03-07 11:26:59,900 INFO [auto-plan] Starting: new-idea-client-specific (plan-inbox)
2026-03-07 11:26:59,902 INFO [auto-impl] Skipping - implementation already in progress
2026-03-07 11:26:59,920 INFO [planning] Starting: new-idea-client-specific
2026-03-07 11:26:59,933 INFO [planning] Running: new-idea-client-specific
2026-03-07 11:26:59,934 INFO [runner] Wrote instructions for 'new-idea-client-specific': 2393 chars
2026-03-07 11:26:59,934 INFO [runner] Instructions preview: Code Path: /home/paule/MAD
Context File: /home/paule/MAD/.mad/CONTEXT.md

# Design Planning: new-idea-client-specific

**Description:** When creating a new idea from a MAD webui client page, we should...
2026-03-07 11:26:59,934 INFO Starting claude in cwd=/home/paule/MAD with cmd: ['claude', '-p', 'Read /home/paule/MAD/.tmp/new-idea-client-specific.instructions and follow the instructions exactly.', '--dangerously-skip-permissions']
2026-03-07 11:26:59,934 INFO status.feature_slug = 'new-idea-client-specific'
2026-03-07 11:26:59,935 INFO Logging to: /home/paule/MAD/logs/claude-new-idea-client-specific-1772911619.log
2026-03-07 11:27:09,916 INFO [auto-plan] Skipping - planning already in progress
2026-03-07 11:27:09,916 INFO [auto-impl] Skipping - implementation already in progress
2026-03-07 11:27:19,866 INFO [auto-plan] Skipping - planning already in progress
2026-03-07 11:27:19,867 INFO [auto-impl] Skipping - implementation already in progress
2026-03-07 11:27:29,858 INFO [auto-plan] Skipping - planning already in progress
2026-03-07 11:27:29,858 INFO [auto-impl] Skipping - implementation already in progress
2026-03-07 11:27:39,857 INFO [auto-plan] Skipping - planning already in progress
2026-03-07 11:27:39,857 INFO [auto-impl] Skipping - implementation already in progress
2026-03-07 11:27:49,859 INFO [auto-plan] Skipping - planning already in progress
2026-03-07 11:27:49,859 INFO [auto-impl] Skipping - implementation already in progress
2026-03-07 11:27:59,852 INFO [auto-plan] Skipping - planning already in progress
2026-03-07 11:27:59,852 INFO [auto-impl] Skipping - implementation already in progress
2026-03-07 11:28:09,852 INFO [auto-plan] Skipping - planning already in progress
2026-03-07 11:28:09,853 INFO [auto-impl] Skipping - implementation already in progress
2026-03-07 11:28:19,852 INFO [auto-plan] Skipping - planning already in progress
2026-03-07 11:28:19,853 INFO [auto-impl] Skipping - implementation already in progress
2026-03-07 11:28:29,850 INFO [auto-plan] Skipping - planning already in progress
2026-03-07 11:28:29,850 INFO [auto-impl] Skipping - implementation already in progress
2026-03-07 11:28:39,851 INFO [auto-plan] Skipping - planning already in progress
2026-03-07 11:28:39,851 INFO [auto-impl] Skipping - implementation already in progress
2026-03-07 11:28:49,849 INFO [auto-plan] Skipping - planning already in progress
2026-03-07 11:28:49,849 INFO [auto-impl] Skipping - implementation already in progress
2026-03-07 11:28:59,843 INFO [auto-plan] Skipping - planning already in progress
2026-03-07 11:28:59,843 INFO [auto-impl] Skipping - implementation already in progress
2026-03-07 11:29:04,189 INFO [runner] Read 2195 chars from output file
2026-03-07 11:29:04,189 INFO [runner] Log file closed
2026-03-07 11:29:04,200 WARNING [git] Commit failed: Command '['git', 'add', '-A', '.mad/boards/', '.mad/logs/']' returned non-zero exit status 1.
2026-03-07 11:29:04,200 INFO Plan generated. Feature moved to reviewing-plan.
2026-03-07 11:29:04,201 INFO [reviewing_plan] Running: new-idea-client-specific
2026-03-07 11:29:04,202 INFO [runner] Wrote instructions for 'new-idea-client-specific': 3560 chars
2026-03-07 11:29:04,202 INFO [runner] Instructions preview: Code Path: /home/paule/MAD
Context File: /home/paule/MAD/.mad/CONTEXT.md

You are a senior software architect reviewing a feature plan.

## Feature: new-idea-client-specific

### Original Description:...
2026-03-07 11:29:04,203 INFO Starting kilo in cwd=/home/paule/MAD with cmd: ['kilo', 'run', '--auto', 'Read /home/paule/MAD/.tmp/new-idea-client-specific.instructions and follow the instructions exactly.']
2026-03-07 11:29:04,203 INFO status.feature_slug = 'new-idea-client-specific'
2026-03-07 11:29:04,203 INFO Logging to: /home/paule/MAD/logs/kilo-new-idea-client-specific-1772911744.log
2026-03-07 11:29:09,902 INFO [auto-plan] Skipping - planning already in progress
2026-03-07 11:29:09,902 INFO [auto-impl] Skipping - implementation already in progress
2026-03-07 11:29:15,989 INFO [runner] Read 718 chars from output file
2026-03-07 11:29:15,990 INFO [runner] Log file closed
2026-03-07 11:29:16,003 WARNING [git] Commit failed: Command '['git', 'add', '-A', '.mad/boards/', '.mad/logs/']' returned non-zero exit status 1.
2026-03-07 11:29:16,004 INFO Implementation done. Feature moved to testing.
2026-03-07 11:29:16,012 INFO [bold blue]Verifying Tests:[/bold blue] kill-hung-agent
2026-03-07 11:29:16,014 INFO [testing] Running: kill-hung-agent
2026-03-07 11:29:16,015 INFO [runner] Wrote instructions for 'kill-hung-agent': 13136 chars
2026-03-07 11:29:16,015 INFO [runner] Instructions preview: Code Path: /home/paule/MAD
Context File: /home/paule/MAD/.mad/CONTEXT.md

Verify tests for the following implemented feature.

Feature: kill-hung-agent

Test Spec (behaviors that must be verified):
# ...
2026-03-07 11:29:16,016 INFO Starting kilo in cwd=/home/paule/MAD with cmd: ['kilo', 'run', '--auto', 'Read /home/paule/MAD/.tmp/kill-hung-agent.instructions and follow the instructions exactly.']
2026-03-07 11:29:16,016 INFO status.feature_slug = 'kill-hung-agent'
2026-03-07 11:29:16,016 INFO Logging to: /home/paule/MAD/logs/kilo-kill-hung-agent-1772911756.log
2026-03-07 11:29:19,906 INFO [auto-plan] Skipping - planning already in progress
2026-03-07 11:29:19,907 INFO [auto-impl] Skipping - implementation already in progress
2026-03-07 11:29:29,839 INFO [auto-plan] Skipping - planning already in progress
2026-03-07 11:29:29,839 INFO [auto-impl] Skipping - implementation already in progress
2026-03-07 11:29:39,840 INFO [auto-plan] Skipping - planning already in progress
2026-03-07 11:29:39,840 INFO [auto-impl] Skipping - implementation already in progress
2026-03-07 11:29:49,844 INFO [auto-plan] Skipping - planning already in progress
2026-03-07 11:29:49,844 INFO [auto-impl] Skipping - implementation already in progress
2026-03-07 11:29:59,835 INFO [auto-plan] Skipping - planning already in progress
2026-03-07 11:29:59,835 INFO [auto-impl] Skipping - implementation already in progress
2026-03-07 11:30:03,349 INFO Created new idea: Add review sections to webui (a179a36b) in board mad
2026-03-07 11:30:09,888 INFO [auto-plan] Skipping - planning already in progress
2026-03-07 11:30:09,888 INFO [auto-impl] Skipping - implementation already in progress
2026-03-07 11:30:16,204 INFO [runner] Read 44 chars from output file
2026-03-07 11:30:16,204 INFO [runner] Log file closed
2026-03-07 11:30:16,214 WARNING [git] Commit failed: Command '['git', 'add', '-A', '.mad/boards/', '.mad/logs/']' returned non-zero exit status 1.
2026-03-07 11:30:19,875 INFO [auto-plan] Checking boards: ['mad']
2026-03-07 11:30:19,876 INFO [auto-plan] mad: plan-inbox=2, reviewing-plan=0
2026-03-07 11:30:19,876 INFO [auto-plan] Starting: bug-approving-idea-from-webui-doesn't-work (plan-inbox)
2026-03-07 11:30:19,876 INFO [auto-impl] Skipping - implementation already in progress
2026-03-07 11:30:19,905 INFO [planning] Starting: bug-approving-idea-from-webui-doesn't-work
2026-03-07 11:30:19,908 INFO [planning] Running: bug-approving-idea-from-webui-doesn't-work
2026-03-07 11:30:19,911 INFO [runner] Wrote instructions for 'bug-approving-idea-from-webui-doesnt-work': 2374 chars
2026-03-07 11:30:19,911 INFO [runner] Instructions preview: Code Path: /home/paule/MAD
Context File: /home/paule/MAD/.mad/CONTEXT.md

# Design Planning: bug-approving-idea-from-webui-doesn't-work

**Description:** Approving an idea from the webui doesn't actua...
2026-03-07 11:30:19,912 INFO Starting claude in cwd=/home/paule/MAD with cmd: ['claude', '-p', 'Read /home/paule/MAD/.tmp/bug-approving-idea-from-webui-doesnt-work.instructions and follow the instructions exactly.', '--dangerously-skip-permissions']
2026-03-07 11:30:19,912 INFO status.feature_slug = 'bug-approving-idea-from-webui-doesnt-work'
2026-03-07 11:30:19,913 INFO Logging to: /home/paule/MAD/logs/claude-bug-approving-idea-from-webui-doesnt-work-1772911819.log
2026-03-07 11:30:29,891 INFO [auto-plan] Skipping - planning already in progress
2026-03-07 11:30:29,891 INFO [auto-impl] Skipping - implementation already in progress
2026-03-07 11:30:39,832 INFO [auto-plan] Skipping - planning already in progress
2026-03-07 11:30:39,832 INFO [auto-impl] Skipping - implementation already in progress
2026-03-07 11:30:49,833 INFO [auto-plan] Skipping - planning already in progress
2026-03-07 11:30:49,833 INFO [auto-impl] Skipping - implementation already in progress
2026-03-07 11:30:59,834 INFO [auto-plan] Skipping - planning already in progress
2026-03-07 11:30:59,834 INFO [auto-impl] Skipping - implementation already in progress
2026-03-07 11:31:09,839 INFO [auto-plan] Skipping - planning already in progress
2026-03-07 11:31:09,839 INFO [auto-impl] Skipping - implementation already in progress
2026-03-07 11:31:10,559 INFO Created new idea: Planning questions review (efa2905e) in board mad
2026-03-07 11:31:19,893 INFO [auto-plan] Skipping - planning already in progress
2026-03-07 11:31:19,893 INFO [auto-impl] Skipping - implementation already in progress
2026-03-07 11:31:29,837 INFO [auto-plan] Skipping - planning already in progress
2026-03-07 11:31:29,837 INFO [auto-impl] Skipping - implementation already in progress
2026-03-07 11:31:39,816 INFO [auto-plan] Skipping - planning already in progress
2026-03-07 11:31:39,824 INFO [auto-impl] Skipping - implementation already in progress
2026-03-07 11:31:49,833 INFO [auto-plan] Skipping - planning already in progress
2026-03-07 11:31:49,833 INFO [auto-impl] Skipping - implementation already in progress
2026-03-07 11:31:59,833 INFO [auto-plan] Skipping - planning already in progress
2026-03-07 11:31:59,833 INFO [auto-impl] Skipping - implementation already in progress
2026-03-07 11:32:09,827 INFO [auto-plan] Skipping - planning already in progress
2026-03-07 11:32:09,827 INFO [auto-impl] Skipping - implementation already in progress
2026-03-07 11:32:19,821 INFO [auto-plan] Skipping - planning already in progress
2026-03-07 11:32:19,821 INFO [auto-impl] Skipping - implementation already in progress
2026-03-07 11:32:29,815 INFO [auto-plan] Skipping - planning already in progress
2026-03-07 11:32:29,815 INFO [auto-impl] Skipping - implementation already in progress
2026-03-07 11:32:39,817 INFO [auto-plan] Skipping - planning already in progress
2026-03-07 11:32:39,817 INFO [auto-impl] Skipping - implementation already in progress
2026-03-07 11:32:49,814 INFO [auto-plan] Skipping - planning already in progress
2026-03-07 11:32:49,814 INFO [auto-impl] Skipping - implementation already in progress
2026-03-07 11:32:59,816 INFO [auto-plan] Skipping - planning already in progress
2026-03-07 11:32:59,816 INFO [auto-impl] Skipping - implementation already in progress
2026-03-07 11:33:09,813 INFO [auto-plan] Skipping - planning already in progress
2026-03-07 11:33:09,813 INFO [auto-impl] Skipping - implementation already in progress
2026-03-07 11:33:19,812 INFO [auto-plan] Skipping - planning already in progress
2026-03-07 11:33:19,812 INFO [auto-impl] Skipping - implementation already in progress
2026-03-07 11:33:29,825 INFO [auto-plan] Skipping - planning already in progress
2026-03-07 11:33:29,825 INFO [auto-impl] Skipping - implementation already in progress
2026-03-07 11:33:39,805 INFO [auto-plan] Skipping - planning already in progress
2026-03-07 11:33:39,805 INFO [auto-impl] Skipping - implementation already in progress
2026-03-07 11:33:49,808 INFO [auto-plan] Skipping - planning already in progress
2026-03-07 11:33:49,808 INFO [auto-impl] Skipping - implementation already in progress
2026-03-07 11:33:59,803 INFO [auto-plan] Skipping - planning already in progress
2026-03-07 11:33:59,803 INFO [auto-impl] Skipping - implementation already in progress
2026-03-07 11:34:09,808 INFO [auto-plan] Skipping - planning already in progress
2026-03-07 11:34:09,808 INFO [auto-impl] Skipping - implementation already in progress
2026-03-07 11:34:19,805 INFO [auto-plan] Skipping - planning already in progress
2026-03-07 11:34:19,805 INFO [auto-impl] Skipping - implementation already in progress
2026-03-07 11:34:29,823 INFO [auto-plan] Skipping - planning already in progress
2026-03-07 11:34:29,823 INFO [auto-impl] Skipping - implementation already in progress
2026-03-07 11:34:39,822 INFO [auto-plan] Skipping - planning already in progress
2026-03-07 11:34:39,823 INFO [auto-impl] Skipping - implementation already in progress
2026-03-07 11:34:49,809 INFO [auto-plan] Skipping - planning already in progress
2026-03-07 11:34:49,809 INFO [auto-impl] Skipping - implementation already in progress
2026-03-07 11:34:59,800 INFO [auto-plan] Skipping - planning already in progress
2026-03-07 11:34:59,800 INFO [auto-impl] Skipping - implementation already in progress
2026-03-07 11:35:00,843 INFO Created new idea: Bug - webui has truncated plan information (8b9da8be) in board mad
2026-03-07 11:35:09,870 INFO [auto-plan] Skipping - planning already in progress
2026-03-07 11:35:09,870 INFO [auto-impl] Skipping - implementation already in progress
2026-03-07 11:35:14,700 WARNING Error handling move_feature: The `call_from_thread` method must run in a different thread from the app
2026-03-07 11:35:19,797 INFO [auto-plan] Skipping - planning already in progress
2026-03-07 11:35:19,798 INFO [auto-impl] Skipping - implementation already in progress
2026-03-07 11:35:29,790 INFO [auto-plan] Skipping - planning already in progress
2026-03-07 11:35:29,790 INFO [auto-impl] Skipping - implementation already in progress
2026-03-07 11:35:39,791 INFO [auto-plan] Skipping - planning already in progress
2026-03-07 11:35:39,791 INFO [auto-impl] Skipping - implementation already in progress
2026-03-07 11:35:49,790 INFO [auto-plan] Skipping - planning already in progress
2026-03-07 11:35:49,790 INFO [auto-impl] Skipping - implementation already in progress
2026-03-07 11:35:59,786 INFO [auto-plan] Skipping - planning already in progress
2026-03-07 11:35:59,787 INFO [auto-impl] Skipping - implementation already in progress
2026-03-07 11:36:09,793 INFO [auto-plan] Skipping - planning already in progress
2026-03-07 11:36:09,793 INFO [auto-impl] Skipping - implementation already in progress
2026-03-07 11:36:10,877 INFO [runner] Wrote instructions for 'test-pid': 312 chars
2026-03-07 11:36:10,877 INFO [runner] Instructions preview: Code Path: /home/paule/MAD
Context File: /home/paule/MAD/.mad/CONTEXT.md

test prompt

IMPORTANT: Write your complete output as JSON to this file: /home/paule/MAD/.tmp/test-pid.output.json
Write ONLY ...
2026-03-07 11:36:10,878 INFO Starting kilo in cwd=/home/paule/MAD with cmd: ['kilo', 'run', '--auto', 'Read /home/paule/MAD/.tmp/test-pid.instructions and follow the instructions exactly.']
2026-03-07 11:36:10,878 INFO status.feature_slug = 'test-pid'
2026-03-07 11:36:10,878 INFO Logging to: /home/paule/MAD/logs/kilo-test-pid-1772912170.log
2026-03-07 11:36:19,800 INFO [auto-plan] Skipping - planning already in progress
2026-03-07 11:36:19,801 INFO [auto-impl] Skipping - implementation already in progress
2026-03-07 11:36:29,787 INFO [auto-plan] Skipping - planning already in progress
2026-03-07 11:36:29,787 INFO [auto-impl] Skipping - implementation already in progress
2026-03-07 11:36:39,785 INFO [auto-plan] Skipping - planning already in progress
2026-03-07 11:36:39,785 INFO [auto-impl] Skipping - implementation already in progress
2026-03-07 11:36:49,785 INFO [auto-plan] Skipping - planning already in progress
2026-03-07 11:36:49,785 INFO [auto-impl] Skipping - implementation already in progress
2026-03-07 11:36:59,782 INFO [auto-plan] Skipping - planning already in progress
2026-03-07 11:36:59,782 INFO [auto-impl] Skipping - implementation already in progress
2026-03-07 11:37:09,826 INFO [auto-plan] Skipping - planning already in progress
2026-03-07 11:37:09,829 INFO [auto-impl] Skipping - implementation already in progress
2026-03-07 11:37:19,782 INFO [auto-plan] Skipping - planning already in progress
2026-03-07 11:37:19,783 INFO [auto-impl] Skipping - implementation already in progress
2026-03-07 11:37:29,959 INFO [auto-plan] Skipping - planning already in progress
2026-03-07 11:37:29,962 INFO [auto-impl] Skipping - implementation already in progress
2026-03-07 11:37:39,793 INFO [auto-plan] Skipping - planning already in progress
2026-03-07 11:37:39,801 INFO [auto-impl] Skipping - implementation already in progress
2026-03-07 11:38:15,506 INFO [runner] Read 4129 chars from output file
2026-03-07 11:38:15,523 INFO [runner] Log file closed
2026-03-07 11:38:15,814 WARNING [git] Commit failed: Command '['git', 'add', '-A', '.mad/boards/', '.mad/logs/']' returned non-zero exit status 1.
2026-03-07 11:38:15,833 INFO Plan generated. Feature moved to reviewing-plan.
2026-03-07 11:38:16,109 INFO [reviewing_plan] Running: bug-approving-idea-from-webui-doesn't-work
2026-03-07 11:38:16,192 INFO [runner] Wrote instructions for 'bug-approving-idea-from-webui-doesnt-work': 5394 chars
2026-03-07 11:38:16,197 INFO [runner] Instructions preview: Code Path: /home/paule/MAD
Context File: /home/paule/MAD/.mad/CONTEXT.md

You are a senior software architect reviewing a feature plan.

## Feature: bug-approving-idea-from-webui-doesn't-work

### Ori...
2026-03-07 11:38:16,211 INFO Starting kilo in cwd=/home/paule/MAD with cmd: ['kilo', 'run', '--auto', 'Read /home/paule/MAD/.tmp/bug-approving-idea-from-webui-doesnt-work.instructions and follow the instructions exactly.']
2026-03-07 11:38:16,211 INFO status.feature_slug = 'bug-approving-idea-from-webui-doesnt-work'
2026-03-07 11:38:16,213 INFO Logging to: /home/paule/MAD/logs/kilo-bug-approving-idea-from-webui-doesnt-work-1772912296.log
2026-03-07 11:38:16,435 INFO [auto-plan] Skipping - planning already in progress
2026-03-07 11:38:16,436 INFO [auto-impl] Skipping - implementation already in progress
2026-03-07 11:38:17,180 INFO Server connection lost, will reconnect...
2026-03-07 11:38:17,182 WARNING Failed to push state: no close frame received or sent
2026-03-07 11:38:18,436 INFO Connected to server as 'wsl-mad-cwd'
2026-03-07 11:38:29,712 INFO [auto-plan] Skipping - planning already in progress
2026-03-07 11:38:29,713 INFO [auto-impl] Skipping - implementation already in progress
2026-03-07 11:38:39,691 INFO [auto-plan] Skipping - planning already in progress
2026-03-07 11:38:39,691 INFO [auto-impl] Skipping - implementation already in progress
2026-03-07 11:38:49,702 INFO [auto-plan] Skipping - planning already in progress
2026-03-07 11:38:49,702 INFO [auto-impl] Skipping - implementation already in progress
2026-03-07 11:38:59,700 INFO [auto-plan] Skipping - planning already in progress
2026-03-07 11:38:59,700 INFO [auto-impl] Skipping - implementation already in progress
2026-03-07 11:39:09,705 INFO [auto-plan] Skipping - planning already in progress
2026-03-07 11:39:09,706 INFO [auto-impl] Skipping - implementation already in progress
2026-03-07 11:39:19,697 INFO [auto-plan] Skipping - planning already in progress
2026-03-07 11:39:19,698 INFO [auto-impl] Skipping - implementation already in progress
2026-03-07 11:39:29,696 INFO [auto-plan] Skipping - planning already in progress
2026-03-07 11:39:29,696 INFO [auto-impl] Skipping - implementation already in progress
2026-03-07 11:39:39,711 INFO [auto-plan] Skipping - planning already in progress
2026-03-07 11:39:39,711 INFO [auto-impl] Skipping - implementation already in progress
2026-03-07 11:39:42,343 INFO [runner] Read 817 chars from output file
2026-03-07 11:39:42,343 INFO [runner] Log file closed
2026-03-07 11:39:42,354 WARNING [git] Commit failed: Command '['git', 'add', '-A', '.mad/boards/', '.mad/logs/']' returned non-zero exit status 1.
2026-03-07 11:39:46,025 INFO [runner] Wrote instructions for 'test-pid': 312 chars
2026-03-07 11:39:46,025 INFO [runner] Instructions preview: Code Path: /home/paule/MAD
Context File: /home/paule/MAD/.mad/CONTEXT.md

test prompt

IMPORTANT: Write your complete output as JSON to this file: /home/paule/MAD/.tmp/test-pid.output.json
Write ONLY ...
2026-03-07 11:39:46,025 INFO Starting kilo in cwd=/home/paule/MAD with cmd: ['kilo', 'run', '--auto', 'Read /home/paule/MAD/.tmp/test-pid.instructions and follow the instructions exactly.']
2026-03-07 11:39:46,025 INFO status.feature_slug = 'test-pid'
2026-03-07 11:39:46,025 INFO Logging to: /home/paule/MAD/logs/kilo-test-pid-1772912386.log
2026-03-07 11:39:46,025 WARNING [runner] No output file found, using stdout
2026-03-07 11:39:46,026 INFO [runner] Log file closed
2026-03-07 11:39:46,044 INFO [runner] Wrote instructions for 'test-pid-reset': 318 chars
2026-03-07 11:39:46,044 INFO [runner] Instructions preview: Code Path: /home/paule/MAD
Context File: /home/paule/MAD/.mad/CONTEXT.md

test prompt

IMPORTANT: Write your complete output as JSON to this file: /home/paule/MAD/.tmp/test-pid-reset.output.json
Write...
2026-03-07 11:39:46,044 INFO Starting kilo in cwd=/home/paule/MAD with cmd: ['kilo', 'run', '--auto', 'Read /home/paule/MAD/.tmp/test-pid-reset.instructions and follow the instructions exactly.']
2026-03-07 11:39:46,044 INFO status.feature_slug = 'test-pid-reset'
2026-03-07 11:39:46,044 INFO Logging to: /home/paule/MAD/logs/kilo-test-pid-reset-1772912386.log
2026-03-07 11:39:46,045 WARNING [runner] No output file found, using stdout
2026-03-07 11:39:46,045 INFO [runner] Log file closed
2026-03-07 11:39:46,057 INFO [runner] Wrote instructions for 'test-activity': 317 chars
2026-03-07 11:39:46,057 INFO [runner] Instructions preview: Code Path: /home/paule/MAD
Context File: /home/paule/MAD/.mad/CONTEXT.md

test prompt

IMPORTANT: Write your complete output as JSON to this file: /home/paule/MAD/.tmp/test-activity.output.json
Write ...
2026-03-07 11:39:46,057 INFO Starting kilo in cwd=/home/paule/MAD with cmd: ['kilo', 'run', '--auto', 'Read /home/paule/MAD/.tmp/test-activity.instructions and follow the instructions exactly.']
2026-03-07 11:39:46,057 INFO status.feature_slug = 'test-activity'
2026-03-07 11:39:46,057 INFO Logging to: /home/paule/MAD/logs/kilo-test-activity-1772912386.log
2026-03-07 11:39:46,058 WARNING [runner] No output file found, using stdout
2026-03-07 11:39:46,059 INFO [runner] Log file closed
2026-03-07 11:39:46,071 INFO [runner] Wrote instructions for 'test-activity-reset': 323 chars
2026-03-07 11:39:46,071 INFO [runner] Instructions preview: Code Path: /home/paule/MAD
Context File: /home/paule/MAD/.mad/CONTEXT.md

test prompt

IMPORTANT: Write your complete output as JSON to this file: /home/paule/MAD/.tmp/test-activity-reset.output.json
...
2026-03-07 11:39:46,071 INFO Starting kilo in cwd=/home/paule/MAD with cmd: ['kilo', 'run', '--auto', 'Read /home/paule/MAD/.tmp/test-activity-reset.instructions and follow the instructions exactly.']
2026-03-07 11:39:46,071 INFO status.feature_slug = 'test-activity-reset'
2026-03-07 11:39:46,072 INFO Logging to: /home/paule/MAD/logs/kilo-test-activity-reset-1772912386.log
2026-03-07 11:39:46,072 WARNING [runner] No output file found, using stdout
2026-03-07 11:39:46,072 INFO [runner] Log file closed
2026-03-07 11:39:46,094 INFO [runner] Wrote instructions for 'test-kill': 313 chars
2026-03-07 11:39:46,094 INFO [runner] Instructions preview: Code Path: /home/paule/MAD
Context File: /home/paule/MAD/.mad/CONTEXT.md

test prompt

IMPORTANT: Write your complete output as JSON to this file: /home/paule/MAD/.tmp/test-kill.output.json
Write ONLY...
2026-03-07 11:39:46,095 INFO Starting kilo in cwd=/home/paule/MAD with cmd: ['kilo', 'run', '--auto', 'Read /home/paule/MAD/.tmp/test-kill.instructions and follow the instructions exactly.']
2026-03-07 11:39:46,095 INFO status.feature_slug = 'test-kill'
2026-03-07 11:39:46,095 INFO Logging to: /home/paule/MAD/logs/kilo-test-kill-1772912386.log
2026-03-07 11:39:46,095 WARNING [runner] Kill requested by user. Terminating agent.
2026-03-07 11:39:46,095 INFO [runner] Log file closed
2026-03-07 11:39:46,192 INFO [runner] Wrote instructions for 'test-kill-running': 321 chars
2026-03-07 11:39:46,192 INFO [runner] Instructions preview: Code Path: /home/paule/MAD
Context File: /home/paule/MAD/.mad/CONTEXT.md

test prompt

IMPORTANT: Write your complete output as JSON to this file: /home/paule/MAD/.tmp/test-kill-running.output.json
Wr...
2026-03-07 11:39:46,192 INFO Starting kilo in cwd=/home/paule/MAD with cmd: ['kilo', 'run', '--auto', 'Read /home/paule/MAD/.tmp/test-kill-running.instructions and follow the instructions exactly.']
2026-03-07 11:39:46,192 INFO status.feature_slug = 'test-kill-running'
2026-03-07 11:39:46,192 INFO Logging to: /home/paule/MAD/logs/kilo-test-kill-running-1772912386.log
2026-03-07 11:39:46,192 WARNING [runner] Kill requested by user. Terminating agent.
2026-03-07 11:39:46,192 INFO [runner] Log file closed
2026-03-07 11:39:46,281 INFO [runner] Wrote instructions for 'test-kill-lines': 319 chars
2026-03-07 11:39:46,281 INFO [runner] Instructions preview: Code Path: /home/paule/MAD
Context File: /home/paule/MAD/.mad/CONTEXT.md

test prompt

IMPORTANT: Write your complete output as JSON to this file: /home/paule/MAD/.tmp/test-kill-lines.output.json
Writ...
2026-03-07 11:39:46,281 INFO Starting kilo in cwd=/home/paule/MAD with cmd: ['kilo', 'run', '--auto', 'Read /home/paule/MAD/.tmp/test-kill-lines.instructions and follow the instructions exactly.']
2026-03-07 11:39:46,281 INFO status.feature_slug = 'test-kill-lines'
2026-03-07 11:39:46,281 INFO Logging to: /home/paule/MAD/logs/kilo-test-kill-lines-1772912386.log
2026-03-07 11:39:46,281 WARNING [runner] Kill requested by user. Terminating agent.
2026-03-07 11:39:46,282 INFO [runner] Log file closed
2026-03-07 11:39:46,361 INFO [runner] Wrote instructions for 'test-finally': 316 chars
2026-03-07 11:39:46,361 INFO [runner] Instructions preview: Code Path: /home/paule/MAD
Context File: /home/paule/MAD/.mad/CONTEXT.md

test prompt

IMPORTANT: Write your complete output as JSON to this file: /home/paule/MAD/.tmp/test-finally.output.json
Write O...
2026-03-07 11:39:46,361 INFO Starting kilo in cwd=/home/paule/MAD with cmd: ['kilo', 'run', '--auto', 'Read /home/paule/MAD/.tmp/test-finally.instructions and follow the instructions exactly.']
2026-03-07 11:39:46,361 INFO status.feature_slug = 'test-finally'
2026-03-07 11:39:46,361 INFO Logging to: /home/paule/MAD/logs/kilo-test-finally-1772912386.log
2026-03-07 11:39:46,361 WARNING [runner] Kill requested by user. Terminating agent.
2026-03-07 11:39:46,362 WARNING [runner] No output file found, using stdout
2026-03-07 11:39:46,362 INFO [runner] Log file closed
2026-03-07 11:39:46,688 INFO [runner] Wrote instructions for 'test-kill-after-exit': 324 chars
2026-03-07 11:39:46,688 INFO [runner] Instructions preview: Code Path: /home/paule/MAD
Context File: /home/paule/MAD/.mad/CONTEXT.md

test prompt

IMPORTANT: Write your complete output as JSON to this file: /home/paule/MAD/.tmp/test-kill-after-exit.output.json...
2026-03-07 11:39:46,688 INFO Starting kilo in cwd=/home/paule/MAD with cmd: ['kilo', 'run', '--auto', 'Read /home/paule/MAD/.tmp/test-kill-after-exit.instructions and follow the instructions exactly.']
2026-03-07 11:39:46,688 INFO status.feature_slug = 'test-kill-after-exit'
2026-03-07 11:39:46,688 INFO Logging to: /home/paule/MAD/logs/kilo-test-kill-after-exit-1772912386.log
2026-03-07 11:39:46,688 WARNING [runner] Kill requested by user. Terminating agent.
2026-03-07 11:39:46,689 WARNING [runner] No output file found, using stdout
2026-03-07 11:39:46,689 INFO [runner] Log file closed
2026-03-07 11:39:49,884 INFO [auto-plan] Checking boards: ['mad']
2026-03-07 11:39:49,887 INFO [auto-plan] mad: plan-inbox=2, reviewing-plan=0
2026-03-07 11:39:49,887 INFO [auto-plan] Starting: bug-approving-idea-from-webui-doesn't-work (plan-inbox)
2026-03-07 11:39:49,892 INFO [auto-impl] Skipping - implementation already in progress
2026-03-07 11:39:49,922 INFO [planning] Starting: bug-approving-idea-from-webui-doesn't-work
2026-03-07 11:39:49,951 INFO [planning] Running: bug-approving-idea-from-webui-doesn't-work
2026-03-07 11:39:49,957 INFO [runner] Wrote instructions for 'bug-approving-idea-from-webui-doesnt-work': 3213 chars
2026-03-07 11:39:49,957 INFO [runner] Instructions preview: Code Path: /home/paule/MAD
Context File: /home/paule/MAD/.mad/CONTEXT.md

# Design Planning: bug-approving-idea-from-webui-doesn't-work

**Description:** Approving an idea from the webui doesn't actua...
2026-03-07 11:39:49,959 INFO Starting claude in cwd=/home/paule/MAD with cmd: ['claude', '-p', 'Read /home/paule/MAD/.tmp/bug-approving-idea-from-webui-doesnt-work.instructions and follow the instructions exactly.', '--dangerously-skip-permissions']
2026-03-07 11:39:49,959 INFO status.feature_slug = 'bug-approving-idea-from-webui-doesnt-work'
2026-03-07 11:39:49,961 INFO Logging to: /home/paule/MAD/logs/claude-bug-approving-idea-from-webui-doesnt-work-1772912389.log
2026-03-07 11:39:59,825 INFO [auto-plan] Skipping - planning already in progress
2026-03-07 11:39:59,825 INFO [auto-impl] Skipping - implementation already in progress
2026-03-07 11:40:09,708 INFO [auto-plan] Skipping - planning already in progress
2026-03-07 11:40:09,708 INFO [auto-impl] Skipping - implementation already in progress
2026-03-07 11:40:19,924 INFO [auto-plan] Skipping - planning already in progress
2026-03-07 11:40:19,924 INFO [auto-impl] Skipping - implementation already in progress
2026-03-07 11:40:29,845 INFO [auto-plan] Skipping - planning already in progress
2026-03-07 11:40:29,845 INFO [auto-impl] Skipping - implementation already in progress
2026-03-07 11:40:39,684 INFO [auto-plan] Skipping - planning already in progress
2026-03-07 11:40:39,696 INFO [auto-impl] Skipping - implementation already in progress
2026-03-07 11:40:49,690 INFO [auto-plan] Skipping - planning already in progress
2026-03-07 11:40:49,702 INFO [auto-impl] Skipping - implementation already in progress
2026-03-07 11:40:59,855 INFO [auto-plan] Skipping - planning already in progress
2026-03-07 11:40:59,855 INFO [auto-impl] Skipping - implementation already in progress
2026-03-07 11:41:09,733 INFO [auto-plan] Skipping - planning already in progress
2026-03-07 11:41:09,733 INFO [auto-impl] Skipping - implementation already in progress
2026-03-07 11:41:19,937 INFO [auto-plan] Skipping - planning already in progress
2026-03-07 11:41:19,937 INFO [auto-impl] Skipping - implementation already in progress
2026-03-07 11:41:29,685 INFO [auto-plan] Skipping - planning already in progress
2026-03-07 11:41:29,685 INFO [auto-impl] Skipping - implementation already in progress
2026-03-07 11:41:39,716 INFO [auto-plan] Skipping - planning already in progress
2026-03-07 11:41:39,716 INFO [auto-impl] Skipping - implementation already in progress
2026-03-07 11:41:49,671 INFO [auto-plan] Skipping - planning already in progress
2026-03-07 11:41:49,671 INFO [auto-impl] Skipping - implementation already in progress
2026-03-07 11:41:59,706 INFO [auto-plan] Skipping - planning already in progress
2026-03-07 11:41:59,706 INFO [auto-impl] Skipping - implementation already in progress
2026-03-07 11:42:09,707 INFO [auto-plan] Skipping - planning already in progress
2026-03-07 11:42:09,707 INFO [auto-impl] Skipping - implementation already in progress
2026-03-07 11:42:19,673 INFO [auto-plan] Skipping - planning already in progress
2026-03-07 11:42:19,690 INFO [auto-impl] Skipping - implementation already in progress
2026-03-07 11:42:29,713 INFO [auto-plan] Skipping - planning already in progress
2026-03-07 11:42:29,713 INFO [auto-impl] Skipping - implementation already in progress
2026-03-07 11:42:39,894 INFO [auto-plan] Skipping - planning already in progress
2026-03-07 11:42:39,894 INFO [auto-impl] Skipping - implementation already in progress
2026-03-07 11:42:49,691 INFO [auto-plan] Skipping - planning already in progress
2026-03-07 11:42:49,699 INFO [auto-impl] Skipping - implementation already in progress
2026-03-07 11:42:59,848 INFO [auto-plan] Skipping - planning already in progress
2026-03-07 11:42:59,848 INFO [auto-impl] Skipping - implementation already in progress
2026-03-07 11:43:09,757 INFO [auto-plan] Skipping - planning already in progress
2026-03-07 11:43:09,757 INFO [auto-impl] Skipping - implementation already in progress
2026-03-07 11:43:19,881 INFO [auto-plan] Skipping - planning already in progress
2026-03-07 11:43:19,882 INFO [auto-impl] Skipping - implementation already in progress
2026-03-07 11:43:29,683 INFO [auto-plan] Skipping - planning already in progress
2026-03-07 11:43:29,683 INFO [auto-impl] Skipping - implementation already in progress
2026-03-07 11:43:39,878 INFO [auto-plan] Skipping - planning already in progress
2026-03-07 11:43:39,881 INFO [auto-impl] Skipping - implementation already in progress
2026-03-07 11:43:49,809 INFO [auto-plan] Skipping - planning already in progress
2026-03-07 11:43:49,809 INFO [auto-impl] Skipping - implementation already in progress
2026-03-07 11:43:59,803 INFO [auto-plan] Skipping - planning already in progress
2026-03-07 11:43:59,803 INFO [auto-impl] Skipping - implementation already in progress
2026-03-07 11:44:09,838 INFO [auto-plan] Skipping - planning already in progress
2026-03-07 11:44:09,847 INFO [auto-impl] Skipping - implementation already in progress
2026-03-07 11:44:16,021 WARNING [runner] No log activity for 900s. Agent may be stuck. Feature: kill-hung-agent, cwd: /home/paule/MAD
2026-03-07 11:44:16,022 WARNING [runner] Killing agent after 900s of no activity. Feature: kill-hung-agent
2026-03-07 11:44:19,659 INFO [auto-plan] Skipping - planning already in progress
2026-03-07 11:44:19,659 INFO [auto-impl] Skipping - implementation already in progress
2026-03-07 11:44:29,663 INFO [auto-plan] Skipping - planning already in progress
2026-03-07 11:44:29,663 INFO [auto-impl] Skipping - implementation already in progress
2026-03-07 11:44:37,973 INFO [runner] Read 8992 chars from output file
2026-03-07 11:44:37,973 INFO [runner] Log file closed
2026-03-07 11:44:38,004 WARNING [git] Commit failed: Command '['git', 'add', '-A', '.mad/boards/', '.mad/logs/']' returned non-zero exit status 1.
2026-03-07 11:44:38,005 INFO Plan generated. Feature moved to reviewing-plan.
2026-03-07 11:44:38,005 INFO [reviewing_plan] Running: bug-approving-idea-from-webui-doesn't-work
2026-03-07 11:44:38,006 INFO [runner] Wrote instructions for 'bug-approving-idea-from-webui-doesnt-work': 10095 chars
2026-03-07 11:44:38,006 INFO [runner] Instructions preview: Code Path: /home/paule/MAD
Context File: /home/paule/MAD/.mad/CONTEXT.md

You are a senior software architect reviewing a feature plan.

## Feature: bug-approving-idea-from-webui-doesn't-work

### Ori...
2026-03-07 11:44:38,008 INFO Starting kilo in cwd=/home/paule/MAD with cmd: ['kilo', 'run', '--auto', 'Read /home/paule/MAD/.tmp/bug-approving-idea-from-webui-doesnt-work.instructions and follow the instructions exactly.']
2026-03-07 11:44:38,008 INFO status.feature_slug = 'bug-approving-idea-from-webui-doesnt-work'
2026-03-07 11:44:38,008 INFO Logging to: /home/paule/MAD/logs/kilo-bug-approving-idea-from-webui-doesnt-work-1772912678.log
2026-03-07 11:44:39,797 INFO [auto-plan] Skipping - planning already in progress
2026-03-07 11:44:39,797 INFO [auto-impl] Skipping - implementation already in progress
2026-03-07 11:44:49,660 INFO [auto-plan] Skipping - planning already in progress
2026-03-07 11:44:49,660 INFO [auto-impl] Skipping - implementation already in progress
2026-03-07 11:44:59,672 INFO [auto-plan] Skipping - planning already in progress
2026-03-07 11:44:59,672 INFO [auto-impl] Skipping - implementation already in progress
2026-03-07 11:45:09,672 INFO [auto-plan] Skipping - planning already in progress
2026-03-07 11:45:09,672 INFO [auto-impl] Skipping - implementation already in progress
2026-03-07 11:45:19,652 INFO [auto-plan] Skipping - planning already in progress
2026-03-07 11:45:19,652 INFO [auto-impl] Skipping - implementation already in progress
2026-03-07 11:45:29,653 INFO [auto-plan] Skipping - planning already in progress
2026-03-07 11:45:29,653 INFO [auto-impl] Skipping - implementation already in progress
2026-03-07 11:45:39,653 INFO [auto-plan] Skipping - planning already in progress
2026-03-07 11:45:39,653 INFO [auto-impl] Skipping - implementation already in progress
2026-03-07 11:45:49,656 INFO [auto-plan] Skipping - planning already in progress
2026-03-07 11:45:49,656 INFO [auto-impl] Skipping - implementation already in progress
2026-03-07 11:45:59,662 INFO [auto-plan] Skipping - planning already in progress
2026-03-07 11:45:59,663 INFO [auto-impl] Skipping - implementation already in progress
2026-03-07 11:46:09,650 INFO [auto-plan] Skipping - planning already in progress
2026-03-07 11:46:09,650 INFO [auto-impl] Skipping - implementation already in progress
2026-03-07 11:46:19,663 INFO [auto-plan] Skipping - planning already in progress
2026-03-07 11:46:19,663 INFO [auto-impl] Skipping - implementation already in progress
2026-03-07 11:46:29,648 INFO [auto-plan] Skipping - planning already in progress
2026-03-07 11:46:29,648 INFO [auto-impl] Skipping - implementation already in progress
2026-03-07 11:46:39,648 INFO [auto-plan] Skipping - planning already in progress
2026-03-07 11:46:39,648 INFO [auto-impl] Skipping - implementation already in progress
2026-03-07 11:46:49,663 INFO [auto-plan] Skipping - planning already in progress
2026-03-07 11:46:49,663 INFO [auto-impl] Skipping - implementation already in progress
2026-03-07 11:46:59,645 INFO [auto-plan] Skipping - planning already in progress
2026-03-07 11:46:59,645 INFO [auto-impl] Skipping - implementation already in progress
2026-03-07 11:47:00,217 INFO [runner] Read 702 chars from output file
2026-03-07 11:47:00,217 INFO [runner] Log file closed
2026-03-07 11:47:00,251 WARNING [git] Commit failed: Command '['git', 'add', '-A', '.mad/boards/', '.mad/logs/']' returned non-zero exit status 1.
2026-03-07 11:47:09,836 INFO [auto-plan] Checking boards: ['mad']
2026-03-07 11:47:09,837 INFO [auto-plan] mad: plan-inbox=5, reviewing-plan=0
2026-03-07 11:47:09,837 INFO [auto-plan] Starting: bug-approving-idea-from-webui-doesn't-work (plan-inbox)
2026-03-07 11:47:09,838 INFO [auto-impl] Skipping - implementation already in progress
2026-03-07 11:47:09,838 INFO [planning] Starting: bug-approving-idea-from-webui-doesn't-work
2026-03-07 11:47:09,870 INFO [planning] Running: bug-approving-idea-from-webui-doesn't-work
2026-03-07 11:47:09,871 INFO [runner] Wrote instructions for 'bug-approving-idea-from-webui-doesnt-work': 3098 chars
2026-03-07 11:47:09,871 INFO [runner] Instructions preview: Code Path: /home/paule/MAD
Context File: /home/paule/MAD/.mad/CONTEXT.md

# Design Planning: bug-approving-idea-from-webui-doesn't-work

**Description:** Approving an idea from the webui doesn't actua...
2026-03-07 11:47:09,875 INFO Starting claude in cwd=/home/paule/MAD with cmd: ['claude', '-p', 'Read /home/paule/MAD/.tmp/bug-approving-idea-from-webui-doesnt-work.instructions and follow the instructions exactly.', '--dangerously-skip-permissions']
2026-03-07 11:47:09,875 INFO status.feature_slug = 'bug-approving-idea-from-webui-doesnt-work'
2026-03-07 11:47:09,876 INFO Logging to: /home/paule/MAD/logs/claude-bug-approving-idea-from-webui-doesnt-work-1772912829.log
2026-03-07 11:47:19,965 INFO [auto-plan] Skipping - planning already in progress
2026-03-07 11:47:19,965 INFO [auto-impl] Skipping - implementation already in progress
2026-03-07 11:47:29,643 INFO [auto-plan] Skipping - planning already in progress
2026-03-07 11:47:29,643 INFO [auto-impl] Skipping - implementation already in progress
2026-03-07 11:47:39,643 INFO [auto-plan] Skipping - planning already in progress
2026-03-07 11:47:39,643 INFO [auto-impl] Skipping - implementation already in progress
2026-03-07 11:47:49,640 INFO [auto-plan] Skipping - planning already in progress
2026-03-07 11:47:49,641 INFO [auto-impl] Skipping - implementation already in progress
2026-03-07 11:47:59,641 INFO [auto-plan] Skipping - planning already in progress
2026-03-07 11:47:59,645 INFO [auto-impl] Skipping - implementation already in progress
2026-03-07 11:48:09,661 INFO [auto-plan] Skipping - planning already in progress
2026-03-07 11:48:09,661 INFO [auto-impl] Skipping - implementation already in progress
2026-03-07 11:48:11,241 INFO [runner] Read 718 chars from output file
2026-03-07 11:48:11,242 INFO [runner] Log file closed
2026-03-07 11:48:11,242 ERROR [testing] headless() failed for kill-hung-agent: kilo exited with code -15.
stderr: [0m
> code · minimax/minimax-m2.5
[0m
[0m→ [0mRead .tmp/kill-hung-agent.instructions
[0m✱ [0mGlob "**/*test*.py"[90m in . · 14 matches[0m
[0m✱ [0mGlob "**/*runner*.py"[90m in . · 1 match[0m
[0m✱ [0mGrep "kill-hung-agent|kill_agent|AgentStatus"[90m in . · 50 matches[0m
[0m✱ [0mGrep "test.*kill|test.*agent.*status|test.*runner"[90m in pipeline · 26 matches[0m
[0m→ [0mRead pipeline/agent_status.py
[0m→ [0mRead pipeline/runner.py
[0m✱ [0mGrep "action_kill_agent|action_resta
2026-03-07 11:48:19,694 INFO [auto-plan] Skipping - planning already in progress
2026-03-07 11:48:19,694 INFO [auto-impl] Checking boards: ['mad']
2026-03-07 11:48:19,695 INFO [auto-impl] Board 'mad', stage 'review': 0 features
2026-03-07 11:48:19,696 INFO [auto-impl] Board 'mad', stage 'testing': 1 features
2026-03-07 11:48:19,696 INFO [auto-impl] Starting: kill-hung-agent (testing)
2026-03-07 11:48:19,903 INFO [bold blue]Verifying Tests:[/bold blue] kill-hung-agent
2026-03-07 11:48:19,905 INFO [testing] Running: kill-hung-agent
2026-03-07 11:48:19,908 INFO [runner] Wrote instructions for 'kill-hung-agent': 13136 chars
2026-03-07 11:48:19,908 INFO [runner] Instructions preview: Code Path: /home/paule/MAD
Context File: /home/paule/MAD/.mad/CONTEXT.md

Verify tests for the following implemented feature.

Feature: kill-hung-agent

Test Spec (behaviors that must be verified):
# ...
2026-03-07 11:48:19,936 INFO Starting kilo in cwd=/home/paule/MAD with cmd: ['kilo', 'run', '--auto', 'Read /home/paule/MAD/.tmp/kill-hung-agent.instructions and follow the instructions exactly.']
2026-03-07 11:48:19,936 INFO status.feature_slug = 'kill-hung-agent'
2026-03-07 11:48:19,937 INFO Logging to: /home/paule/MAD/logs/kilo-kill-hung-agent-1772912899.log
2026-03-07 11:48:29,711 INFO [auto-plan] Skipping - planning already in progress
2026-03-07 11:48:29,712 INFO [auto-impl] Skipping - implementation already in progress
2026-03-07 11:48:39,648 INFO [auto-plan] Skipping - planning already in progress
2026-03-07 11:48:39,648 INFO [auto-impl] Skipping - implementation already in progress
2026-03-07 11:48:48,245 INFO [runner] Wrote instructions for 'test-pid': 312 chars
2026-03-07 11:48:48,245 INFO [runner] Instructions preview: Code Path: /home/paule/MAD
Context File: /home/paule/MAD/.mad/CONTEXT.md

test prompt

IMPORTANT: Write your complete output as JSON to this file: /home/paule/MAD/.tmp/test-pid.output.json
Write ONLY ...
2026-03-07 11:48:48,245 INFO Starting kilo in cwd=/home/paule/MAD with cmd: ['kilo', 'run', '--auto', 'Read /home/paule/MAD/.tmp/test-pid.instructions and follow the instructions exactly.']
2026-03-07 11:48:48,245 INFO status.feature_slug = 'test-pid'
2026-03-07 11:48:48,245 INFO Logging to: /home/paule/MAD/logs/kilo-test-pid-1772912928.log
2026-03-07 11:48:48,245 WARNING [runner] No output file found, using stdout
2026-03-07 11:48:48,246 INFO [runner] Log file closed
2026-03-07 11:48:48,271 INFO [runner] Wrote instructions for 'test-pid-reset': 318 chars
2026-03-07 11:48:48,271 INFO [runner] Instructions preview: Code Path: /home/paule/MAD
Context File: /home/paule/MAD/.mad/CONTEXT.md

test prompt

IMPORTANT: Write your complete output as JSON to this file: /home/paule/MAD/.tmp/test-pid-reset.output.json
Write...
2026-03-07 11:48:48,271 INFO Starting kilo in cwd=/home/paule/MAD with cmd: ['kilo', 'run', '--auto', 'Read /home/paule/MAD/.tmp/test-pid-reset.instructions and follow the instructions exactly.']
2026-03-07 11:48:48,271 INFO status.feature_slug = 'test-pid-reset'
2026-03-07 11:48:48,271 INFO Logging to: /home/paule/MAD/logs/kilo-test-pid-reset-1772912928.log
2026-03-07 11:48:48,271 WARNING [runner] No output file found, using stdout
2026-03-07 11:48:48,272 INFO [runner] Log file closed
2026-03-07 11:48:48,289 INFO [runner] Wrote instructions for 'test-activity': 317 chars
2026-03-07 11:48:48,289 INFO [runner] Instructions preview: Code Path: /home/paule/MAD
Context File: /home/paule/MAD/.mad/CONTEXT.md

test prompt

IMPORTANT: Write your complete output as JSON to this file: /home/paule/MAD/.tmp/test-activity.output.json
Write ...
2026-03-07 11:48:48,289 INFO Starting kilo in cwd=/home/paule/MAD with cmd: ['kilo', 'run', '--auto', 'Read /home/paule/MAD/.tmp/test-activity.instructions and follow the instructions exactly.']
2026-03-07 11:48:48,289 INFO status.feature_slug = 'test-activity'
2026-03-07 11:48:48,289 INFO Logging to: /home/paule/MAD/logs/kilo-test-activity-1772912928.log
2026-03-07 11:48:48,290 WARNING [runner] No output file found, using stdout
2026-03-07 11:48:48,290 INFO [runner] Log file closed
2026-03-07 11:48:48,308 INFO [runner] Wrote instructions for 'test-activity-reset': 323 chars
2026-03-07 11:48:48,308 INFO [runner] Instructions preview: Code Path: /home/paule/MAD
Context File: /home/paule/MAD/.mad/CONTEXT.md

test prompt

IMPORTANT: Write your complete output as JSON to this file: /home/paule/MAD/.tmp/test-activity-reset.output.json
...
2026-03-07 11:48:48,308 INFO Starting kilo in cwd=/home/paule/MAD with cmd: ['kilo', 'run', '--auto', 'Read /home/paule/MAD/.tmp/test-activity-reset.instructions and follow the instructions exactly.']
2026-03-07 11:48:48,308 INFO status.feature_slug = 'test-activity-reset'
2026-03-07 11:48:48,308 INFO Logging to: /home/paule/MAD/logs/kilo-test-activity-reset-1772912928.log
2026-03-07 11:48:48,308 WARNING [runner] No output file found, using stdout
2026-03-07 11:48:48,309 INFO [runner] Log file closed
2026-03-07 11:48:48,332 INFO [runner] Wrote instructions for 'test-kill': 313 chars
2026-03-07 11:48:48,332 INFO [runner] Instructions preview: Code Path: /home/paule/MAD
Context File: /home/paule/MAD/.mad/CONTEXT.md

test prompt

IMPORTANT: Write your complete output as JSON to this file: /home/paule/MAD/.tmp/test-kill.output.json
Write ONLY...
2026-03-07 11:48:48,332 INFO Starting kilo in cwd=/home/paule/MAD with cmd: ['kilo', 'run', '--auto', 'Read /home/paule/MAD/.tmp/test-kill.instructions and follow the instructions exactly.']
2026-03-07 11:48:48,332 INFO status.feature_slug = 'test-kill'
2026-03-07 11:48:48,332 INFO Logging to: /home/paule/MAD/logs/kilo-test-kill-1772912928.log
2026-03-07 11:48:48,332 WARNING [runner] Kill requested by user. Terminating agent.
2026-03-07 11:48:48,332 INFO [runner] Log file closed
2026-03-07 11:48:48,413 INFO [runner] Wrote instructions for 'test-kill-running': 321 chars
2026-03-07 11:48:48,413 INFO [runner] Instructions preview: Code Path: /home/paule/MAD
Context File: /home/paule/MAD/.mad/CONTEXT.md

test prompt

IMPORTANT: Write your complete output as JSON to this file: /home/paule/MAD/.tmp/test-kill-running.output.json
Wr...
2026-03-07 11:48:48,413 INFO Starting kilo in cwd=/home/paule/MAD with cmd: ['kilo', 'run', '--auto', 'Read /home/paule/MAD/.tmp/test-kill-running.instructions and follow the instructions exactly.']
2026-03-07 11:48:48,413 INFO status.feature_slug = 'test-kill-running'
2026-03-07 11:48:48,413 INFO Logging to: /home/paule/MAD/logs/kilo-test-kill-running-1772912928.log
2026-03-07 11:48:48,413 WARNING [runner] Kill requested by user. Terminating agent.
2026-03-07 11:48:48,413 INFO [runner] Log file closed
2026-03-07 11:48:48,491 INFO [runner] Wrote instructions for 'test-kill-lines': 319 chars
2026-03-07 11:48:48,491 INFO [runner] Instructions preview: Code Path: /home/paule/MAD
Context File: /home/paule/MAD/.mad/CONTEXT.md

test prompt

IMPORTANT: Write your complete output as JSON to this file: /home/paule/MAD/.tmp/test-kill-lines.output.json
Writ...
2026-03-07 11:48:48,491 INFO Starting kilo in cwd=/home/paule/MAD with cmd: ['kilo', 'run', '--auto', 'Read /home/paule/MAD/.tmp/test-kill-lines.instructions and follow the instructions exactly.']
2026-03-07 11:48:48,491 INFO status.feature_slug = 'test-kill-lines'
2026-03-07 11:48:48,491 INFO Logging to: /home/paule/MAD/logs/kilo-test-kill-lines-1772912928.log
2026-03-07 11:48:48,491 WARNING [runner] Kill requested by user. Terminating agent.
2026-03-07 11:48:48,491 INFO [runner] Log file closed
2026-03-07 11:48:48,570 INFO [runner] Wrote instructions for 'test-finally': 316 chars
2026-03-07 11:48:48,570 INFO [runner] Instructions preview: Code Path: /home/paule/MAD
Context File: /home/paule/MAD/.mad/CONTEXT.md

test prompt

IMPORTANT: Write your complete output as JSON to this file: /home/paule/MAD/.tmp/test-finally.output.json
Write O...
2026-03-07 11:48:48,570 INFO Starting kilo in cwd=/home/paule/MAD with cmd: ['kilo', 'run', '--auto', 'Read /home/paule/MAD/.tmp/test-finally.instructions and follow the instructions exactly.']
2026-03-07 11:48:48,570 INFO status.feature_slug = 'test-finally'
2026-03-07 11:48:48,570 INFO Logging to: /home/paule/MAD/logs/kilo-test-finally-1772912928.log
2026-03-07 11:48:48,570 WARNING [runner] Kill requested by user. Terminating agent.
2026-03-07 11:48:48,570 WARNING [runner] No output file found, using stdout
2026-03-07 11:48:48,571 INFO [runner] Log file closed
2026-03-07 11:48:48,857 INFO [runner] Wrote instructions for 'test-kill-after-exit': 324 chars
2026-03-07 11:48:48,858 INFO [runner] Instructions preview: Code Path: /home/paule/MAD
Context File: /home/paule/MAD/.mad/CONTEXT.md

test prompt

IMPORTANT: Write your complete output as JSON to this file: /home/paule/MAD/.tmp/test-kill-after-exit.output.json...
2026-03-07 11:48:48,858 INFO Starting kilo in cwd=/home/paule/MAD with cmd: ['kilo', 'run', '--auto', 'Read /home/paule/MAD/.tmp/test-kill-after-exit.instructions and follow the instructions exactly.']
2026-03-07 11:48:48,858 INFO status.feature_slug = 'test-kill-after-exit'
2026-03-07 11:48:48,858 INFO Logging to: /home/paule/MAD/logs/kilo-test-kill-after-exit-1772912928.log
2026-03-07 11:48:48,858 WARNING [runner] Kill requested by user. Terminating agent.
2026-03-07 11:48:48,858 WARNING [runner] No output file found, using stdout
2026-03-07 11:48:48,858 INFO [runner] Log file closed
2026-03-07 11:48:49,651 INFO [auto-plan] Skipping - planning already in progress
2026-03-07 11:48:49,651 INFO [auto-impl] Skipping - implementation already in progress
2026-03-07 11:48:56,960 INFO [runner] Wrote instructions for 'test-pid': 312 chars
2026-03-07 11:48:56,960 INFO [runner] Instructions preview: Code Path: /home/paule/MAD
Context File: /home/paule/MAD/.mad/CONTEXT.md

test prompt

IMPORTANT: Write your complete output as JSON to this file: /home/paule/MAD/.tmp/test-pid.output.json
Write ONLY ...
2026-03-07 11:48:56,961 INFO Starting kilo in cwd=/home/paule/MAD with cmd: ['kilo', 'run', '--auto', 'Read /home/paule/MAD/.tmp/test-pid.instructions and follow the instructions exactly.']
2026-03-07 11:48:56,961 INFO status.feature_slug = 'test-pid'
2026-03-07 11:48:56,961 INFO Logging to: /home/paule/MAD/logs/kilo-test-pid-1772912936.log
2026-03-07 11:48:56,961 WARNING [runner] No output file found, using stdout
2026-03-07 11:48:56,961 INFO [runner] Log file closed
2026-03-07 11:48:56,982 INFO [runner] Wrote instructions for 'test-pid-reset': 318 chars
2026-03-07 11:48:56,982 INFO [runner] Instructions preview: Code Path: /home/paule/MAD
Context File: /home/paule/MAD/.mad/CONTEXT.md

test prompt

IMPORTANT: Write your complete output as JSON to this file: /home/paule/MAD/.tmp/test-pid-reset.output.json
Write...
2026-03-07 11:48:56,982 INFO Starting kilo in cwd=/home/paule/MAD with cmd: ['kilo', 'run', '--auto', 'Read /home/paule/MAD/.tmp/test-pid-reset.instructions and follow the instructions exactly.']
2026-03-07 11:48:56,982 INFO status.feature_slug = 'test-pid-reset'
2026-03-07 11:48:56,983 INFO Logging to: /home/paule/MAD/logs/kilo-test-pid-reset-1772912936.log
2026-03-07 11:48:56,983 WARNING [runner] No output file found, using stdout
2026-03-07 11:48:56,983 INFO [runner] Log file closed
2026-03-07 11:48:56,996 INFO [runner] Wrote instructions for 'test-activity': 317 chars
2026-03-07 11:48:56,996 INFO [runner] Instructions preview: Code Path: /home/paule/MAD
Context File: /home/paule/MAD/.mad/CONTEXT.md

test prompt

IMPORTANT: Write your complete output as JSON to this file: /home/paule/MAD/.tmp/test-activity.output.json
Write ...
2026-03-07 11:48:56,996 INFO Starting kilo in cwd=/home/paule/MAD with cmd: ['kilo', 'run', '--auto', 'Read /home/paule/MAD/.tmp/test-activity.instructions and follow the instructions exactly.']
2026-03-07 11:48:56,996 INFO status.feature_slug = 'test-activity'
2026-03-07 11:48:56,996 INFO Logging to: /home/paule/MAD/logs/kilo-test-activity-1772912936.log
2026-03-07 11:48:56,996 WARNING [runner] No output file found, using stdout
2026-03-07 11:48:56,997 INFO [runner] Log file closed
2026-03-07 11:48:57,010 INFO [runner] Wrote instructions for 'test-activity-reset': 323 chars
2026-03-07 11:48:57,010 INFO [runner] Instructions preview: Code Path: /home/paule/MAD
Context File: /home/paule/MAD/.mad/CONTEXT.md

test prompt

IMPORTANT: Write your complete output as JSON to this file: /home/paule/MAD/.tmp/test-activity-reset.output.json
...
2026-03-07 11:48:57,010 INFO Starting kilo in cwd=/home/paule/MAD with cmd: ['kilo', 'run', '--auto', 'Read /home/paule/MAD/.tmp/test-activity-reset.instructions and follow the instructions exactly.']
2026-03-07 11:48:57,010 INFO status.feature_slug = 'test-activity-reset'
2026-03-07 11:48:57,010 INFO Logging to: /home/paule/MAD/logs/kilo-test-activity-reset-1772912937.log
2026-03-07 11:48:57,010 WARNING [runner] No output file found, using stdout
2026-03-07 11:48:57,011 INFO [runner] Log file closed
2026-03-07 11:48:57,029 INFO [runner] Wrote instructions for 'test-kill': 313 chars
2026-03-07 11:48:57,029 INFO [runner] Instructions preview: Code Path: /home/paule/MAD
Context File: /home/paule/MAD/.mad/CONTEXT.md

test prompt

IMPORTANT: Write your complete output as JSON to this file: /home/paule/MAD/.tmp/test-kill.output.json
Write ONLY...
2026-03-07 11:48:57,029 INFO Starting kilo in cwd=/home/paule/MAD with cmd: ['kilo', 'run', '--auto', 'Read /home/paule/MAD/.tmp/test-kill.instructions and follow the instructions exactly.']
2026-03-07 11:48:57,029 INFO status.feature_slug = 'test-kill'
2026-03-07 11:48:57,029 INFO Logging to: /home/paule/MAD/logs/kilo-test-kill-1772912937.log
2026-03-07 11:48:57,029 WARNING [runner] Kill requested by user. Terminating agent.
2026-03-07 11:48:57,029 INFO [runner] Log file closed
2026-03-07 11:48:57,105 INFO [runner] Wrote instructions for 'test-kill-running': 321 chars
2026-03-07 11:48:57,105 INFO [runner] Instructions preview: Code Path: /home/paule/MAD
Context File: /home/paule/MAD/.mad/CONTEXT.md

test prompt

IMPORTANT: Write your complete output as JSON to this file: /home/paule/MAD/.tmp/test-kill-running.output.json
Wr...
2026-03-07 11:48:57,105 INFO Starting kilo in cwd=/home/paule/MAD with cmd: ['kilo', 'run', '--auto', 'Read /home/paule/MAD/.tmp/test-kill-running.instructions and follow the instructions exactly.']
2026-03-07 11:48:57,105 INFO status.feature_slug = 'test-kill-running'
2026-03-07 11:48:57,105 INFO Logging to: /home/paule/MAD/logs/kilo-test-kill-running-1772912937.log
2026-03-07 11:48:57,105 WARNING [runner] Kill requested by user. Terminating agent.
2026-03-07 11:48:57,105 INFO [runner] Log file closed
2026-03-07 11:48:57,170 INFO [runner] Wrote instructions for 'test-kill-lines': 319 chars
2026-03-07 11:48:57,170 INFO [runner] Instructions preview: Code Path: /home/paule/MAD
Context File: /home/paule/MAD/.mad/CONTEXT.md

test prompt

IMPORTANT: Write your complete output as JSON to this file: /home/paule/MAD/.tmp/test-kill-lines.output.json
Writ...
2026-03-07 11:48:57,170 INFO Starting kilo in cwd=/home/paule/MAD with cmd: ['kilo', 'run', '--auto', 'Read /home/paule/MAD/.tmp/test-kill-lines.instructions and follow the instructions exactly.']
2026-03-07 11:48:57,170 INFO status.feature_slug = 'test-kill-lines'
2026-03-07 11:48:57,170 INFO Logging to: /home/paule/MAD/logs/kilo-test-kill-lines-1772912937.log
2026-03-07 11:48:57,170 WARNING [runner] Kill requested by user. Terminating agent.
2026-03-07 11:48:57,170 INFO [runner] Log file closed
2026-03-07 11:48:57,244 INFO [runner] Wrote instructions for 'test-finally': 316 chars
2026-03-07 11:48:57,244 INFO [runner] Instructions preview: Code Path: /home/paule/MAD
Context File: /home/paule/MAD/.mad/CONTEXT.md

test prompt

IMPORTANT: Write your complete output as JSON to this file: /home/paule/MAD/.tmp/test-finally.output.json
Write O...
2026-03-07 11:48:57,244 INFO Starting kilo in cwd=/home/paule/MAD with cmd: ['kilo', 'run', '--auto', 'Read /home/paule/MAD/.tmp/test-finally.instructions and follow the instructions exactly.']
2026-03-07 11:48:57,244 INFO status.feature_slug = 'test-finally'
2026-03-07 11:48:57,244 INFO Logging to: /home/paule/MAD/logs/kilo-test-finally-1772912937.log
2026-03-07 11:48:57,244 WARNING [runner] Kill requested by user. Terminating agent.
2026-03-07 11:48:57,244 WARNING [runner] No output file found, using stdout
2026-03-07 11:48:57,245 INFO [runner] Log file closed
2026-03-07 11:48:57,483 INFO [runner] Wrote instructions for 'test-kill-after-exit': 324 chars
2026-03-07 11:48:57,483 INFO [runner] Instructions preview: Code Path: /home/paule/MAD
Context File: /home/paule/MAD/.mad/CONTEXT.md

test prompt

IMPORTANT: Write your complete output as JSON to this file: /home/paule/MAD/.tmp/test-kill-after-exit.output.json...
2026-03-07 11:48:57,484 INFO Starting kilo in cwd=/home/paule/MAD with cmd: ['kilo', 'run', '--auto', 'Read /home/paule/MAD/.tmp/test-kill-after-exit.instructions and follow the instructions exactly.']
2026-03-07 11:48:57,484 INFO status.feature_slug = 'test-kill-after-exit'
2026-03-07 11:48:57,484 INFO Logging to: /home/paule/MAD/logs/kilo-test-kill-after-exit-1772912937.log
2026-03-07 11:48:57,484 WARNING [runner] Kill requested by user. Terminating agent.
2026-03-07 11:48:57,484 WARNING [runner] No output file found, using stdout
2026-03-07 11:48:57,484 INFO [runner] Log file closed
2026-03-07 11:48:59,646 INFO [auto-plan] Skipping - planning already in progress
2026-03-07 11:48:59,647 INFO [auto-impl] Skipping - implementation already in progress
2026-03-07 11:49:09,644 INFO [auto-plan] Skipping - planning already in progress
2026-03-07 11:49:09,644 INFO [auto-impl] Skipping - implementation already in progress
2026-03-07 11:49:19,641 INFO [auto-plan] Skipping - planning already in progress
2026-03-07 11:49:19,641 INFO [auto-impl] Skipping - implementation already in progress
2026-03-07 11:49:29,644 INFO [auto-plan] Skipping - planning already in progress
2026-03-07 11:49:29,645 INFO [auto-impl] Skipping - implementation already in progress
2026-03-07 11:49:39,647 INFO [auto-plan] Skipping - planning already in progress
2026-03-07 11:49:39,647 INFO [auto-impl] Skipping - implementation already in progress
2026-03-07 11:49:49,643 INFO [auto-plan] Skipping - planning already in progress
2026-03-07 11:49:49,643 INFO [auto-impl] Skipping - implementation already in progress
2026-03-07 11:49:54,803 INFO [runner] Wrote instructions for 'test-pid': 312 chars
2026-03-07 11:49:54,803 INFO [runner] Instructions preview: Code Path: /home/paule/MAD
Context File: /home/paule/MAD/.mad/CONTEXT.md

test prompt

IMPORTANT: Write your complete output as JSON to this file: /home/paule/MAD/.tmp/test-pid.output.json
Write ONLY ...
2026-03-07 11:49:54,803 INFO Starting kilo in cwd=/home/paule/MAD with cmd: ['kilo', 'run', '--auto', 'Read /home/paule/MAD/.tmp/test-pid.instructions and follow the instructions exactly.']
2026-03-07 11:49:54,803 INFO status.feature_slug = 'test-pid'
2026-03-07 11:49:54,803 INFO Logging to: /home/paule/MAD/logs/kilo-test-pid-1772912994.log
2026-03-07 11:49:54,804 WARNING [runner] No output file found, using stdout
2026-03-07 11:49:54,804 INFO [runner] Log file closed
2026-03-07 11:49:58,216 INFO [runner] Wrote instructions for 'test-pid': 312 chars
2026-03-07 11:49:58,216 INFO [runner] Instructions preview: Code Path: /home/paule/MAD
Context File: /home/paule/MAD/.mad/CONTEXT.md

test prompt

IMPORTANT: Write your complete output as JSON to this file: /home/paule/MAD/.tmp/test-pid.output.json
Write ONLY ...
2026-03-07 11:49:58,216 INFO Starting kilo in cwd=/home/paule/MAD with cmd: ['kilo', 'run', '--auto', 'Read /home/paule/MAD/.tmp/test-pid.instructions and follow the instructions exactly.']
2026-03-07 11:49:58,216 INFO status.feature_slug = 'test-pid'
2026-03-07 11:49:58,217 INFO Logging to: /home/paule/MAD/logs/kilo-test-pid-1772912998.log
2026-03-07 11:49:58,217 WARNING [runner] No output file found, using stdout
2026-03-07 11:49:58,217 INFO [runner] Log file closed
2026-03-07 11:49:59,640 INFO [auto-plan] Skipping - planning already in progress
2026-03-07 11:49:59,640 INFO [auto-impl] Skipping - implementation already in progress
2026-03-07 11:50:09,641 INFO [auto-plan] Skipping - planning already in progress
2026-03-07 11:50:09,641 INFO [auto-impl] Skipping - implementation already in progress
2026-03-07 11:50:19,637 INFO [auto-plan] Skipping - planning already in progress
2026-03-07 11:50:19,637 INFO [auto-impl] Skipping - implementation already in progress
2026-03-07 11:50:29,643 INFO [auto-plan] Skipping - planning already in progress
2026-03-07 11:50:29,644 INFO [auto-impl] Skipping - implementation already in progress
2026-03-07 11:50:37,789 INFO [runner] Read 702 chars from output file
2026-03-07 11:50:37,789 INFO [runner] Log file closed
2026-03-07 11:50:37,789 ERROR [planning] headless() failed for bug-approving-idea-from-webui-doesn't-work: claude exited with code 1.
stderr: (no stderr)
2026-03-07 11:50:39,678 INFO [auto-plan] Checking boards: ['mad']
2026-03-07 11:50:39,679 INFO [auto-plan] mad: plan-inbox=5, reviewing-plan=0
2026-03-07 11:50:39,680 INFO [auto-plan] Starting: bug-approving-idea-from-webui-doesn't-work (plan-inbox)
2026-03-07 11:50:39,681 INFO [auto-impl] Skipping - implementation already in progress
2026-03-07 11:50:39,695 INFO [planning] Starting: bug-approving-idea-from-webui-doesn't-work
2026-03-07 11:50:39,715 INFO [planning] Running: bug-approving-idea-from-webui-doesn't-work
2026-03-07 11:50:39,718 INFO [runner] Loaded checkpoint for bug-approving-idea-from-webui-doesnt-work: 7 completed steps
2026-03-07 11:50:39,718 INFO [runner] Wrote instructions for 'bug-approving-idea-from-webui-doesnt-work': 4042 chars
2026-03-07 11:50:39,718 INFO [runner] Instructions preview: Code Path: /home/paule/MAD
Context File: /home/paule/MAD/.mad/CONTEXT.md

# Design Planning: bug-approving-idea-from-webui-doesn't-work

**Description:** Approving an idea from the webui doesn't actua...
2026-03-07 11:50:39,720 INFO Starting claude in cwd=/home/paule/MAD with cmd: ['claude', '-p', 'Read /home/paule/MAD/.tmp/bug-approving-idea-from-webui-doesnt-work.instructions and follow the instructions exactly.', '--dangerously-skip-permissions']
2026-03-07 11:50:39,720 INFO status.feature_slug = 'bug-approving-idea-from-webui-doesnt-work'
2026-03-07 11:50:39,720 INFO Logging to: /home/paule/MAD/logs/claude-bug-approving-idea-from-webui-doesnt-work-1772913039.log
2026-03-07 11:50:41,333 INFO [runner] Read 702 chars from output file
2026-03-07 11:50:41,333 INFO [runner] Log file closed
2026-03-07 11:50:41,333 ERROR [planning] headless() failed for bug-approving-idea-from-webui-doesn't-work: claude exited with code 1.
stderr: (no stderr)
2026-03-07 11:50:49,842 INFO [auto-impl] Skipping - implementation already in progress
2026-03-07 11:50:59,650 INFO [auto-impl] Skipping - implementation already in progress
2026-03-07 11:51:09,638 INFO [auto-impl] Skipping - implementation already in progress
2026-03-07 11:51:19,626 INFO [auto-impl] Skipping - implementation already in progress
2026-03-07 11:51:29,633 INFO [auto-impl] Skipping - implementation already in progress
2026-03-07 11:51:39,626 INFO [auto-impl] Skipping - implementation already in progress
2026-03-07 11:51:49,625 INFO [auto-plan] Checking boards: ['mad']
2026-03-07 11:51:49,626 INFO [auto-plan] mad: plan-inbox=5, reviewing-plan=0
2026-03-07 11:51:49,626 INFO [auto-plan] Starting: bug-approving-idea-from-webui-doesn't-work (plan-inbox)
2026-03-07 11:51:49,627 INFO [auto-impl] Skipping - implementation already in progress
2026-03-07 11:51:49,630 INFO [planning] Starting: bug-approving-idea-from-webui-doesn't-work
2026-03-07 11:51:49,632 INFO [planning] Running: bug-approving-idea-from-webui-doesn't-work
2026-03-07 11:51:49,633 INFO [runner] Loaded checkpoint for bug-approving-idea-from-webui-doesnt-work: 7 completed steps
2026-03-07 11:51:49,633 INFO [runner] Wrote instructions for 'bug-approving-idea-from-webui-doesnt-work': 4042 chars
2026-03-07 11:51:49,633 INFO [runner] Instructions preview: Code Path: /home/paule/MAD
Context File: /home/paule/MAD/.mad/CONTEXT.md

# Design Planning: bug-approving-idea-from-webui-doesn't-work

**Description:** Approving an idea from the webui doesn't actua...
2026-03-07 11:51:49,634 INFO Starting claude in cwd=/home/paule/MAD with cmd: ['claude', '-p', 'Read /home/paule/MAD/.tmp/bug-approving-idea-from-webui-doesnt-work.instructions and follow the instructions exactly.', '--dangerously-skip-permissions']
2026-03-07 11:51:49,634 INFO status.feature_slug = 'bug-approving-idea-from-webui-doesnt-work'
2026-03-07 11:51:49,635 INFO Logging to: /home/paule/MAD/logs/claude-bug-approving-idea-from-webui-doesnt-work-1772913109.log
2026-03-07 11:51:50,927 INFO [runner] Read 702 chars from output file
2026-03-07 11:51:50,927 INFO [runner] Log file closed
2026-03-07 11:51:50,927 ERROR [planning] headless() failed for bug-approving-idea-from-webui-doesn't-work: claude exited with code 1.
stderr: (no stderr)
2026-03-07 11:51:59,681 INFO [auto-impl] Skipping - implementation already in progress
2026-03-07 11:52:09,625 INFO [auto-impl] Skipping - implementation already in progress
2026-03-07 11:52:19,622 INFO [auto-impl] Skipping - implementation already in progress
2026-03-07 11:52:29,700 INFO [auto-impl] Skipping - implementation already in progress
2026-03-07 11:52:39,677 INFO [auto-impl] Skipping - implementation already in progress
2026-03-07 11:52:49,618 INFO [auto-impl] Skipping - implementation already in progress
2026-03-07 11:52:59,620 INFO [auto-plan] Checking boards: ['mad']
2026-03-07 11:52:59,622 INFO [auto-plan] mad: plan-inbox=5, reviewing-plan=0
2026-03-07 11:52:59,622 INFO [auto-plan] Starting: bug-approving-idea-from-webui-doesn't-work (plan-inbox)
2026-03-07 11:52:59,623 INFO [auto-impl] Skipping - implementation already in progress
2026-03-07 11:52:59,627 INFO [planning] Starting: bug-approving-idea-from-webui-doesn't-work
2026-03-07 11:52:59,632 INFO [planning] Running: bug-approving-idea-from-webui-doesn't-work
2026-03-07 11:52:59,633 INFO [runner] Loaded checkpoint for bug-approving-idea-from-webui-doesnt-work: 7 completed steps
2026-03-07 11:52:59,634 INFO [runner] Wrote instructions for 'bug-approving-idea-from-webui-doesnt-work': 4042 chars
2026-03-07 11:52:59,634 INFO [runner] Instructions preview: Code Path: /home/paule/MAD
Context File: /home/paule/MAD/.mad/CONTEXT.md

# Design Planning: bug-approving-idea-from-webui-doesn't-work

**Description:** Approving an idea from the webui doesn't actua...
2026-03-07 11:52:59,636 INFO Starting claude in cwd=/home/paule/MAD with cmd: ['claude', '-p', 'Read /home/paule/MAD/.tmp/bug-approving-idea-from-webui-doesnt-work.instructions and follow the instructions exactly.', '--dangerously-skip-permissions']
2026-03-07 11:52:59,636 INFO status.feature_slug = 'bug-approving-idea-from-webui-doesnt-work'
2026-03-07 11:52:59,637 INFO Logging to: /home/paule/MAD/logs/claude-bug-approving-idea-from-webui-doesnt-work-1772913179.log
2026-03-07 11:53:01,030 INFO [runner] Read 702 chars from output file
2026-03-07 11:53:01,030 INFO [runner] Log file closed
2026-03-07 11:53:01,030 ERROR [planning] headless() failed for bug-approving-idea-from-webui-doesn't-work: claude exited with code 1.
stderr: (no stderr)
2026-03-07 11:53:09,668 INFO [auto-impl] Skipping - implementation already in progress
2026-03-07 11:53:15,695 INFO [runner] Wrote instructions for 'test-pid': 312 chars
2026-03-07 11:53:15,695 INFO [runner] Instructions preview: Code Path: /home/paule/MAD
Context File: /home/paule/MAD/.mad/CONTEXT.md

test prompt

IMPORTANT: Write your complete output as JSON to this file: /home/paule/MAD/.tmp/test-pid.output.json
Write ONLY ...
2026-03-07 11:53:15,696 INFO Starting kilo in cwd=/home/paule/MAD with cmd: ['kilo', 'run', '--auto', 'Read /home/paule/MAD/.tmp/test-pid.instructions and follow the instructions exactly.']
2026-03-07 11:53:15,696 INFO status.feature_slug = 'test-pid'
2026-03-07 11:53:15,696 INFO Logging to: /home/paule/MAD/logs/kilo-test-pid-1772913195.log
2026-03-07 11:53:15,696 WARNING [runner] No output file found, using stdout
2026-03-07 11:53:15,696 INFO [runner] Log file closed
2026-03-07 11:53:15,716 INFO [runner] Wrote instructions for 'test-pid-reset': 318 chars
2026-03-07 11:53:15,716 INFO [runner] Instructions preview: Code Path: /home/paule/MAD
Context File: /home/paule/MAD/.mad/CONTEXT.md

test prompt

IMPORTANT: Write your complete output as JSON to this file: /home/paule/MAD/.tmp/test-pid-reset.output.json
Write...
2026-03-07 11:53:15,716 INFO Starting kilo in cwd=/home/paule/MAD with cmd: ['kilo', 'run', '--auto', 'Read /home/paule/MAD/.tmp/test-pid-reset.instructions and follow the instructions exactly.']
2026-03-07 11:53:15,716 INFO status.feature_slug = 'test-pid-reset'
2026-03-07 11:53:15,716 INFO Logging to: /home/paule/MAD/logs/kilo-test-pid-reset-1772913195.log
2026-03-07 11:53:15,716 WARNING [runner] No output file found, using stdout
2026-03-07 11:53:15,716 INFO [runner] Log file closed
2026-03-07 11:53:15,730 INFO [runner] Wrote instructions for 'test-activity': 317 chars
2026-03-07 11:53:15,730 INFO [runner] Instructions preview: Code Path: /home/paule/MAD
Context File: /home/paule/MAD/.mad/CONTEXT.md

test prompt

IMPORTANT: Write your complete output as JSON to this file: /home/paule/MAD/.tmp/test-activity.output.json
Write ...
2026-03-07 11:53:15,730 INFO Starting kilo in cwd=/home/paule/MAD with cmd: ['kilo', 'run', '--auto', 'Read /home/paule/MAD/.tmp/test-activity.instructions and follow the instructions exactly.']
2026-03-07 11:53:15,730 INFO status.feature_slug = 'test-activity'
2026-03-07 11:53:15,730 INFO Logging to: /home/paule/MAD/logs/kilo-test-activity-1772913195.log
2026-03-07 11:53:15,731 WARNING [runner] No output file found, using stdout
2026-03-07 11:53:15,731 INFO [runner] Log file closed
2026-03-07 11:53:15,744 INFO [runner] Wrote instructions for 'test-activity-reset': 323 chars
2026-03-07 11:53:15,744 INFO [runner] Instructions preview: Code Path: /home/paule/MAD
Context File: /home/paule/MAD/.mad/CONTEXT.md

test prompt

IMPORTANT: Write your complete output as JSON to this file: /home/paule/MAD/.tmp/test-activity-reset.output.json
...
2026-03-07 11:53:15,744 INFO Starting kilo in cwd=/home/paule/MAD with cmd: ['kilo', 'run', '--auto', 'Read /home/paule/MAD/.tmp/test-activity-reset.instructions and follow the instructions exactly.']
2026-03-07 11:53:15,744 INFO status.feature_slug = 'test-activity-reset'
2026-03-07 11:53:15,744 INFO Logging to: /home/paule/MAD/logs/kilo-test-activity-reset-1772913195.log
2026-03-07 11:53:15,744 WARNING [runner] No output file found, using stdout
2026-03-07 11:53:15,744 INFO [runner] Log file closed
2026-03-07 11:53:15,766 INFO [runner] Wrote instructions for 'test-kill': 313 chars
2026-03-07 11:53:15,766 INFO [runner] Instructions preview: Code Path: /home/paule/MAD
Context File: /home/paule/MAD/.mad/CONTEXT.md

test prompt

IMPORTANT: Write your complete output as JSON to this file: /home/paule/MAD/.tmp/test-kill.output.json
Write ONLY...
2026-03-07 11:53:15,766 INFO Starting kilo in cwd=/home/paule/MAD with cmd: ['kilo', 'run', '--auto', 'Read /home/paule/MAD/.tmp/test-kill.instructions and follow the instructions exactly.']
2026-03-07 11:53:15,766 INFO status.feature_slug = 'test-kill'
2026-03-07 11:53:15,766 INFO Logging to: /home/paule/MAD/logs/kilo-test-kill-1772913195.log
2026-03-07 11:53:15,766 WARNING [runner] Kill requested by user. Terminating agent.
2026-03-07 11:53:15,766 INFO [runner] Log file closed
2026-03-07 11:53:15,842 INFO [runner] Wrote instructions for 'test-kill-running': 321 chars
2026-03-07 11:53:15,842 INFO [runner] Instructions preview: Code Path: /home/paule/MAD
Context File: /home/paule/MAD/.mad/CONTEXT.md

test prompt

IMPORTANT: Write your complete output as JSON to this file: /home/paule/MAD/.tmp/test-kill-running.output.json
Wr...
2026-03-07 11:53:15,843 INFO Starting kilo in cwd=/home/paule/MAD with cmd: ['kilo', 'run', '--auto', 'Read /home/paule/MAD/.tmp/test-kill-running.instructions and follow the instructions exactly.']
2026-03-07 11:53:15,843 INFO status.feature_slug = 'test-kill-running'
2026-03-07 11:53:15,843 INFO Logging to: /home/paule/MAD/logs/kilo-test-kill-running-1772913195.log
2026-03-07 11:53:15,843 WARNING [runner] Kill requested by user. Terminating agent.
2026-03-07 11:53:15,843 INFO [runner] Log file closed
2026-03-07 11:53:15,905 INFO [runner] Wrote instructions for 'test-kill-lines': 319 chars
2026-03-07 11:53:15,905 INFO [runner] Instructions preview: Code Path: /home/paule/MAD
Context File: /home/paule/MAD/.mad/CONTEXT.md

test prompt

IMPORTANT: Write your complete output as JSON to this file: /home/paule/MAD/.tmp/test-kill-lines.output.json
Writ...
2026-03-07 11:53:15,905 INFO Starting kilo in cwd=/home/paule/MAD with cmd: ['kilo', 'run', '--auto', 'Read /home/paule/MAD/.tmp/test-kill-lines.instructions and follow the instructions exactly.']
2026-03-07 11:53:15,905 INFO status.feature_slug = 'test-kill-lines'
2026-03-07 11:53:15,905 INFO Logging to: /home/paule/MAD/logs/kilo-test-kill-lines-1772913195.log
2026-03-07 11:53:15,905 WARNING [runner] Kill requested by user. Terminating agent.
2026-03-07 11:53:15,905 INFO [runner] Log file closed
2026-03-07 11:53:15,973 INFO [runner] Wrote instructions for 'test-finally': 316 chars
2026-03-07 11:53:15,973 INFO [runner] Instructions preview: Code Path: /home/paule/MAD
Context File: /home/paule/MAD/.mad/CONTEXT.md

test prompt

IMPORTANT: Write your complete output as JSON to this file: /home/paule/MAD/.tmp/test-finally.output.json
Write O...
2026-03-07 11:53:15,973 INFO Starting kilo in cwd=/home/paule/MAD with cmd: ['kilo', 'run', '--auto', 'Read /home/paule/MAD/.tmp/test-finally.instructions and follow the instructions exactly.']
2026-03-07 11:53:15,973 INFO status.feature_slug = 'test-finally'
2026-03-07 11:53:15,973 INFO Logging to: /home/paule/MAD/logs/kilo-test-finally-1772913195.log
2026-03-07 11:53:15,973 WARNING [runner] Kill requested by user. Terminating agent.
2026-03-07 11:53:15,974 WARNING [runner] No output file found, using stdout
2026-03-07 11:53:15,974 INFO [runner] Log file closed
2026-03-07 11:53:16,098 INFO [runner] Wrote instructions for 'test-kill-after-exit': 324 chars
2026-03-07 11:53:16,099 INFO [runner] Instructions preview: Code Path: /home/paule/MAD
Context File: /home/paule/MAD/.mad/CONTEXT.md

test prompt

IMPORTANT: Write your complete output as JSON to this file: /home/paule/MAD/.tmp/test-kill-after-exit.output.json...
2026-03-07 11:53:16,099 INFO Starting kilo in cwd=/home/paule/MAD with cmd: ['kilo', 'run', '--auto', 'Read /home/paule/MAD/.tmp/test-kill-after-exit.instructions and follow the instructions exactly.']
2026-03-07 11:53:16,099 INFO status.feature_slug = 'test-kill-after-exit'
2026-03-07 11:53:16,099 INFO Logging to: /home/paule/MAD/logs/kilo-test-kill-after-exit-1772913196.log
2026-03-07 11:53:16,099 WARNING [runner] Kill requested by user. Terminating agent.
2026-03-07 11:53:16,099 WARNING [runner] No output file found, using stdout
2026-03-07 11:53:16,099 INFO [runner] Log file closed
2026-03-07 11:53:19,616 INFO [auto-impl] Skipping - implementation already in progress
2026-03-07 11:53:29,618 INFO [auto-impl] Skipping - implementation already in progress
2026-03-07 11:53:36,210 INFO [runner] Wrote instructions for 'test-pid': 312 chars
2026-03-07 11:53:36,211 INFO [runner] Instructions preview: Code Path: /home/paule/MAD
Context File: /home/paule/MAD/.mad/CONTEXT.md

test prompt

IMPORTANT: Write your complete output as JSON to this file: /home/paule/MAD/.tmp/test-pid.output.json
Write ONLY ...
2026-03-07 11:53:36,211 INFO Starting kilo in cwd=/home/paule/MAD with cmd: ['kilo', 'run', '--auto', 'Read /home/paule/MAD/.tmp/test-pid.instructions and follow the instructions exactly.']
2026-03-07 11:53:36,211 INFO status.feature_slug = 'test-pid'
2026-03-07 11:53:36,211 INFO Logging to: /home/paule/MAD/logs/kilo-test-pid-1772913216.log
2026-03-07 11:53:36,211 WARNING [runner] No output file found, using stdout
2026-03-07 11:53:36,211 INFO [runner] Log file closed
2026-03-07 11:53:39,617 INFO [auto-impl] Skipping - implementation already in progress
2026-03-07 11:53:44,220 INFO [runner] Wrote instructions for 'test-pid': 312 chars
2026-03-07 11:53:44,220 INFO [runner] Instructions preview: Code Path: /home/paule/MAD
Context File: /home/paule/MAD/.mad/CONTEXT.md

test prompt

IMPORTANT: Write your complete output as JSON to this file: /home/paule/MAD/.tmp/test-pid.output.json
Write ONLY ...
2026-03-07 11:53:44,220 INFO Starting kilo in cwd=/home/paule/MAD with cmd: ['kilo', 'run', '--auto', 'Read /home/paule/MAD/.tmp/test-pid.instructions and follow the instructions exactly.']
2026-03-07 11:53:44,220 INFO status.feature_slug = 'test-pid'
2026-03-07 11:53:44,220 INFO Logging to: /home/paule/MAD/logs/kilo-test-pid-1772913224.log
2026-03-07 11:53:44,221 WARNING [runner] No output file found, using stdout
2026-03-07 11:53:44,221 INFO [runner] Log file closed
2026-03-07 11:53:49,631 INFO [auto-impl] Skipping - implementation already in progress
2026-03-07 11:53:56,945 INFO [runner] Wrote instructions for 'test-pid': 312 chars
2026-03-07 11:53:56,945 INFO [runner] Instructions preview: Code Path: /home/paule/MAD
Context File: /home/paule/MAD/.mad/CONTEXT.md

test prompt

IMPORTANT: Write your complete output as JSON to this file: /home/paule/MAD/.tmp/test-pid.output.json
Write ONLY ...
2026-03-07 11:53:56,945 INFO Starting kilo in cwd=/home/paule/MAD with cmd: ['kilo', 'run', '--auto', 'Read /home/paule/MAD/.tmp/test-pid.instructions and follow the instructions exactly.']
2026-03-07 11:53:56,945 INFO status.feature_slug = 'test-pid'
2026-03-07 11:53:56,945 INFO Logging to: /home/paule/MAD/logs/kilo-test-pid-1772913236.log
2026-03-07 11:53:56,946 WARNING [runner] No output file found, using stdout
2026-03-07 11:53:56,946 INFO [runner] Log file closed
2026-03-07 11:53:59,625 INFO [auto-plan] Checking boards: ['mad']
2026-03-07 11:53:59,626 INFO [auto-plan] mad: plan-inbox=5, reviewing-plan=0
2026-03-07 11:53:59,627 INFO [auto-plan] Starting: bug-approving-idea-from-webui-doesn't-work (plan-inbox)
2026-03-07 11:53:59,628 INFO [auto-impl] Skipping - implementation already in progress
2026-03-07 11:53:59,633 INFO [planning] Starting: bug-approving-idea-from-webui-doesn't-work
2026-03-07 11:53:59,636 INFO [planning] Running: bug-approving-idea-from-webui-doesn't-work
2026-03-07 11:53:59,639 INFO [runner] Loaded checkpoint for bug-approving-idea-from-webui-doesnt-work: 7 completed steps
2026-03-07 11:53:59,640 INFO [runner] Wrote instructions for 'bug-approving-idea-from-webui-doesnt-work': 4042 chars
2026-03-07 11:53:59,640 INFO [runner] Instructions preview: Code Path: /home/paule/MAD
Context File: /home/paule/MAD/.mad/CONTEXT.md

# Design Planning: bug-approving-idea-from-webui-doesn't-work

**Description:** Approving an idea from the webui doesn't actua...
2026-03-07 11:53:59,641 INFO Starting claude in cwd=/home/paule/MAD with cmd: ['claude', '-p', 'Read /home/paule/MAD/.tmp/bug-approving-idea-from-webui-doesnt-work.instructions and follow the instructions exactly.', '--dangerously-skip-permissions']
2026-03-07 11:53:59,641 INFO status.feature_slug = 'bug-approving-idea-from-webui-doesnt-work'
2026-03-07 11:53:59,641 INFO Logging to: /home/paule/MAD/logs/claude-bug-approving-idea-from-webui-doesnt-work-1772913239.log
2026-03-07 11:54:01,230 INFO [runner] Read 702 chars from output file
2026-03-07 11:54:01,230 INFO [runner] Log file closed
2026-03-07 11:54:01,230 ERROR [planning] headless() failed for bug-approving-idea-from-webui-doesn't-work: claude exited with code 1.
stderr: (no stderr)
2026-03-07 11:54:09,691 INFO [auto-impl] Skipping - implementation already in progress
2026-03-07 11:54:10,291 INFO [runner] Wrote instructions for 'test-pid': 312 chars
2026-03-07 11:54:10,291 INFO [runner] Instructions preview: Code Path: /home/paule/MAD
Context File: /home/paule/MAD/.mad/CONTEXT.md

test prompt

IMPORTANT: Write your complete output as JSON to this file: /home/paule/MAD/.tmp/test-pid.output.json
Write ONLY ...
2026-03-07 11:54:10,291 INFO Starting kilo in cwd=/home/paule/MAD with cmd: ['kilo', 'run', '--auto', 'Read /home/paule/MAD/.tmp/test-pid.instructions and follow the instructions exactly.']
2026-03-07 11:54:10,291 INFO status.feature_slug = 'test-pid'
2026-03-07 11:54:10,291 INFO Logging to: /home/paule/MAD/logs/kilo-test-pid-1772913250.log
2026-03-07 11:54:10,292 WARNING [runner] No output file found, using stdout
2026-03-07 11:54:10,292 INFO [runner] Log file closed
2026-03-07 11:54:19,628 INFO [auto-impl] Skipping - implementation already in progress
2026-03-07 11:54:29,609 INFO [auto-impl] Skipping - implementation already in progress
2026-03-07 11:54:35,905 INFO [runner] Wrote instructions for 'test-pid': 312 chars
2026-03-07 11:54:35,905 INFO [runner] Instructions preview: Code Path: /home/paule/MAD
Context File: /home/paule/MAD/.mad/CONTEXT.md

test prompt

IMPORTANT: Write your complete output as JSON to this file: /home/paule/MAD/.tmp/test-pid.output.json
Write ONLY ...
2026-03-07 11:54:35,905 INFO Starting kilo in cwd=/home/paule/MAD with cmd: ['kilo', 'run', '--auto', 'Read /home/paule/MAD/.tmp/test-pid.instructions and follow the instructions exactly.']
2026-03-07 11:54:35,905 INFO status.feature_slug = 'test-pid'
2026-03-07 11:54:35,905 INFO Logging to: /home/paule/MAD/logs/kilo-test-pid-1772913275.log
2026-03-07 11:54:35,906 WARNING [runner] No output file found, using stdout
2026-03-07 11:54:35,906 INFO [runner] Log file closed
2026-03-07 11:54:39,608 INFO [auto-impl] Skipping - implementation already in progress
2026-03-07 11:54:49,611 INFO [auto-impl] Skipping - implementation already in progress
2026-03-07 11:54:56,919 INFO [runner] Wrote instructions for 'test-pid': 312 chars
2026-03-07 11:54:56,919 INFO [runner] Instructions preview: Code Path: /home/paule/MAD
Context File: /home/paule/MAD/.mad/CONTEXT.md

test prompt

IMPORTANT: Write your complete output as JSON to this file: /home/paule/MAD/.tmp/test-pid.output.json
Write ONLY ...
2026-03-07 11:54:56,919 INFO Starting kilo in cwd=/home/paule/MAD with cmd: ['kilo', 'run', '--auto', 'Read /home/paule/MAD/.tmp/test-pid.instructions and follow the instructions exactly.']
2026-03-07 11:54:56,919 INFO status.feature_slug = 'test-pid'
2026-03-07 11:54:56,919 INFO Logging to: /home/paule/MAD/logs/kilo-test-pid-1772913296.log
2026-03-07 11:54:56,920 WARNING [runner] No output file found, using stdout
2026-03-07 11:54:56,920 INFO [runner] Log file closed
2026-03-07 11:54:59,612 INFO [auto-impl] Skipping - implementation already in progress
2026-03-07 11:55:09,623 INFO [auto-plan] Checking boards: ['mad']
2026-03-07 11:55:09,626 INFO [auto-plan] mad: plan-inbox=5, reviewing-plan=0
2026-03-07 11:55:09,627 INFO [auto-plan] Starting: bug-approving-idea-from-webui-doesn't-work (plan-inbox)
2026-03-07 11:55:09,628 INFO [auto-impl] Skipping - implementation already in progress
2026-03-07 11:55:09,632 INFO [planning] Starting: bug-approving-idea-from-webui-doesn't-work
2026-03-07 11:55:09,640 INFO [planning] Running: bug-approving-idea-from-webui-doesn't-work
2026-03-07 11:55:09,652 INFO [runner] Loaded checkpoint for bug-approving-idea-from-webui-doesnt-work: 7 completed steps
2026-03-07 11:55:09,653 INFO [runner] Wrote instructions for 'bug-approving-idea-from-webui-doesnt-work': 4042 chars
2026-03-07 11:55:09,653 INFO [runner] Instructions preview: Code Path: /home/paule/MAD
Context File: /home/paule/MAD/.mad/CONTEXT.md

# Design Planning: bug-approving-idea-from-webui-doesn't-work

**Description:** Approving an idea from the webui doesn't actua...
2026-03-07 11:55:09,653 INFO Starting claude in cwd=/home/paule/MAD with cmd: ['claude', '-p', 'Read /home/paule/MAD/.tmp/bug-approving-idea-from-webui-doesnt-work.instructions and follow the instructions exactly.', '--dangerously-skip-permissions']
2026-03-07 11:55:09,654 INFO status.feature_slug = 'bug-approving-idea-from-webui-doesnt-work'
2026-03-07 11:55:09,655 INFO Logging to: /home/paule/MAD/logs/claude-bug-approving-idea-from-webui-doesnt-work-1772913309.log
2026-03-07 11:55:11,867 INFO [runner] Read 702 chars from output file
2026-03-07 11:55:11,867 INFO [runner] Log file closed
2026-03-07 11:55:11,867 ERROR [planning] headless() failed for bug-approving-idea-from-webui-doesn't-work: claude exited with code 1.
stderr: (no stderr)
2026-03-07 11:55:19,684 INFO [auto-impl] Skipping - implementation already in progress
2026-03-07 11:55:29,618 INFO [auto-impl] Skipping - implementation already in progress
2026-03-07 11:55:39,597 INFO [auto-impl] Skipping - implementation already in progress
2026-03-07 11:55:49,615 INFO [auto-impl] Skipping - implementation already in progress
2026-03-07 11:55:59,602 INFO [auto-impl] Skipping - implementation already in progress
2026-03-07 11:56:07,756 INFO [runner] Wrote instructions for 'test-pid': 312 chars
2026-03-07 11:56:07,756 INFO [runner] Instructions preview: Code Path: /home/paule/MAD
Context File: /home/paule/MAD/.mad/CONTEXT.md

test prompt

IMPORTANT: Write your complete output as JSON to this file: /home/paule/MAD/.tmp/test-pid.output.json
Write ONLY ...
2026-03-07 11:56:07,757 INFO Starting kilo in cwd=/home/paule/MAD with cmd: ['kilo', 'run', '--auto', 'Read /home/paule/MAD/.tmp/test-pid.instructions and follow the instructions exactly.']
2026-03-07 11:56:07,757 INFO status.feature_slug = 'test-pid'
2026-03-07 11:56:07,757 INFO Logging to: /home/paule/MAD/logs/kilo-test-pid-1772913367.log
2026-03-07 11:56:07,757 WARNING [runner] No output file found, using stdout
2026-03-07 11:56:07,758 INFO [runner] Log file closed
2026-03-07 11:56:07,786 INFO [runner] Wrote instructions for 'test-pid-reset': 318 chars
2026-03-07 11:56:07,786 INFO [runner] Instructions preview: Code Path: /home/paule/MAD
Context File: /home/paule/MAD/.mad/CONTEXT.md

test prompt

IMPORTANT: Write your complete output as JSON to this file: /home/paule/MAD/.tmp/test-pid-reset.output.json
Write...
2026-03-07 11:56:07,786 INFO Starting kilo in cwd=/home/paule/MAD with cmd: ['kilo', 'run', '--auto', 'Read /home/paule/MAD/.tmp/test-pid-reset.instructions and follow the instructions exactly.']
2026-03-07 11:56:07,786 INFO status.feature_slug = 'test-pid-reset'
2026-03-07 11:56:07,786 INFO Logging to: /home/paule/MAD/logs/kilo-test-pid-reset-1772913367.log
2026-03-07 11:56:07,787 WARNING [runner] No output file found, using stdout
2026-03-07 11:56:07,787 INFO [runner] Log file closed
2026-03-07 11:56:07,806 INFO [runner] Wrote instructions for 'test-activity': 317 chars
2026-03-07 11:56:07,806 INFO [runner] Instructions preview: Code Path: /home/paule/MAD
Context File: /home/paule/MAD/.mad/CONTEXT.md

test prompt

IMPORTANT: Write your complete output as JSON to this file: /home/paule/MAD/.tmp/test-activity.output.json
Write ...
2026-03-07 11:56:07,807 INFO Starting kilo in cwd=/home/paule/MAD with cmd: ['kilo', 'run', '--auto', 'Read /home/paule/MAD/.tmp/test-activity.instructions and follow the instructions exactly.']
2026-03-07 11:56:07,807 INFO status.feature_slug = 'test-activity'
2026-03-07 11:56:07,807 INFO Logging to: /home/paule/MAD/logs/kilo-test-activity-1772913367.log
2026-03-07 11:56:07,807 WARNING [runner] No output file found, using stdout
2026-03-07 11:56:07,808 INFO [runner] Log file closed
2026-03-07 11:56:07,827 INFO [runner] Wrote instructions for 'test-activity-reset': 323 chars
2026-03-07 11:56:07,827 INFO [runner] Instructions preview: Code Path: /home/paule/MAD
Context File: /home/paule/MAD/.mad/CONTEXT.md

test prompt

IMPORTANT: Write your complete output as JSON to this file: /home/paule/MAD/.tmp/test-activity-reset.output.json
...
2026-03-07 11:56:07,827 INFO Starting kilo in cwd=/home/paule/MAD with cmd: ['kilo', 'run', '--auto', 'Read /home/paule/MAD/.tmp/test-activity-reset.instructions and follow the instructions exactly.']
2026-03-07 11:56:07,827 INFO status.feature_slug = 'test-activity-reset'
2026-03-07 11:56:07,827 INFO Logging to: /home/paule/MAD/logs/kilo-test-activity-reset-1772913367.log
2026-03-07 11:56:07,827 WARNING [runner] No output file found, using stdout
2026-03-07 11:56:07,827 INFO [runner] Log file closed
2026-03-07 11:56:07,846 INFO [runner] Wrote instructions for 'test-kill': 313 chars
2026-03-07 11:56:07,846 INFO [runner] Instructions preview: Code Path: /home/paule/MAD
Context File: /home/paule/MAD/.mad/CONTEXT.md

test prompt

IMPORTANT: Write your complete output as JSON to this file: /home/paule/MAD/.tmp/test-kill.output.json
Write ONLY...
2026-03-07 11:56:07,846 INFO Starting kilo in cwd=/home/paule/MAD with cmd: ['kilo', 'run', '--auto', 'Read /home/paule/MAD/.tmp/test-kill.instructions and follow the instructions exactly.']
2026-03-07 11:56:07,846 INFO status.feature_slug = 'test-kill'
2026-03-07 11:56:07,846 INFO Logging to: /home/paule/MAD/logs/kilo-test-kill-1772913367.log
2026-03-07 11:56:07,846 WARNING [runner] Kill requested by user. Terminating agent.
2026-03-07 11:56:07,846 INFO [runner] Log file closed
2026-03-07 11:56:07,947 INFO [runner] Wrote instructions for 'test-kill-running': 321 chars
2026-03-07 11:56:07,947 INFO [runner] Instructions preview: Code Path: /home/paule/MAD
Context File: /home/paule/MAD/.mad/CONTEXT.md

test prompt

IMPORTANT: Write your complete output as JSON to this file: /home/paule/MAD/.tmp/test-kill-running.output.json
Wr...
2026-03-07 11:56:07,947 INFO Starting kilo in cwd=/home/paule/MAD with cmd: ['kilo', 'run', '--auto', 'Read /home/paule/MAD/.tmp/test-kill-running.instructions and follow the instructions exactly.']
2026-03-07 11:56:07,947 INFO status.feature_slug = 'test-kill-running'
2026-03-07 11:56:07,948 INFO Logging to: /home/paule/MAD/logs/kilo-test-kill-running-1772913367.log
2026-03-07 11:56:07,948 WARNING [runner] Kill requested by user. Terminating agent.
2026-03-07 11:56:07,948 INFO [runner] Log file closed
2026-03-07 11:56:08,041 INFO [runner] Wrote instructions for 'test-kill-lines': 319 chars
2026-03-07 11:56:08,042 INFO [runner] Instructions preview: Code Path: /home/paule/MAD
Context File: /home/paule/MAD/.mad/CONTEXT.md

test prompt

IMPORTANT: Write your complete output as JSON to this file: /home/paule/MAD/.tmp/test-kill-lines.output.json
Writ...
2026-03-07 11:56:08,042 INFO Starting kilo in cwd=/home/paule/MAD with cmd: ['kilo', 'run', '--auto', 'Read /home/paule/MAD/.tmp/test-kill-lines.instructions and follow the instructions exactly.']
2026-03-07 11:56:08,042 INFO status.feature_slug = 'test-kill-lines'
2026-03-07 11:56:08,042 INFO Logging to: /home/paule/MAD/logs/kilo-test-kill-lines-1772913368.log
2026-03-07 11:56:08,042 WARNING [runner] Kill requested by user. Terminating agent.
2026-03-07 11:56:08,042 INFO [runner] Log file closed
2026-03-07 11:56:08,142 INFO [runner] Wrote instructions for 'test-finally': 316 chars
2026-03-07 11:56:08,142 INFO [runner] Instructions preview: Code Path: /home/paule/MAD
Context File: /home/paule/MAD/.mad/CONTEXT.md

test prompt

IMPORTANT: Write your complete output as JSON to this file: /home/paule/MAD/.tmp/test-finally.output.json
Write O...
2026-03-07 11:56:08,142 INFO Starting kilo in cwd=/home/paule/MAD with cmd: ['kilo', 'run', '--auto', 'Read /home/paule/MAD/.tmp/test-finally.instructions and follow the instructions exactly.']
2026-03-07 11:56:08,142 INFO status.feature_slug = 'test-finally'
2026-03-07 11:56:08,142 INFO Logging to: /home/paule/MAD/logs/kilo-test-finally-1772913368.log
2026-03-07 11:56:08,142 WARNING [runner] Kill requested by user. Terminating agent.
2026-03-07 11:56:08,142 WARNING [runner] No output file found, using stdout
2026-03-07 11:56:08,143 INFO [runner] Log file closed
2026-03-07 11:56:08,312 INFO [runner] Wrote instructions for 'test-kill-after-exit': 324 chars
2026-03-07 11:56:08,312 INFO [runner] Instructions preview: Code Path: /home/paule/MAD
Context File: /home/paule/MAD/.mad/CONTEXT.md

test prompt

IMPORTANT: Write your complete output as JSON to this file: /home/paule/MAD/.tmp/test-kill-after-exit.output.json...
2026-03-07 11:56:08,312 INFO Starting kilo in cwd=/home/paule/MAD with cmd: ['kilo', 'run', '--auto', 'Read /home/paule/MAD/.tmp/test-kill-after-exit.instructions and follow the instructions exactly.']
2026-03-07 11:56:08,312 INFO status.feature_slug = 'test-kill-after-exit'
2026-03-07 11:56:08,312 INFO Logging to: /home/paule/MAD/logs/kilo-test-kill-after-exit-1772913368.log
2026-03-07 11:56:08,312 WARNING [runner] Kill requested by user. Terminating agent.
2026-03-07 11:56:08,313 WARNING [runner] No output file found, using stdout
2026-03-07 11:56:08,313 INFO [runner] Log file closed
2026-03-07 11:56:09,599 INFO [auto-impl] Skipping - implementation already in progress
2026-03-07 11:56:19,605 INFO [auto-plan] Checking boards: ['mad']
2026-03-07 11:56:19,625 INFO [auto-plan] mad: plan-inbox=5, reviewing-plan=0
2026-03-07 11:56:19,625 INFO [auto-plan] Starting: bug-approving-idea-from-webui-doesn't-work (plan-inbox)
2026-03-07 11:56:19,629 INFO [auto-impl] Skipping - implementation already in progress
2026-03-07 11:56:19,632 INFO [planning] Starting: bug-approving-idea-from-webui-doesn't-work
2026-03-07 11:56:19,640 INFO [planning] Running: bug-approving-idea-from-webui-doesn't-work
2026-03-07 11:56:19,655 INFO [runner] Loaded checkpoint for bug-approving-idea-from-webui-doesnt-work: 7 completed steps
2026-03-07 11:56:19,655 INFO [runner] Wrote instructions for 'bug-approving-idea-from-webui-doesnt-work': 4042 chars
2026-03-07 11:56:19,655 INFO [runner] Instructions preview: Code Path: /home/paule/MAD
Context File: /home/paule/MAD/.mad/CONTEXT.md

# Design Planning: bug-approving-idea-from-webui-doesn't-work

**Description:** Approving an idea from the webui doesn't actua...
2026-03-07 11:56:19,661 INFO Starting claude in cwd=/home/paule/MAD with cmd: ['claude', '-p', 'Read /home/paule/MAD/.tmp/bug-approving-idea-from-webui-doesnt-work.instructions and follow the instructions exactly.', '--dangerously-skip-permissions']
2026-03-07 11:56:19,661 INFO status.feature_slug = 'bug-approving-idea-from-webui-doesnt-work'
2026-03-07 11:56:19,662 INFO Logging to: /home/paule/MAD/logs/claude-bug-approving-idea-from-webui-doesnt-work-1772913379.log
2026-03-07 11:56:22,565 INFO [runner] Read 702 chars from output file
2026-03-07 11:56:22,565 INFO [runner] Log file closed
2026-03-07 11:56:22,565 ERROR [planning] headless() failed for bug-approving-idea-from-webui-doesn't-work: claude exited with code 1.
stderr: (no stderr)
2026-03-07 11:56:29,592 INFO [auto-impl] Skipping - implementation already in progress
2026-03-07 11:56:39,595 INFO [auto-impl] Skipping - implementation already in progress
2026-03-07 11:56:49,594 INFO [auto-impl] Skipping - implementation already in progress
2026-03-07 11:56:59,593 INFO [auto-impl] Skipping - implementation already in progress
2026-03-07 11:57:09,593 INFO [auto-impl] Skipping - implementation already in progress
2026-03-07 11:57:19,592 INFO [auto-impl] Skipping - implementation already in progress
2026-03-07 11:57:29,590 INFO [auto-plan] Checking boards: ['mad']
2026-03-07 11:57:29,597 INFO [auto-plan] mad: plan-inbox=5, reviewing-plan=0
2026-03-07 11:57:29,597 INFO [auto-plan] Starting: bug-approving-idea-from-webui-doesn't-work (plan-inbox)
2026-03-07 11:57:29,599 INFO [auto-impl] Skipping - implementation already in progress
2026-03-07 11:57:29,613 INFO [planning] Starting: bug-approving-idea-from-webui-doesn't-work
2026-03-07 11:57:29,614 INFO [planning] Running: bug-approving-idea-from-webui-doesn't-work
2026-03-07 11:57:29,616 INFO [runner] Loaded checkpoint for bug-approving-idea-from-webui-doesnt-work: 7 completed steps
2026-03-07 11:57:29,616 INFO [runner] Wrote instructions for 'bug-approving-idea-from-webui-doesnt-work': 4042 chars
2026-03-07 11:57:29,616 INFO [runner] Instructions preview: Code Path: /home/paule/MAD
Context File: /home/paule/MAD/.mad/CONTEXT.md

# Design Planning: bug-approving-idea-from-webui-doesn't-work

**Description:** Approving an idea from the webui doesn't actua...
2026-03-07 11:57:29,628 INFO Starting claude in cwd=/home/paule/MAD with cmd: ['claude', '-p', 'Read /home/paule/MAD/.tmp/bug-approving-idea-from-webui-doesnt-work.instructions and follow the instructions exactly.', '--dangerously-skip-permissions']
2026-03-07 11:57:29,628 INFO status.feature_slug = 'bug-approving-idea-from-webui-doesnt-work'
2026-03-07 11:57:29,630 INFO Logging to: /home/paule/MAD/logs/claude-bug-approving-idea-from-webui-doesnt-work-1772913449.log
2026-03-07 11:57:31,728 INFO [runner] Read 702 chars from output file
2026-03-07 11:57:31,729 INFO [runner] Log file closed
2026-03-07 11:57:31,729 ERROR [planning] headless() failed for bug-approving-idea-from-webui-doesn't-work: claude exited with code 1.
stderr: (no stderr)
2026-03-07 11:57:39,704 INFO [auto-impl] Skipping - implementation already in progress
2026-03-07 11:57:49,593 INFO [auto-impl] Skipping - implementation already in progress
2026-03-07 11:57:59,588 INFO [auto-impl] Skipping - implementation already in progress
2026-03-07 11:58:09,596 INFO [auto-impl] Skipping - implementation already in progress
2026-03-07 11:58:19,600 INFO [auto-impl] Skipping - implementation already in progress
2026-03-07 11:58:29,589 INFO [auto-impl] Skipping - implementation already in progress
2026-03-07 11:58:39,601 INFO [auto-plan] Checking boards: ['mad']
2026-03-07 11:58:39,602 INFO [auto-plan] mad: plan-inbox=5, reviewing-plan=0
2026-03-07 11:58:39,602 INFO [auto-plan] Starting: bug-approving-idea-from-webui-doesn't-work (plan-inbox)
2026-03-07 11:58:39,609 INFO [auto-impl] Skipping - implementation already in progress
2026-03-07 11:58:39,611 INFO [planning] Starting: bug-approving-idea-from-webui-doesn't-work
2026-03-07 11:58:39,617 INFO [planning] Running: bug-approving-idea-from-webui-doesn't-work
2026-03-07 11:58:39,624 INFO [runner] Loaded checkpoint for bug-approving-idea-from-webui-doesnt-work: 7 completed steps
2026-03-07 11:58:39,624 INFO [runner] Wrote instructions for 'bug-approving-idea-from-webui-doesnt-work': 4042 chars
2026-03-07 11:58:39,624 INFO [runner] Instructions preview: Code Path: /home/paule/MAD
Context File: /home/paule/MAD/.mad/CONTEXT.md

# Design Planning: bug-approving-idea-from-webui-doesn't-work

**Description:** Approving an idea from the webui doesn't actua...
2026-03-07 11:58:39,634 INFO Starting claude in cwd=/home/paule/MAD with cmd: ['claude', '-p', 'Read /home/paule/MAD/.tmp/bug-approving-idea-from-webui-doesnt-work.instructions and follow the instructions exactly.', '--dangerously-skip-permissions']
2026-03-07 11:58:39,642 INFO status.feature_slug = 'bug-approving-idea-from-webui-doesnt-work'
2026-03-07 11:58:39,643 INFO Logging to: /home/paule/MAD/logs/claude-bug-approving-idea-from-webui-doesnt-work-1772913519.log
2026-03-07 11:58:42,182 INFO [runner] Read 702 chars from output file
2026-03-07 11:58:42,182 INFO [runner] Log file closed
2026-03-07 11:58:42,182 ERROR [planning] headless() failed for bug-approving-idea-from-webui-doesn't-work: claude exited with code 1.
stderr: (no stderr)
2026-03-07 11:58:49,690 INFO [auto-impl] Skipping - implementation already in progress
2026-03-07 11:58:59,591 INFO [auto-impl] Skipping - implementation already in progress
2026-03-07 11:59:09,593 INFO [auto-impl] Skipping - implementation already in progress
2026-03-07 11:59:19,589 INFO [auto-impl] Skipping - implementation already in progress
2026-03-07 11:59:29,593 INFO [auto-impl] Skipping - implementation already in progress
2026-03-07 11:59:39,594 INFO [auto-impl] Skipping - implementation already in progress
2026-03-07 11:59:49,583 INFO [auto-plan] Checking boards: ['mad']
2026-03-07 11:59:49,584 INFO [auto-plan] mad: plan-inbox=5, reviewing-plan=0
2026-03-07 11:59:49,584 INFO [auto-plan] Starting: bug-approving-idea-from-webui-doesn't-work (plan-inbox)
2026-03-07 11:59:49,585 INFO [auto-impl] Skipping - implementation already in progress
2026-03-07 11:59:49,596 INFO [planning] Starting: bug-approving-idea-from-webui-doesn't-work
2026-03-07 11:59:49,610 INFO [planning] Running: bug-approving-idea-from-webui-doesn't-work
2026-03-07 11:59:49,674 INFO [runner] Loaded checkpoint for bug-approving-idea-from-webui-doesnt-work: 7 completed steps
2026-03-07 11:59:49,674 INFO [runner] Wrote instructions for 'bug-approving-idea-from-webui-doesnt-work': 4042 chars
2026-03-07 11:59:49,675 INFO [runner] Instructions preview: Code Path: /home/paule/MAD
Context File: /home/paule/MAD/.mad/CONTEXT.md

# Design Planning: bug-approving-idea-from-webui-doesn't-work

**Description:** Approving an idea from the webui doesn't actua...
2026-03-07 11:59:49,692 INFO Starting claude in cwd=/home/paule/MAD with cmd: ['claude', '-p', 'Read /home/paule/MAD/.tmp/bug-approving-idea-from-webui-doesnt-work.instructions and follow the instructions exactly.', '--dangerously-skip-permissions']
2026-03-07 11:59:49,692 INFO status.feature_slug = 'bug-approving-idea-from-webui-doesnt-work'
2026-03-07 11:59:49,692 INFO Logging to: /home/paule/MAD/logs/claude-bug-approving-idea-from-webui-doesnt-work-1772913589.log
2026-03-07 11:59:51,966 INFO [runner] Read 702 chars from output file
2026-03-07 11:59:51,966 INFO [runner] Log file closed
2026-03-07 11:59:51,966 ERROR [planning] headless() failed for bug-approving-idea-from-webui-doesn't-work: claude exited with code 1.
stderr: (no stderr)
2026-03-07 11:59:59,794 INFO [auto-impl] Skipping - implementation already in progress
2026-03-07 12:00:09,601 INFO [auto-impl] Skipping - implementation already in progress
2026-03-07 12:00:19,574 INFO [auto-impl] Skipping - implementation already in progress
2026-03-07 12:00:29,574 INFO [auto-impl] Skipping - implementation already in progress
2026-03-07 12:00:39,574 INFO [auto-impl] Skipping - implementation already in progress
2026-03-07 12:00:49,584 INFO [auto-plan] Checking boards: ['mad']
2026-03-07 12:00:49,585 INFO [auto-plan] mad: plan-inbox=5, reviewing-plan=0
2026-03-07 12:00:49,585 INFO [auto-plan] Starting: bug-approving-idea-from-webui-doesn't-work (plan-inbox)
2026-03-07 12:00:49,586 INFO [auto-impl] Skipping - implementation already in progress
2026-03-07 12:00:49,596 INFO [planning] Starting: bug-approving-idea-from-webui-doesn't-work
2026-03-07 12:00:49,602 INFO [planning] Running: bug-approving-idea-from-webui-doesn't-work
2026-03-07 12:00:49,603 INFO [runner] Loaded checkpoint for bug-approving-idea-from-webui-doesnt-work: 7 completed steps
2026-03-07 12:00:49,604 INFO [runner] Wrote instructions for 'bug-approving-idea-from-webui-doesnt-work': 4042 chars
2026-03-07 12:00:49,604 INFO [runner] Instructions preview: Code Path: /home/paule/MAD
Context File: /home/paule/MAD/.mad/CONTEXT.md

# Design Planning: bug-approving-idea-from-webui-doesn't-work

**Description:** Approving an idea from the webui doesn't actua...
2026-03-07 12:00:49,612 INFO Starting claude in cwd=/home/paule/MAD with cmd: ['claude', '-p', 'Read /home/paule/MAD/.tmp/bug-approving-idea-from-webui-doesnt-work.instructions and follow the instructions exactly.', '--dangerously-skip-permissions']
2026-03-07 12:00:49,613 INFO status.feature_slug = 'bug-approving-idea-from-webui-doesnt-work'
2026-03-07 12:00:49,618 INFO Logging to: /home/paule/MAD/logs/claude-bug-approving-idea-from-webui-doesnt-work-1772913649.log
2026-03-07 12:00:51,933 INFO [runner] Read 702 chars from output file
2026-03-07 12:00:51,933 INFO [runner] Log file closed
2026-03-07 12:00:51,933 ERROR [planning] headless() failed for bug-approving-idea-from-webui-doesn't-work: claude exited with code 1.
stderr: (no stderr)
2026-03-07 12:00:59,674 INFO [auto-impl] Skipping - implementation already in progress
2026-03-07 12:01:07,608 INFO [runner] Read 718 chars from output file
2026-03-07 12:01:07,608 INFO [runner] Log file closed
2026-03-07 12:01:07,608 ERROR [testing] headless() failed for kill-hung-agent: kilo exited with code -2.
stderr: [0m
> code · minimax/minimax-m2.5
[0m
[0m→ [0mRead .tmp/kill-hung-agent.instructions
[0m✱ [0mGlob "**/test*kill*"[90m in . · 1 match[0m
[0m✱ [0mGlob "**/test*runner*"[90m in . · 0 matches[0m
[0m✱ [0mGlob "**/test*agent*status*"[90m in . · 0 matches[0m
[0m→ [0mRead pipeline/test_kill_hung_agent.py
[0m
[0m$ [0mcd /home/paule/MAD/pipeline && python -m pytest test_kill_hung_agent.py -v 2>&1 | head -150
/bin/bash: line 1: python: command not found
[0m
[0m$ [0mcd /home/paule/MA
2026-03-07 12:02:49,713 INFO [runner] Wrote instructions for 'test-pid': 312 chars
2026-03-07 12:02:49,713 INFO [runner] Instructions preview: Code Path: /home/paule/MAD
Context File: /home/paule/MAD/.mad/CONTEXT.md

test prompt

IMPORTANT: Write your complete output as JSON to this file: /home/paule/MAD/.tmp/test-pid.output.json
Write ONLY ...
2026-03-07 12:02:49,713 INFO Starting kilo in cwd=/home/paule/MAD with cmd: ['kilo', 'run', '--auto', 'Read /home/paule/MAD/.tmp/test-pid.instructions and follow the instructions exactly.']
2026-03-07 12:02:49,713 INFO status.feature_slug = 'test-pid'
2026-03-07 12:02:49,714 INFO Logging to: /home/paule/MAD/logs/kilo-test-pid-1772913769.log
2026-03-07 12:02:49,714 WARNING [runner] No output file found, using stdout
2026-03-07 12:02:49,714 INFO [runner] Log file closed
2026-03-07 12:02:49,735 INFO [runner] Wrote instructions for 'test-pid-reset': 318 chars
2026-03-07 12:02:49,735 INFO [runner] Instructions preview: Code Path: /home/paule/MAD
Context File: /home/paule/MAD/.mad/CONTEXT.md

test prompt

IMPORTANT: Write your complete output as JSON to this file: /home/paule/MAD/.tmp/test-pid-reset.output.json
Write...
2026-03-07 12:02:49,735 INFO Starting kilo in cwd=/home/paule/MAD with cmd: ['kilo', 'run', '--auto', 'Read /home/paule/MAD/.tmp/test-pid-reset.instructions and follow the instructions exactly.']
2026-03-07 12:02:49,735 INFO status.feature_slug = 'test-pid-reset'
2026-03-07 12:02:49,735 INFO Logging to: /home/paule/MAD/logs/kilo-test-pid-reset-1772913769.log
2026-03-07 12:02:49,735 WARNING [runner] No output file found, using stdout
2026-03-07 12:02:49,735 INFO [runner] Log file closed
2026-03-07 12:02:49,749 INFO [runner] Wrote instructions for 'test-activity': 317 chars
2026-03-07 12:02:49,749 INFO [runner] Instructions preview: Code Path: /home/paule/MAD
Context File: /home/paule/MAD/.mad/CONTEXT.md

test prompt

IMPORTANT: Write your complete output as JSON to this file: /home/paule/MAD/.tmp/test-activity.output.json
Write ...
2026-03-07 12:02:49,749 INFO Starting kilo in cwd=/home/paule/MAD with cmd: ['kilo', 'run', '--auto', 'Read /home/paule/MAD/.tmp/test-activity.instructions and follow the instructions exactly.']
2026-03-07 12:02:49,749 INFO status.feature_slug = 'test-activity'
2026-03-07 12:02:49,749 INFO Logging to: /home/paule/MAD/logs/kilo-test-activity-1772913769.log
2026-03-07 12:02:49,749 WARNING [runner] No output file found, using stdout
2026-03-07 12:02:49,750 INFO [runner] Log file closed
2026-03-07 12:02:49,762 INFO [runner] Wrote instructions for 'test-activity-reset': 323 chars
2026-03-07 12:02:49,762 INFO [runner] Instructions preview: Code Path: /home/paule/MAD
Context File: /home/paule/MAD/.mad/CONTEXT.md

test prompt

IMPORTANT: Write your complete output as JSON to this file: /home/paule/MAD/.tmp/test-activity-reset.output.json
...
2026-03-07 12:02:49,762 INFO Starting kilo in cwd=/home/paule/MAD with cmd: ['kilo', 'run', '--auto', 'Read /home/paule/MAD/.tmp/test-activity-reset.instructions and follow the instructions exactly.']
2026-03-07 12:02:49,762 INFO status.feature_slug = 'test-activity-reset'
2026-03-07 12:02:49,762 INFO Logging to: /home/paule/MAD/logs/kilo-test-activity-reset-1772913769.log
2026-03-07 12:02:49,763 WARNING [runner] No output file found, using stdout
2026-03-07 12:02:49,763 INFO [runner] Log file closed
2026-03-07 12:02:49,775 INFO [runner] Wrote instructions for 'test-kill': 313 chars
2026-03-07 12:02:49,775 INFO [runner] Instructions preview: Code Path: /home/paule/MAD
Context File: /home/paule/MAD/.mad/CONTEXT.md

test prompt

IMPORTANT: Write your complete output as JSON to this file: /home/paule/MAD/.tmp/test-kill.output.json
Write ONLY...
2026-03-07 12:02:49,775 INFO Starting kilo in cwd=/home/paule/MAD with cmd: ['kilo', 'run', '--auto', 'Read /home/paule/MAD/.tmp/test-kill.instructions and follow the instructions exactly.']
2026-03-07 12:02:49,776 INFO status.feature_slug = 'test-kill'
2026-03-07 12:02:49,776 INFO Logging to: /home/paule/MAD/logs/kilo-test-kill-1772913769.log
2026-03-07 12:02:49,776 WARNING [runner] Kill requested by user. Terminating agent.
2026-03-07 12:02:49,776 INFO [runner] Log file closed
2026-03-07 12:02:49,837 INFO [runner] Wrote instructions for 'test-kill-running': 321 chars
2026-03-07 12:02:49,837 INFO [runner] Instructions preview: Code Path: /home/paule/MAD
Context File: /home/paule/MAD/.mad/CONTEXT.md

test prompt

IMPORTANT: Write your complete output as JSON to this file: /home/paule/MAD/.tmp/test-kill-running.output.json
Wr...
2026-03-07 12:02:49,837 INFO Starting kilo in cwd=/home/paule/MAD with cmd: ['kilo', 'run', '--auto', 'Read /home/paule/MAD/.tmp/test-kill-running.instructions and follow the instructions exactly.']
2026-03-07 12:02:49,837 INFO status.feature_slug = 'test-kill-running'
2026-03-07 12:02:49,837 INFO Logging to: /home/paule/MAD/logs/kilo-test-kill-running-1772913769.log
2026-03-07 12:02:49,837 WARNING [runner] Kill requested by user. Terminating agent.
2026-03-07 12:02:49,837 INFO [runner] Log file closed
2026-03-07 12:02:49,897 INFO [runner] Wrote instructions for 'test-kill-lines': 319 chars
2026-03-07 12:02:49,897 INFO [runner] Instructions preview: Code Path: /home/paule/MAD
Context File: /home/paule/MAD/.mad/CONTEXT.md

test prompt

IMPORTANT: Write your complete output as JSON to this file: /home/paule/MAD/.tmp/test-kill-lines.output.json
Writ...
2026-03-07 12:02:49,897 INFO Starting kilo in cwd=/home/paule/MAD with cmd: ['kilo', 'run', '--auto', 'Read /home/paule/MAD/.tmp/test-kill-lines.instructions and follow the instructions exactly.']
2026-03-07 12:02:49,897 INFO status.feature_slug = 'test-kill-lines'
2026-03-07 12:02:49,897 INFO Logging to: /home/paule/MAD/logs/kilo-test-kill-lines-1772913769.log
2026-03-07 12:02:49,897 WARNING [runner] Kill requested by user. Terminating agent.
2026-03-07 12:02:49,898 INFO [runner] Log file closed
2026-03-07 12:02:49,959 INFO [runner] Wrote instructions for 'test-finally': 316 chars
2026-03-07 12:02:49,959 INFO [runner] Instructions preview: Code Path: /home/paule/MAD
Context File: /home/paule/MAD/.mad/CONTEXT.md

test prompt

IMPORTANT: Write your complete output as JSON to this file: /home/paule/MAD/.tmp/test-finally.output.json
Write O...
2026-03-07 12:02:49,959 INFO Starting kilo in cwd=/home/paule/MAD with cmd: ['kilo', 'run', '--auto', 'Read /home/paule/MAD/.tmp/test-finally.instructions and follow the instructions exactly.']
2026-03-07 12:02:49,959 INFO status.feature_slug = 'test-finally'
2026-03-07 12:02:49,959 INFO Logging to: /home/paule/MAD/logs/kilo-test-finally-1772913769.log
2026-03-07 12:02:49,959 WARNING [runner] Kill requested by user. Terminating agent.
2026-03-07 12:02:49,959 WARNING [runner] No output file found, using stdout
2026-03-07 12:02:49,960 INFO [runner] Log file closed
2026-03-07 12:02:50,077 INFO [runner] Wrote instructions for 'test-kill-after-exit': 324 chars
2026-03-07 12:02:50,077 INFO [runner] Instructions preview: Code Path: /home/paule/MAD
Context File: /home/paule/MAD/.mad/CONTEXT.md

test prompt

IMPORTANT: Write your complete output as JSON to this file: /home/paule/MAD/.tmp/test-kill-after-exit.output.json...
2026-03-07 12:02:50,077 INFO Starting kilo in cwd=/home/paule/MAD with cmd: ['kilo', 'run', '--auto', 'Read /home/paule/MAD/.tmp/test-kill-after-exit.instructions and follow the instructions exactly.']
2026-03-07 12:02:50,077 INFO status.feature_slug = 'test-kill-after-exit'
2026-03-07 12:02:50,077 INFO Logging to: /home/paule/MAD/logs/kilo-test-kill-after-exit-1772913770.log
2026-03-07 12:02:50,077 WARNING [runner] Kill requested by user. Terminating agent.
2026-03-07 12:02:50,078 WARNING [runner] No output file found, using stdout
2026-03-07 12:02:50,078 INFO [runner] Log file closed
2026-03-07 12:03:00,640 INFO [runner] Wrote instructions for 'test-pid': 312 chars
2026-03-07 12:03:00,640 INFO [runner] Instructions preview: Code Path: /home/paule/MAD
Context File: /home/paule/MAD/.mad/CONTEXT.md

test prompt

IMPORTANT: Write your complete output as JSON to this file: /home/paule/MAD/.tmp/test-pid.output.json
Write ONLY ...
2026-03-07 12:03:00,640 INFO Starting kilo in cwd=/home/paule/MAD with cmd: ['kilo', 'run', '--auto', 'Read /home/paule/MAD/.tmp/test-pid.instructions and follow the instructions exactly.']
2026-03-07 12:03:00,640 INFO status.feature_slug = 'test-pid'
2026-03-07 12:03:00,640 INFO Logging to: /home/paule/MAD/logs/kilo-test-pid-1772913780.log
2026-03-07 12:03:00,640 WARNING [runner] No output file found, using stdout
2026-03-07 12:03:00,641 INFO [runner] Log file closed
2026-03-07 12:05:20,977 INFO [runner] Wrote instructions for 'test-pid': 312 chars
2026-03-07 12:05:20,977 INFO [runner] Instructions preview: Code Path: /home/paule/MAD
Context File: /home/paule/MAD/.mad/CONTEXT.md

test prompt

IMPORTANT: Write your complete output as JSON to this file: /home/paule/MAD/.tmp/test-pid.output.json
Write ONLY ...
2026-03-07 12:05:20,977 INFO Starting kilo in cwd=/home/paule/MAD with cmd: ['kilo', 'run', '--auto', 'Read /home/paule/MAD/.tmp/test-pid.instructions and follow the instructions exactly.']
2026-03-07 12:05:20,977 INFO status.feature_slug = 'test-pid'
2026-03-07 12:05:20,977 INFO Logging to: /home/paule/MAD/logs/kilo-test-pid-1772913920.log
2026-03-07 12:05:20,977 WARNING [runner] No output file found, using stdout
2026-03-07 12:05:20,978 INFO [runner] Log file closed
2026-03-07 12:05:20,999 INFO [runner] Wrote instructions for 'test-pid-reset': 318 chars
2026-03-07 12:05:20,999 INFO [runner] Instructions preview: Code Path: /home/paule/MAD
Context File: /home/paule/MAD/.mad/CONTEXT.md

test prompt

IMPORTANT: Write your complete output as JSON to this file: /home/paule/MAD/.tmp/test-pid-reset.output.json
Write...
2026-03-07 12:05:20,999 INFO Starting kilo in cwd=/home/paule/MAD with cmd: ['kilo', 'run', '--auto', 'Read /home/paule/MAD/.tmp/test-pid-reset.instructions and follow the instructions exactly.']
2026-03-07 12:05:20,999 INFO status.feature_slug = 'test-pid-reset'
2026-03-07 12:05:20,999 INFO Logging to: /home/paule/MAD/logs/kilo-test-pid-reset-1772913920.log
2026-03-07 12:05:20,999 WARNING [runner] No output file found, using stdout
2026-03-07 12:05:21,000 INFO [runner] Log file closed
2026-03-07 12:05:21,013 INFO [runner] Wrote instructions for 'test-activity': 317 chars
2026-03-07 12:05:21,014 INFO [runner] Instructions preview: Code Path: /home/paule/MAD
Context File: /home/paule/MAD/.mad/CONTEXT.md

test prompt

IMPORTANT: Write your complete output as JSON to this file: /home/paule/MAD/.tmp/test-activity.output.json
Write ...
2026-03-07 12:05:21,014 INFO Starting kilo in cwd=/home/paule/MAD with cmd: ['kilo', 'run', '--auto', 'Read /home/paule/MAD/.tmp/test-activity.instructions and follow the instructions exactly.']
2026-03-07 12:05:21,014 INFO status.feature_slug = 'test-activity'
2026-03-07 12:05:21,014 INFO Logging to: /home/paule/MAD/logs/kilo-test-activity-1772913921.log
2026-03-07 12:05:21,014 WARNING [runner] No output file found, using stdout
2026-03-07 12:05:21,014 INFO [runner] Log file closed
2026-03-07 12:05:21,028 INFO [runner] Wrote instructions for 'test-activity-reset': 323 chars
2026-03-07 12:05:21,028 INFO [runner] Instructions preview: Code Path: /home/paule/MAD
Context File: /home/paule/MAD/.mad/CONTEXT.md

test prompt

IMPORTANT: Write your complete output as JSON to this file: /home/paule/MAD/.tmp/test-activity-reset.output.json
...
2026-03-07 12:05:21,028 INFO Starting kilo in cwd=/home/paule/MAD with cmd: ['kilo', 'run', '--auto', 'Read /home/paule/MAD/.tmp/test-activity-reset.instructions and follow the instructions exactly.']
2026-03-07 12:05:21,028 INFO status.feature_slug = 'test-activity-reset'
2026-03-07 12:05:21,028 INFO Logging to: /home/paule/MAD/logs/kilo-test-activity-reset-1772913921.log
2026-03-07 12:05:21,029 WARNING [runner] No output file found, using stdout
2026-03-07 12:05:21,029 INFO [runner] Log file closed
2026-03-07 12:05:21,053 INFO [runner] Wrote instructions for 'test-kill': 313 chars
2026-03-07 12:05:21,053 INFO [runner] Instructions preview: Code Path: /home/paule/MAD
Context File: /home/paule/MAD/.mad/CONTEXT.md

test prompt

IMPORTANT: Write your complete output as JSON to this file: /home/paule/MAD/.tmp/test-kill.output.json
Write ONLY...
2026-03-07 12:05:21,053 INFO Starting kilo in cwd=/home/paule/MAD with cmd: ['kilo', 'run', '--auto', 'Read /home/paule/MAD/.tmp/test-kill.instructions and follow the instructions exactly.']
2026-03-07 12:05:21,053 INFO status.feature_slug = 'test-kill'
2026-03-07 12:05:21,053 INFO Logging to: /home/paule/MAD/logs/kilo-test-kill-1772913921.log
2026-03-07 12:05:21,053 WARNING [runner] Kill requested by user. Terminating agent.
2026-03-07 12:05:21,053 INFO [runner] Log file closed
2026-03-07 12:05:21,121 INFO [runner] Wrote instructions for 'test-kill-running': 321 chars
2026-03-07 12:05:21,121 INFO [runner] Instructions preview: Code Path: /home/paule/MAD
Context File: /home/paule/MAD/.mad/CONTEXT.md

test prompt

IMPORTANT: Write your complete output as JSON to this file: /home/paule/MAD/.tmp/test-kill-running.output.json
Wr...
2026-03-07 12:05:21,121 INFO Starting kilo in cwd=/home/paule/MAD with cmd: ['kilo', 'run', '--auto', 'Read /home/paule/MAD/.tmp/test-kill-running.instructions and follow the instructions exactly.']
2026-03-07 12:05:21,121 INFO status.feature_slug = 'test-kill-running'
2026-03-07 12:05:21,121 INFO Logging to: /home/paule/MAD/logs/kilo-test-kill-running-1772913921.log
2026-03-07 12:05:21,121 WARNING [runner] Kill requested by user. Terminating agent.
2026-03-07 12:05:21,121 INFO [runner] Log file closed
2026-03-07 12:05:21,187 INFO [runner] Wrote instructions for 'test-kill-lines': 319 chars
2026-03-07 12:05:21,187 INFO [runner] Instructions preview: Code Path: /home/paule/MAD
Context File: /home/paule/MAD/.mad/CONTEXT.md

test prompt

IMPORTANT: Write your complete output as JSON to this file: /home/paule/MAD/.tmp/test-kill-lines.output.json
Writ...
2026-03-07 12:05:21,187 INFO Starting kilo in cwd=/home/paule/MAD with cmd: ['kilo', 'run', '--auto', 'Read /home/paule/MAD/.tmp/test-kill-lines.instructions and follow the instructions exactly.']
2026-03-07 12:05:21,187 INFO status.feature_slug = 'test-kill-lines'
2026-03-07 12:05:21,188 INFO Logging to: /home/paule/MAD/logs/kilo-test-kill-lines-1772913921.log
2026-03-07 12:05:21,188 WARNING [runner] Kill requested by user. Terminating agent.
2026-03-07 12:05:21,188 INFO [runner] Log file closed
2026-03-07 12:05:21,258 INFO [runner] Wrote instructions for 'test-finally': 316 chars
2026-03-07 12:05:21,258 INFO [runner] Instructions preview: Code Path: /home/paule/MAD
Context File: /home/paule/MAD/.mad/CONTEXT.md

test prompt

IMPORTANT: Write your complete output as JSON to this file: /home/paule/MAD/.tmp/test-finally.output.json
Write O...
2026-03-07 12:05:21,258 INFO Starting kilo in cwd=/home/paule/MAD with cmd: ['kilo', 'run', '--auto', 'Read /home/paule/MAD/.tmp/test-finally.instructions and follow the instructions exactly.']
2026-03-07 12:05:21,258 INFO status.feature_slug = 'test-finally'
2026-03-07 12:05:21,258 INFO Logging to: /home/paule/MAD/logs/kilo-test-finally-1772913921.log
2026-03-07 12:05:21,258 WARNING [runner] Kill requested by user. Terminating agent.
2026-03-07 12:05:21,258 WARNING [runner] No output file found, using stdout
2026-03-07 12:05:21,259 INFO [runner] Log file closed
2026-03-07 12:05:21,386 INFO [runner] Wrote instructions for 'test-kill-after-exit': 324 chars
2026-03-07 12:05:21,386 INFO [runner] Instructions preview: Code Path: /home/paule/MAD
Context File: /home/paule/MAD/.mad/CONTEXT.md

test prompt

IMPORTANT: Write your complete output as JSON to this file: /home/paule/MAD/.tmp/test-kill-after-exit.output.json...
2026-03-07 12:05:21,386 INFO Starting kilo in cwd=/home/paule/MAD with cmd: ['kilo', 'run', '--auto', 'Read /home/paule/MAD/.tmp/test-kill-after-exit.instructions and follow the instructions exactly.']
2026-03-07 12:05:21,386 INFO status.feature_slug = 'test-kill-after-exit'
2026-03-07 12:05:21,386 INFO Logging to: /home/paule/MAD/logs/kilo-test-kill-after-exit-1772913921.log
2026-03-07 12:05:21,386 WARNING [runner] Kill requested by user. Terminating agent.
2026-03-07 12:05:21,386 WARNING [runner] No output file found, using stdout
2026-03-07 12:05:21,387 INFO [runner] Log file closed
2026-03-07 12:06:32,591 INFO [runner] Wrote instructions for 'test-pid': 312 chars
2026-03-07 12:06:32,591 INFO [runner] Instructions preview: Code Path: /home/paule/MAD
Context File: /home/paule/MAD/.mad/CONTEXT.md

test prompt

IMPORTANT: Write your complete output as JSON to this file: /home/paule/MAD/.tmp/test-pid.output.json
Write ONLY ...
2026-03-07 12:06:32,591 INFO Starting kilo in cwd=/home/paule/MAD with cmd: ['kilo', 'run', '--auto', 'Read /home/paule/MAD/.tmp/test-pid.instructions and follow the instructions exactly.']
2026-03-07 12:06:32,591 INFO status.feature_slug = 'test-pid'
2026-03-07 12:06:32,591 INFO Logging to: /home/paule/MAD/logs/kilo-test-pid-1772913992.log
2026-03-07 12:06:32,591 WARNING [runner] No output file found, using stdout
2026-03-07 12:06:32,592 INFO [runner] Log file closed
2026-03-07 12:06:32,615 INFO [runner] Wrote instructions for 'test-pid-reset': 318 chars
2026-03-07 12:06:32,615 INFO [runner] Instructions preview: Code Path: /home/paule/MAD
Context File: /home/paule/MAD/.mad/CONTEXT.md

test prompt

IMPORTANT: Write your complete output as JSON to this file: /home/paule/MAD/.tmp/test-pid-reset.output.json
Write...
2026-03-07 12:06:32,615 INFO Starting kilo in cwd=/home/paule/MAD with cmd: ['kilo', 'run', '--auto', 'Read /home/paule/MAD/.tmp/test-pid-reset.instructions and follow the instructions exactly.']
2026-03-07 12:06:32,616 INFO status.feature_slug = 'test-pid-reset'
2026-03-07 12:06:32,616 INFO Logging to: /home/paule/MAD/logs/kilo-test-pid-reset-1772913992.log
2026-03-07 12:06:32,616 WARNING [runner] No output file found, using stdout
2026-03-07 12:06:32,616 INFO [runner] Log file closed
2026-03-07 12:06:32,631 INFO [runner] Wrote instructions for 'test-activity': 317 chars
2026-03-07 12:06:32,631 INFO [runner] Instructions preview: Code Path: /home/paule/MAD
Context File: /home/paule/MAD/.mad/CONTEXT.md

test prompt

IMPORTANT: Write your complete output as JSON to this file: /home/paule/MAD/.tmp/test-activity.output.json
Write ...
2026-03-07 12:06:32,631 INFO Starting kilo in cwd=/home/paule/MAD with cmd: ['kilo', 'run', '--auto', 'Read /home/paule/MAD/.tmp/test-activity.instructions and follow the instructions exactly.']
2026-03-07 12:06:32,631 INFO status.feature_slug = 'test-activity'
2026-03-07 12:06:32,631 INFO Logging to: /home/paule/MAD/logs/kilo-test-activity-1772913992.log
2026-03-07 12:06:32,632 WARNING [runner] No output file found, using stdout
2026-03-07 12:06:32,632 INFO [runner] Log file closed
2026-03-07 12:06:32,647 INFO [runner] Wrote instructions for 'test-activity-reset': 323 chars
2026-03-07 12:06:32,647 INFO [runner] Instructions preview: Code Path: /home/paule/MAD
Context File: /home/paule/MAD/.mad/CONTEXT.md

test prompt

IMPORTANT: Write your complete output as JSON to this file: /home/paule/MAD/.tmp/test-activity-reset.output.json
...
2026-03-07 12:06:32,647 INFO Starting kilo in cwd=/home/paule/MAD with cmd: ['kilo', 'run', '--auto', 'Read /home/paule/MAD/.tmp/test-activity-reset.instructions and follow the instructions exactly.']
2026-03-07 12:06:32,647 INFO status.feature_slug = 'test-activity-reset'
2026-03-07 12:06:32,647 INFO Logging to: /home/paule/MAD/logs/kilo-test-activity-reset-1772913992.log
2026-03-07 12:06:32,648 WARNING [runner] No output file found, using stdout
2026-03-07 12:06:32,648 INFO [runner] Log file closed
2026-03-07 12:06:32,664 INFO [runner] Wrote instructions for 'test-kill': 313 chars
2026-03-07 12:06:32,664 INFO [runner] Instructions preview: Code Path: /home/paule/MAD
Context File: /home/paule/MAD/.mad/CONTEXT.md

test prompt

IMPORTANT: Write your complete output as JSON to this file: /home/paule/MAD/.tmp/test-kill.output.json
Write ONLY...
2026-03-07 12:06:32,664 INFO Starting kilo in cwd=/home/paule/MAD with cmd: ['kilo', 'run', '--auto', 'Read /home/paule/MAD/.tmp/test-kill.instructions and follow the instructions exactly.']
2026-03-07 12:06:32,664 INFO status.feature_slug = 'test-kill'
2026-03-07 12:06:32,664 INFO Logging to: /home/paule/MAD/logs/kilo-test-kill-1772913992.log
2026-03-07 12:06:32,664 WARNING [runner] Kill requested by user. Terminating agent.
2026-03-07 12:06:32,664 INFO [runner] Log file closed
2026-03-07 12:06:32,738 INFO [runner] Wrote instructions for 'test-kill-running': 321 chars
2026-03-07 12:06:32,738 INFO [runner] Instructions preview: Code Path: /home/paule/MAD
Context File: /home/paule/MAD/.mad/CONTEXT.md

test prompt

IMPORTANT: Write your complete output as JSON to this file: /home/paule/MAD/.tmp/test-kill-running.output.json
Wr...
2026-03-07 12:06:32,738 INFO Starting kilo in cwd=/home/paule/MAD with cmd: ['kilo', 'run', '--auto', 'Read /home/paule/MAD/.tmp/test-kill-running.instructions and follow the instructions exactly.']
2026-03-07 12:06:32,738 INFO status.feature_slug = 'test-kill-running'
2026-03-07 12:06:32,738 INFO Logging to: /home/paule/MAD/logs/kilo-test-kill-running-1772913992.log
2026-03-07 12:06:32,738 WARNING [runner] Kill requested by user. Terminating agent.
2026-03-07 12:06:32,738 INFO [runner] Log file closed
2026-03-07 12:06:32,811 INFO [runner] Wrote instructions for 'test-kill-lines': 319 chars
2026-03-07 12:06:32,811 INFO [runner] Instructions preview: Code Path: /home/paule/MAD
Context File: /home/paule/MAD/.mad/CONTEXT.md

test prompt

IMPORTANT: Write your complete output as JSON to this file: /home/paule/MAD/.tmp/test-kill-lines.output.json
Writ...
2026-03-07 12:06:32,811 INFO Starting kilo in cwd=/home/paule/MAD with cmd: ['kilo', 'run', '--auto', 'Read /home/paule/MAD/.tmp/test-kill-lines.instructions and follow the instructions exactly.']
2026-03-07 12:06:32,811 INFO status.feature_slug = 'test-kill-lines'
2026-03-07 12:06:32,811 INFO Logging to: /home/paule/MAD/logs/kilo-test-kill-lines-1772913992.log
2026-03-07 12:06:32,811 WARNING [runner] Kill requested by user. Terminating agent.
2026-03-07 12:06:32,811 INFO [runner] Log file closed
2026-03-07 12:06:32,883 INFO [runner] Wrote instructions for 'test-finally': 316 chars
2026-03-07 12:06:32,883 INFO [runner] Instructions preview: Code Path: /home/paule/MAD
Context File: /home/paule/MAD/.mad/CONTEXT.md

test prompt

IMPORTANT: Write your complete output as JSON to this file: /home/paule/MAD/.tmp/test-finally.output.json
Write O...
2026-03-07 12:06:32,883 INFO Starting kilo in cwd=/home/paule/MAD with cmd: ['kilo', 'run', '--auto', 'Read /home/paule/MAD/.tmp/test-finally.instructions and follow the instructions exactly.']
2026-03-07 12:06:32,883 INFO status.feature_slug = 'test-finally'
2026-03-07 12:06:32,883 INFO Logging to: /home/paule/MAD/logs/kilo-test-finally-1772913992.log
2026-03-07 12:06:32,883 WARNING [runner] Kill requested by user. Terminating agent.
2026-03-07 12:06:32,883 WARNING [runner] No output file found, using stdout
2026-03-07 12:06:32,884 INFO [runner] Log file closed
2026-03-07 12:06:33,031 INFO [runner] Wrote instructions for 'test-kill-after-exit': 324 chars
2026-03-07 12:06:33,031 INFO [runner] Instructions preview: Code Path: /home/paule/MAD
Context File: /home/paule/MAD/.mad/CONTEXT.md

test prompt

IMPORTANT: Write your complete output as JSON to this file: /home/paule/MAD/.tmp/test-kill-after-exit.output.json...
2026-03-07 12:06:33,031 INFO Starting kilo in cwd=/home/paule/MAD with cmd: ['kilo', 'run', '--auto', 'Read /home/paule/MAD/.tmp/test-kill-after-exit.instructions and follow the instructions exactly.']
2026-03-07 12:06:33,031 INFO status.feature_slug = 'test-kill-after-exit'
2026-03-07 12:06:33,032 INFO Logging to: /home/paule/MAD/logs/kilo-test-kill-after-exit-1772913993.log
2026-03-07 12:06:33,032 WARNING [runner] Kill requested by user. Terminating agent.
2026-03-07 12:06:33,032 WARNING [runner] No output file found, using stdout
2026-03-07 12:06:33,032 INFO [runner] Log file closed
2026-03-07 12:13:12,012 INFO [runner] Wrote instructions for 'test-pid': 312 chars
2026-03-07 12:13:12,012 INFO [runner] Instructions preview: Code Path: /home/paule/MAD
Context File: /home/paule/MAD/.mad/CONTEXT.md

test prompt

IMPORTANT: Write your complete output as JSON to this file: /home/paule/MAD/.tmp/test-pid.output.json
Write ONLY ...
2026-03-07 12:13:12,013 INFO Starting kilo in cwd=/home/paule/MAD with cmd: ['kilo', 'run', '--auto', 'Read /home/paule/MAD/.tmp/test-pid.instructions and follow the instructions exactly.']
2026-03-07 12:13:12,013 INFO status.feature_slug = 'test-pid'
2026-03-07 12:13:12,013 INFO Logging to: /home/paule/MAD/logs/kilo-test-pid-1772914392.log
2026-03-07 12:13:12,014 WARNING [runner] No output file found, using stdout
2026-03-07 12:13:12,014 INFO [runner] Log file closed
2026-03-07 12:13:17,817 INFO [runner] Wrote instructions for 'test-pid': 312 chars
2026-03-07 12:13:17,817 INFO [runner] Instructions preview: Code Path: /home/paule/MAD
Context File: /home/paule/MAD/.mad/CONTEXT.md

test prompt

IMPORTANT: Write your complete output as JSON to this file: /home/paule/MAD/.tmp/test-pid.output.json
Write ONLY ...
2026-03-07 12:13:17,817 INFO Starting kilo in cwd=/home/paule/MAD with cmd: ['kilo', 'run', '--auto', 'Read /home/paule/MAD/.tmp/test-pid.instructions and follow the instructions exactly.']
2026-03-07 12:13:17,817 INFO status.feature_slug = 'test-pid'
2026-03-07 12:13:17,818 INFO Logging to: /home/paule/MAD/logs/kilo-test-pid-1772914397.log
2026-03-07 12:13:17,818 WARNING [runner] No output file found, using stdout
2026-03-07 12:13:17,818 INFO [runner] Log file closed
2026-03-07 12:13:17,821 INFO [runner] Wrote instructions for 'test-pid-reset': 318 chars
2026-03-07 12:13:17,821 INFO [runner] Instructions preview: Code Path: /home/paule/MAD
Context File: /home/paule/MAD/.mad/CONTEXT.md

test prompt

IMPORTANT: Write your complete output as JSON to this file: /home/paule/MAD/.tmp/test-pid-reset.output.json
Write...
2026-03-07 12:13:17,821 INFO Starting kilo in cwd=/home/paule/MAD with cmd: ['kilo', 'run', '--auto', 'Read /home/paule/MAD/.tmp/test-pid-reset.instructions and follow the instructions exactly.']
2026-03-07 12:13:17,821 INFO status.feature_slug = 'test-pid-reset'
2026-03-07 12:13:17,821 INFO Logging to: /home/paule/MAD/logs/kilo-test-pid-reset-1772914397.log
2026-03-07 12:13:17,821 WARNING [runner] No output file found, using stdout
2026-03-07 12:13:17,821 INFO [runner] Log file closed
2026-03-07 12:13:17,843 INFO [runner] Wrote instructions for 'test-activity': 317 chars
2026-03-07 12:13:17,843 INFO [runner] Instructions preview: Code Path: /home/paule/MAD
Context File: /home/paule/MAD/.mad/CONTEXT.md

test prompt

IMPORTANT: Write your complete output as JSON to this file: /home/paule/MAD/.tmp/test-activity.output.json
Write ...
2026-03-07 12:13:17,843 INFO Starting kilo in cwd=/home/paule/MAD with cmd: ['kilo', 'run', '--auto', 'Read /home/paule/MAD/.tmp/test-activity.instructions and follow the instructions exactly.']
2026-03-07 12:13:17,843 INFO status.feature_slug = 'test-activity'
2026-03-07 12:13:17,843 INFO Logging to: /home/paule/MAD/logs/kilo-test-activity-1772914397.log
2026-03-07 12:13:17,843 WARNING [runner] No output file found, using stdout
2026-03-07 12:13:17,844 INFO [runner] Log file closed
2026-03-07 12:13:17,857 INFO [runner] Wrote instructions for 'test-activity-reset': 323 chars
2026-03-07 12:13:17,858 INFO [runner] Instructions preview: Code Path: /home/paule/MAD
Context File: /home/paule/MAD/.mad/CONTEXT.md

test prompt

IMPORTANT: Write your complete output as JSON to this file: /home/paule/MAD/.tmp/test-activity-reset.output.json
...
2026-03-07 12:13:17,858 INFO Starting kilo in cwd=/home/paule/MAD with cmd: ['kilo', 'run', '--auto', 'Read /home/paule/MAD/.tmp/test-activity-reset.instructions and follow the instructions exactly.']
2026-03-07 12:13:17,858 INFO status.feature_slug = 'test-activity-reset'
2026-03-07 12:13:17,858 INFO Logging to: /home/paule/MAD/logs/kilo-test-activity-reset-1772914397.log
2026-03-07 12:13:17,858 WARNING [runner] No output file found, using stdout
2026-03-07 12:13:17,858 INFO [runner] Log file closed
2026-03-07 12:13:17,872 INFO [runner] Wrote instructions for 'test-kill': 313 chars
2026-03-07 12:13:17,872 INFO [runner] Instructions preview: Code Path: /home/paule/MAD
Context File: /home/paule/MAD/.mad/CONTEXT.md

test prompt

IMPORTANT: Write your complete output as JSON to this file: /home/paule/MAD/.tmp/test-kill.output.json
Write ONLY...
2026-03-07 12:13:17,872 INFO Starting kilo in cwd=/home/paule/MAD with cmd: ['kilo', 'run', '--auto', 'Read /home/paule/MAD/.tmp/test-kill.instructions and follow the instructions exactly.']
2026-03-07 12:13:17,872 INFO status.feature_slug = 'test-kill'
2026-03-07 12:13:17,872 INFO Logging to: /home/paule/MAD/logs/kilo-test-kill-1772914397.log
2026-03-07 12:13:17,872 WARNING [runner] Kill requested by user. Terminating agent.
2026-03-07 12:13:17,872 INFO [runner] Log file closed
2026-03-07 12:13:17,943 INFO [runner] Wrote instructions for 'test-kill-running': 321 chars
2026-03-07 12:13:17,943 INFO [runner] Instructions preview: Code Path: /home/paule/MAD
Context File: /home/paule/MAD/.mad/CONTEXT.md

test prompt

IMPORTANT: Write your complete output as JSON to this file: /home/paule/MAD/.tmp/test-kill-running.output.json
Wr...
2026-03-07 12:13:17,943 INFO Starting kilo in cwd=/home/paule/MAD with cmd: ['kilo', 'run', '--auto', 'Read /home/paule/MAD/.tmp/test-kill-running.instructions and follow the instructions exactly.']
2026-03-07 12:13:17,943 INFO status.feature_slug = 'test-kill-running'
2026-03-07 12:13:17,943 INFO Logging to: /home/paule/MAD/logs/kilo-test-kill-running-1772914397.log
2026-03-07 12:13:17,943 WARNING [runner] Kill requested by user. Terminating agent.
2026-03-07 12:13:17,943 INFO [runner] Log file closed
2026-03-07 12:13:18,010 INFO [runner] Wrote instructions for 'test-kill-lines': 319 chars
2026-03-07 12:13:18,010 INFO [runner] Instructions preview: Code Path: /home/paule/MAD
Context File: /home/paule/MAD/.mad/CONTEXT.md

test prompt

IMPORTANT: Write your complete output as JSON to this file: /home/paule/MAD/.tmp/test-kill-lines.output.json
Writ...
2026-03-07 12:13:18,010 INFO Starting kilo in cwd=/home/paule/MAD with cmd: ['kilo', 'run', '--auto', 'Read /home/paule/MAD/.tmp/test-kill-lines.instructions and follow the instructions exactly.']
2026-03-07 12:13:18,010 INFO status.feature_slug = 'test-kill-lines'
2026-03-07 12:13:18,011 INFO Logging to: /home/paule/MAD/logs/kilo-test-kill-lines-1772914398.log
2026-03-07 12:13:18,011 WARNING [runner] Kill requested by user. Terminating agent.
2026-03-07 12:13:18,011 INFO [runner] Log file closed
2026-03-07 12:13:18,080 INFO [runner] Wrote instructions for 'test-finally': 316 chars
2026-03-07 12:13:18,080 INFO [runner] Instructions preview: Code Path: /home/paule/MAD
Context File: /home/paule/MAD/.mad/CONTEXT.md

test prompt

IMPORTANT: Write your complete output as JSON to this file: /home/paule/MAD/.tmp/test-finally.output.json
Write O...
2026-03-07 12:13:18,080 INFO Starting kilo in cwd=/home/paule/MAD with cmd: ['kilo', 'run', '--auto', 'Read /home/paule/MAD/.tmp/test-finally.instructions and follow the instructions exactly.']
2026-03-07 12:13:18,080 INFO status.feature_slug = 'test-finally'
2026-03-07 12:13:18,080 INFO Logging to: /home/paule/MAD/logs/kilo-test-finally-1772914398.log
2026-03-07 12:13:18,080 WARNING [runner] Kill requested by user. Terminating agent.
2026-03-07 12:13:18,081 WARNING [runner] No output file found, using stdout
2026-03-07 12:13:18,081 INFO [runner] Log file closed
2026-03-07 12:13:18,220 INFO [runner] Wrote instructions for 'test-kill-after-exit': 324 chars
2026-03-07 12:13:18,220 INFO [runner] Instructions preview: Code Path: /home/paule/MAD
Context File: /home/paule/MAD/.mad/CONTEXT.md

test prompt

IMPORTANT: Write your complete output as JSON to this file: /home/paule/MAD/.tmp/test-kill-after-exit.output.json...
2026-03-07 12:13:18,220 INFO Starting kilo in cwd=/home/paule/MAD with cmd: ['kilo', 'run', '--auto', 'Read /home/paule/MAD/.tmp/test-kill-after-exit.instructions and follow the instructions exactly.']
2026-03-07 12:13:18,220 INFO status.feature_slug = 'test-kill-after-exit'
2026-03-07 12:13:18,220 INFO Logging to: /home/paule/MAD/logs/kilo-test-kill-after-exit-1772914398.log
2026-03-07 12:13:18,220 WARNING [runner] Kill requested by user. Terminating agent.
2026-03-07 12:13:18,220 WARNING [runner] No output file found, using stdout
2026-03-07 12:13:18,221 INFO [runner] Log file closed
2026-03-07 12:16:48,392 INFO [runner] Wrote instructions for 'test-pid': 312 chars
2026-03-07 12:16:48,392 INFO [runner] Instructions preview: Code Path: /home/paule/MAD
Context File: /home/paule/MAD/.mad/CONTEXT.md

test prompt

IMPORTANT: Write your complete output as JSON to this file: /home/paule/MAD/.tmp/test-pid.output.json
Write ONLY ...
2026-03-07 12:16:48,392 INFO Starting kilo in cwd=/home/paule/MAD with cmd: ['kilo', 'run', '--auto', 'Read /home/paule/MAD/.tmp/test-pid.instructions and follow the instructions exactly.']
2026-03-07 12:16:48,392 INFO status.feature_slug = 'test-pid'
2026-03-07 12:16:48,392 INFO Logging to: /home/paule/MAD/logs/kilo-test-pid-1772914608.log
2026-03-07 12:16:48,393 WARNING [runner] No output file found, using stdout
2026-03-07 12:16:48,393 INFO [runner] Log file closed
2026-03-07 12:16:48,395 INFO [runner] Wrote instructions for 'test-pid-reset': 318 chars
2026-03-07 12:16:48,395 INFO [runner] Instructions preview: Code Path: /home/paule/MAD
Context File: /home/paule/MAD/.mad/CONTEXT.md

test prompt

IMPORTANT: Write your complete output as JSON to this file: /home/paule/MAD/.tmp/test-pid-reset.output.json
Write...
2026-03-07 12:16:48,395 INFO Starting kilo in cwd=/home/paule/MAD with cmd: ['kilo', 'run', '--auto', 'Read /home/paule/MAD/.tmp/test-pid-reset.instructions and follow the instructions exactly.']
2026-03-07 12:16:48,395 INFO status.feature_slug = 'test-pid-reset'
2026-03-07 12:16:48,395 INFO Logging to: /home/paule/MAD/logs/kilo-test-pid-reset-1772914608.log
2026-03-07 12:16:48,395 WARNING [runner] No output file found, using stdout
2026-03-07 12:16:48,395 INFO [runner] Log file closed
2026-03-07 12:16:48,397 INFO [runner] Wrote instructions for 'test-activity': 317 chars
2026-03-07 12:16:48,397 INFO [runner] Instructions preview: Code Path: /home/paule/MAD
Context File: /home/paule/MAD/.mad/CONTEXT.md

test prompt

IMPORTANT: Write your complete output as JSON to this file: /home/paule/MAD/.tmp/test-activity.output.json
Write ...
2026-03-07 12:16:48,397 INFO Starting kilo in cwd=/home/paule/MAD with cmd: ['kilo', 'run', '--auto', 'Read /home/paule/MAD/.tmp/test-activity.instructions and follow the instructions exactly.']
2026-03-07 12:16:48,397 INFO status.feature_slug = 'test-activity'
2026-03-07 12:16:48,398 INFO Logging to: /home/paule/MAD/logs/kilo-test-activity-1772914608.log
2026-03-07 12:16:48,398 WARNING [runner] No output file found, using stdout
2026-03-07 12:16:48,398 INFO [runner] Log file closed
2026-03-07 12:16:48,412 INFO [runner] Wrote instructions for 'test-activity-reset': 323 chars
2026-03-07 12:16:48,412 INFO [runner] Instructions preview: Code Path: /home/paule/MAD
Context File: /home/paule/MAD/.mad/CONTEXT.md

test prompt

IMPORTANT: Write your complete output as JSON to this file: /home/paule/MAD/.tmp/test-activity-reset.output.json
...
2026-03-07 12:16:48,412 INFO Starting kilo in cwd=/home/paule/MAD with cmd: ['kilo', 'run', '--auto', 'Read /home/paule/MAD/.tmp/test-activity-reset.instructions and follow the instructions exactly.']
2026-03-07 12:16:48,412 INFO status.feature_slug = 'test-activity-reset'
2026-03-07 12:16:48,412 INFO Logging to: /home/paule/MAD/logs/kilo-test-activity-reset-1772914608.log
2026-03-07 12:16:48,412 WARNING [runner] No output file found, using stdout
2026-03-07 12:16:48,412 INFO [runner] Log file closed
2026-03-07 12:16:48,414 INFO [runner] Wrote instructions for 'test-kill': 313 chars
2026-03-07 12:16:48,414 INFO [runner] Instructions preview: Code Path: /home/paule/MAD
Context File: /home/paule/MAD/.mad/CONTEXT.md

test prompt

IMPORTANT: Write your complete output as JSON to this file: /home/paule/MAD/.tmp/test-kill.output.json
Write ONLY...
2026-03-07 12:16:48,414 INFO Starting kilo in cwd=/home/paule/MAD with cmd: ['kilo', 'run', '--auto', 'Read /home/paule/MAD/.tmp/test-kill.instructions and follow the instructions exactly.']
2026-03-07 12:16:48,414 INFO status.feature_slug = 'test-kill'
2026-03-07 12:16:48,414 INFO Logging to: /home/paule/MAD/logs/kilo-test-kill-1772914608.log
2026-03-07 12:16:48,414 WARNING [runner] Kill requested by user. Terminating agent.
2026-03-07 12:16:48,414 INFO [runner] Log file closed
2026-03-07 12:16:48,483 INFO [runner] Wrote instructions for 'test-kill-running': 321 chars
2026-03-07 12:16:48,483 INFO [runner] Instructions preview: Code Path: /home/paule/MAD
Context File: /home/paule/MAD/.mad/CONTEXT.md

test prompt

IMPORTANT: Write your complete output as JSON to this file: /home/paule/MAD/.tmp/test-kill-running.output.json
Wr...
2026-03-07 12:16:48,483 INFO Starting kilo in cwd=/home/paule/MAD with cmd: ['kilo', 'run', '--auto', 'Read /home/paule/MAD/.tmp/test-kill-running.instructions and follow the instructions exactly.']
2026-03-07 12:16:48,483 INFO status.feature_slug = 'test-kill-running'
2026-03-07 12:16:48,483 INFO Logging to: /home/paule/MAD/logs/kilo-test-kill-running-1772914608.log
2026-03-07 12:16:48,483 WARNING [runner] Kill requested by user. Terminating agent.
2026-03-07 12:16:48,484 INFO [runner] Log file closed
2026-03-07 12:16:48,561 INFO [runner] Wrote instructions for 'test-kill-lines': 319 chars
2026-03-07 12:16:48,561 INFO [runner] Instructions preview: Code Path: /home/paule/MAD
Context File: /home/paule/MAD/.mad/CONTEXT.md

test prompt

IMPORTANT: Write your complete output as JSON to this file: /home/paule/MAD/.tmp/test-kill-lines.output.json
Writ...
2026-03-07 12:16:48,562 INFO Starting kilo in cwd=/home/paule/MAD with cmd: ['kilo', 'run', '--auto', 'Read /home/paule/MAD/.tmp/test-kill-lines.instructions and follow the instructions exactly.']
2026-03-07 12:16:48,562 INFO status.feature_slug = 'test-kill-lines'
2026-03-07 12:16:48,562 INFO Logging to: /home/paule/MAD/logs/kilo-test-kill-lines-1772914608.log
2026-03-07 12:16:48,562 WARNING [runner] Kill requested by user. Terminating agent.
2026-03-07 12:16:48,562 INFO [runner] Log file closed
2026-03-07 12:16:48,631 INFO [runner] Wrote instructions for 'test-finally': 316 chars
2026-03-07 12:16:48,631 INFO [runner] Instructions preview: Code Path: /home/paule/MAD
Context File: /home/paule/MAD/.mad/CONTEXT.md

test prompt

IMPORTANT: Write your complete output as JSON to this file: /home/paule/MAD/.tmp/test-finally.output.json
Write O...
2026-03-07 12:16:48,631 INFO Starting kilo in cwd=/home/paule/MAD with cmd: ['kilo', 'run', '--auto', 'Read /home/paule/MAD/.tmp/test-finally.instructions and follow the instructions exactly.']
2026-03-07 12:16:48,631 INFO status.feature_slug = 'test-finally'
2026-03-07 12:16:48,631 INFO Logging to: /home/paule/MAD/logs/kilo-test-finally-1772914608.log
2026-03-07 12:16:48,631 WARNING [runner] Kill requested by user. Terminating agent.
2026-03-07 12:16:48,631 WARNING [runner] No output file found, using stdout
2026-03-07 12:16:48,631 INFO [runner] Log file closed
2026-03-07 12:16:48,754 INFO [runner] Wrote instructions for 'test-kill-after-exit': 324 chars
2026-03-07 12:16:48,754 INFO [runner] Instructions preview: Code Path: /home/paule/MAD
Context File: /home/paule/MAD/.mad/CONTEXT.md

test prompt

IMPORTANT: Write your complete output as JSON to this file: /home/paule/MAD/.tmp/test-kill-after-exit.output.json...
2026-03-07 12:16:48,754 INFO Starting kilo in cwd=/home/paule/MAD with cmd: ['kilo', 'run', '--auto', 'Read /home/paule/MAD/.tmp/test-kill-after-exit.instructions and follow the instructions exactly.']
2026-03-07 12:16:48,754 INFO status.feature_slug = 'test-kill-after-exit'
2026-03-07 12:16:48,754 INFO Logging to: /home/paule/MAD/logs/kilo-test-kill-after-exit-1772914608.log
2026-03-07 12:16:48,754 WARNING [runner] Kill requested by user. Terminating agent.
2026-03-07 12:16:48,755 WARNING [runner] No output file found, using stdout
2026-03-07 12:16:48,755 INFO [runner] Log file closed
2026-03-07 12:16:55,047 INFO [runner] Wrote instructions for 'test-kill': 313 chars
2026-03-07 12:16:55,047 INFO [runner] Instructions preview: Code Path: /home/paule/MAD
Context File: /home/paule/MAD/.mad/CONTEXT.md

test prompt

IMPORTANT: Write your complete output as JSON to this file: /home/paule/MAD/.tmp/test-kill.output.json
Write ONLY...
2026-03-07 12:16:55,047 INFO Starting kilo in cwd=/home/paule/MAD with cmd: ['kilo', 'run', '--auto', 'Read /home/paule/MAD/.tmp/test-kill.instructions and follow the instructions exactly.']
2026-03-07 12:16:55,047 INFO status.feature_slug = 'test-kill'
2026-03-07 12:16:55,047 INFO Logging to: /home/paule/MAD/logs/kilo-test-kill-1772914615.log
2026-03-07 12:16:55,047 WARNING [runner] Kill requested by user. Terminating agent.
2026-03-07 12:16:55,048 INFO [runner] Log file closed
2026-03-07 12:18:49,201 INFO [runner] Wrote instructions for 'test-pid': 312 chars
2026-03-07 12:18:49,201 INFO [runner] Instructions preview: Code Path: /home/paule/MAD
Context File: /home/paule/MAD/.mad/CONTEXT.md

test prompt

IMPORTANT: Write your complete output as JSON to this file: /home/paule/MAD/.tmp/test-pid.output.json
Write ONLY ...
2026-03-07 12:18:49,202 INFO Starting kilo in cwd=/home/paule/MAD with cmd: ['kilo', 'run', '--auto', 'Read /home/paule/MAD/.tmp/test-pid.instructions and follow the instructions exactly.']
2026-03-07 12:18:49,202 INFO status.feature_slug = 'test-pid'
2026-03-07 12:18:49,202 INFO Logging to: /home/paule/MAD/logs/kilo-test-pid-1772914729.log
2026-03-07 12:18:49,202 WARNING [runner] No output file found, using stdout
2026-03-07 12:18:49,202 INFO [runner] Log file closed
2026-03-07 12:18:49,204 INFO [runner] Wrote instructions for 'test-pid-reset': 318 chars
2026-03-07 12:18:49,204 INFO [runner] Instructions preview: Code Path: /home/paule/MAD
Context File: /home/paule/MAD/.mad/CONTEXT.md

test prompt

IMPORTANT: Write your complete output as JSON to this file: /home/paule/MAD/.tmp/test-pid-reset.output.json
Write...
2026-03-07 12:18:49,204 INFO Starting kilo in cwd=/home/paule/MAD with cmd: ['kilo', 'run', '--auto', 'Read /home/paule/MAD/.tmp/test-pid-reset.instructions and follow the instructions exactly.']
2026-03-07 12:18:49,204 INFO status.feature_slug = 'test-pid-reset'
2026-03-07 12:18:49,204 INFO Logging to: /home/paule/MAD/logs/kilo-test-pid-reset-1772914729.log
2026-03-07 12:18:49,204 WARNING [runner] No output file found, using stdout
2026-03-07 12:18:49,204 INFO [runner] Log file closed
2026-03-07 12:18:49,206 INFO [runner] Wrote instructions for 'test-activity': 317 chars
2026-03-07 12:18:49,207 INFO [runner] Instructions preview: Code Path: /home/paule/MAD
Context File: /home/paule/MAD/.mad/CONTEXT.md

test prompt

IMPORTANT: Write your complete output as JSON to this file: /home/paule/MAD/.tmp/test-activity.output.json
Write ...
2026-03-07 12:18:49,207 INFO Starting kilo in cwd=/home/paule/MAD with cmd: ['kilo', 'run', '--auto', 'Read /home/paule/MAD/.tmp/test-activity.instructions and follow the instructions exactly.']
2026-03-07 12:18:49,207 INFO status.feature_slug = 'test-activity'
2026-03-07 12:18:49,207 INFO Logging to: /home/paule/MAD/logs/kilo-test-activity-1772914729.log
2026-03-07 12:18:49,207 WARNING [runner] No output file found, using stdout
2026-03-07 12:18:49,207 INFO [runner] Log file closed
2026-03-07 12:18:49,221 INFO [runner] Wrote instructions for 'test-activity-reset': 323 chars
2026-03-07 12:18:49,221 INFO [runner] Instructions preview: Code Path: /home/paule/MAD
Context File: /home/paule/MAD/.mad/CONTEXT.md

test prompt

IMPORTANT: Write your complete output as JSON to this file: /home/paule/MAD/.tmp/test-activity-reset.output.json
...
2026-03-07 12:18:49,221 INFO Starting kilo in cwd=/home/paule/MAD with cmd: ['kilo', 'run', '--auto', 'Read /home/paule/MAD/.tmp/test-activity-reset.instructions and follow the instructions exactly.']
2026-03-07 12:18:49,221 INFO status.feature_slug = 'test-activity-reset'
2026-03-07 12:18:49,221 INFO Logging to: /home/paule/MAD/logs/kilo-test-activity-reset-1772914729.log
2026-03-07 12:18:49,222 WARNING [runner] No output file found, using stdout
2026-03-07 12:18:49,222 INFO [runner] Log file closed
2026-03-07 12:18:49,223 INFO [runner] Wrote instructions for 'test-kill': 313 chars
2026-03-07 12:18:49,223 INFO [runner] Instructions preview: Code Path: /home/paule/MAD
Context File: /home/paule/MAD/.mad/CONTEXT.md

test prompt

IMPORTANT: Write your complete output as JSON to this file: /home/paule/MAD/.tmp/test-kill.output.json
Write ONLY...
2026-03-07 12:18:49,223 INFO Starting kilo in cwd=/home/paule/MAD with cmd: ['kilo', 'run', '--auto', 'Read /home/paule/MAD/.tmp/test-kill.instructions and follow the instructions exactly.']
2026-03-07 12:18:49,224 INFO status.feature_slug = 'test-kill'
2026-03-07 12:18:49,224 INFO Logging to: /home/paule/MAD/logs/kilo-test-kill-1772914729.log
2026-03-07 12:18:49,224 WARNING [runner] Kill requested by user. Terminating agent.
2026-03-07 12:18:49,224 WARNING [runner] No output file found, using stdout
2026-03-07 12:18:49,224 INFO [runner] Log file closed
2026-03-07 12:18:49,252 INFO [runner] Wrote instructions for 'test-kill-running': 321 chars
2026-03-07 12:18:49,252 INFO [runner] Instructions preview: Code Path: /home/paule/MAD
Context File: /home/paule/MAD/.mad/CONTEXT.md

test prompt

IMPORTANT: Write your complete output as JSON to this file: /home/paule/MAD/.tmp/test-kill-running.output.json
Wr...
2026-03-07 12:18:49,252 INFO Starting kilo in cwd=/home/paule/MAD with cmd: ['kilo', 'run', '--auto', 'Read /home/paule/MAD/.tmp/test-kill-running.instructions and follow the instructions exactly.']
2026-03-07 12:18:49,252 INFO status.feature_slug = 'test-kill-running'
2026-03-07 12:18:49,252 INFO Logging to: /home/paule/MAD/logs/kilo-test-kill-running-1772914729.log
2026-03-07 12:18:49,252 WARNING [runner] Kill requested by user. Terminating agent.
2026-03-07 12:18:49,252 WARNING [runner] No output file found, using stdout
2026-03-07 12:18:49,252 INFO [runner] Log file closed
2026-03-07 12:18:49,262 INFO [runner] Wrote instructions for 'test-kill-lines': 319 chars
2026-03-07 12:18:49,262 INFO [runner] Instructions preview: Code Path: /home/paule/MAD
Context File: /home/paule/MAD/.mad/CONTEXT.md

test prompt

IMPORTANT: Write your complete output as JSON to this file: /home/paule/MAD/.tmp/test-kill-lines.output.json
Writ...
2026-03-07 12:18:49,262 INFO Starting kilo in cwd=/home/paule/MAD with cmd: ['kilo', 'run', '--auto', 'Read /home/paule/MAD/.tmp/test-kill-lines.instructions and follow the instructions exactly.']
2026-03-07 12:18:49,262 INFO status.feature_slug = 'test-kill-lines'
2026-03-07 12:18:49,262 INFO Logging to: /home/paule/MAD/logs/kilo-test-kill-lines-1772914729.log
2026-03-07 12:18:49,262 WARNING [runner] Kill requested by user. Terminating agent.
2026-03-07 12:18:49,262 WARNING [runner] No output file found, using stdout
2026-03-07 12:18:49,262 INFO [runner] Log file closed
2026-03-07 12:18:49,265 INFO [runner] Wrote instructions for 'test-finally': 316 chars
2026-03-07 12:18:49,265 INFO [runner] Instructions preview: Code Path: /home/paule/MAD
Context File: /home/paule/MAD/.mad/CONTEXT.md

test prompt

IMPORTANT: Write your complete output as JSON to this file: /home/paule/MAD/.tmp/test-finally.output.json
Write O...
2026-03-07 12:18:49,265 INFO Starting kilo in cwd=/home/paule/MAD with cmd: ['kilo', 'run', '--auto', 'Read /home/paule/MAD/.tmp/test-finally.instructions and follow the instructions exactly.']
2026-03-07 12:18:49,265 INFO status.feature_slug = 'test-finally'
2026-03-07 12:18:49,265 INFO Logging to: /home/paule/MAD/logs/kilo-test-finally-1772914729.log
2026-03-07 12:18:49,265 WARNING [runner] Kill requested by user. Terminating agent.
2026-03-07 12:18:49,266 WARNING [runner] No output file found, using stdout
2026-03-07 12:18:49,266 INFO [runner] Log file closed
2026-03-07 12:18:49,386 INFO [runner] Wrote instructions for 'test-kill-after-exit': 324 chars
2026-03-07 12:18:49,386 INFO [runner] Instructions preview: Code Path: /home/paule/MAD
Context File: /home/paule/MAD/.mad/CONTEXT.md

test prompt

IMPORTANT: Write your complete output as JSON to this file: /home/paule/MAD/.tmp/test-kill-after-exit.output.json...
2026-03-07 12:18:49,386 INFO Starting kilo in cwd=/home/paule/MAD with cmd: ['kilo', 'run', '--auto', 'Read /home/paule/MAD/.tmp/test-kill-after-exit.instructions and follow the instructions exactly.']
2026-03-07 12:18:49,386 INFO status.feature_slug = 'test-kill-after-exit'
2026-03-07 12:18:49,386 INFO Logging to: /home/paule/MAD/logs/kilo-test-kill-after-exit-1772914729.log
2026-03-07 12:18:49,386 WARNING [runner] Kill requested by user. Terminating agent.
2026-03-07 12:18:49,387 WARNING [runner] No output file found, using stdout
2026-03-07 12:18:49,387 INFO [runner] Log file closed
2026-03-07 12:18:55,390 INFO [runner] Wrote instructions for 'test-activity': 317 chars
2026-03-07 12:18:55,390 INFO [runner] Instructions preview: Code Path: /home/paule/MAD
Context File: /home/paule/MAD/.mad/CONTEXT.md

test prompt

IMPORTANT: Write your complete output as JSON to this file: /home/paule/MAD/.tmp/test-activity.output.json
Write ...
2026-03-07 12:18:55,390 INFO Starting kilo in cwd=/home/paule/MAD with cmd: ['kilo', 'run', '--auto', 'Read /home/paule/MAD/.tmp/test-activity.instructions and follow the instructions exactly.']
2026-03-07 12:18:55,390 INFO status.feature_slug = 'test-activity'
2026-03-07 12:18:55,390 INFO Logging to: /home/paule/MAD/logs/kilo-test-activity-1772914735.log
2026-03-07 12:18:55,391 WARNING [runner] No output file found, using stdout
2026-03-07 12:18:55,391 INFO [runner] Log file closed
2026-03-07 12:20:02,241 INFO [runner] Wrote instructions for 'test-pid': 312 chars
2026-03-07 12:20:02,241 INFO [runner] Instructions preview: Code Path: /home/paule/MAD
Context File: /home/paule/MAD/.mad/CONTEXT.md

test prompt

IMPORTANT: Write your complete output as JSON to this file: /home/paule/MAD/.tmp/test-pid.output.json
Write ONLY ...
2026-03-07 12:20:02,241 INFO Starting kilo in cwd=/home/paule/MAD with cmd: ['kilo', 'run', '--auto', 'Read /home/paule/MAD/.tmp/test-pid.instructions and follow the instructions exactly.']
2026-03-07 12:20:02,241 INFO status.feature_slug = 'test-pid'
2026-03-07 12:20:02,241 INFO Logging to: /home/paule/MAD/logs/kilo-test-pid-1772914802.log
2026-03-07 12:20:02,241 WARNING [runner] No output file found, using stdout
2026-03-07 12:20:02,241 INFO [runner] Log file closed
2026-03-07 12:20:02,243 INFO [runner] Wrote instructions for 'test-pid-reset': 318 chars
2026-03-07 12:20:02,243 INFO [runner] Instructions preview: Code Path: /home/paule/MAD
Context File: /home/paule/MAD/.mad/CONTEXT.md

test prompt

IMPORTANT: Write your complete output as JSON to this file: /home/paule/MAD/.tmp/test-pid-reset.output.json
Write...
2026-03-07 12:20:02,243 INFO Starting kilo in cwd=/home/paule/MAD with cmd: ['kilo', 'run', '--auto', 'Read /home/paule/MAD/.tmp/test-pid-reset.instructions and follow the instructions exactly.']
2026-03-07 12:20:02,243 INFO status.feature_slug = 'test-pid-reset'
2026-03-07 12:20:02,243 INFO Logging to: /home/paule/MAD/logs/kilo-test-pid-reset-1772914802.log
2026-03-07 12:20:02,244 WARNING [runner] No output file found, using stdout
2026-03-07 12:20:02,244 INFO [runner] Log file closed
2026-03-07 12:20:02,246 INFO [runner] Wrote instructions for 'test-activity': 317 chars
2026-03-07 12:20:02,246 INFO [runner] Instructions preview: Code Path: /home/paule/MAD
Context File: /home/paule/MAD/.mad/CONTEXT.md

test prompt

IMPORTANT: Write your complete output as JSON to this file: /home/paule/MAD/.tmp/test-activity.output.json
Write ...
2026-03-07 12:20:02,246 INFO Starting kilo in cwd=/home/paule/MAD with cmd: ['kilo', 'run', '--auto', 'Read /home/paule/MAD/.tmp/test-activity.instructions and follow the instructions exactly.']
2026-03-07 12:20:02,246 INFO status.feature_slug = 'test-activity'
2026-03-07 12:20:02,246 INFO Logging to: /home/paule/MAD/logs/kilo-test-activity-1772914802.log
2026-03-07 12:20:02,247 WARNING [runner] No output file found, using stdout
2026-03-07 12:20:02,247 INFO [runner] Log file closed
2026-03-07 12:20:02,248 INFO [runner] Wrote instructions for 'test-activity-reset': 323 chars
2026-03-07 12:20:02,248 INFO [runner] Instructions preview: Code Path: /home/paule/MAD
Context File: /home/paule/MAD/.mad/CONTEXT.md

test prompt

IMPORTANT: Write your complete output as JSON to this file: /home/paule/MAD/.tmp/test-activity-reset.output.json
...
2026-03-07 12:20:02,248 INFO Starting kilo in cwd=/home/paule/MAD with cmd: ['kilo', 'run', '--auto', 'Read /home/paule/MAD/.tmp/test-activity-reset.instructions and follow the instructions exactly.']
2026-03-07 12:20:02,248 INFO status.feature_slug = 'test-activity-reset'
2026-03-07 12:20:02,248 INFO Logging to: /home/paule/MAD/logs/kilo-test-activity-reset-1772914802.log
2026-03-07 12:20:02,249 WARNING [runner] No output file found, using stdout
2026-03-07 12:20:02,249 INFO [runner] Log file closed
2026-03-07 12:20:02,250 INFO [runner] Wrote instructions for 'test-kill': 313 chars
2026-03-07 12:20:02,250 INFO [runner] Instructions preview: Code Path: /home/paule/MAD
Context File: /home/paule/MAD/.mad/CONTEXT.md

test prompt

IMPORTANT: Write your complete output as JSON to this file: /home/paule/MAD/.tmp/test-kill.output.json
Write ONLY...
2026-03-07 12:20:02,251 INFO Starting kilo in cwd=/home/paule/MAD with cmd: ['kilo', 'run', '--auto', 'Read /home/paule/MAD/.tmp/test-kill.instructions and follow the instructions exactly.']
2026-03-07 12:20:02,251 INFO status.feature_slug = 'test-kill'
2026-03-07 12:20:02,251 INFO Logging to: /home/paule/MAD/logs/kilo-test-kill-1772914802.log
2026-03-07 12:20:02,251 WARNING [runner] Kill requested by user. Terminating agent.
2026-03-07 12:20:02,251 WARNING [runner] No output file found, using stdout
2026-03-07 12:20:02,251 INFO [runner] Log file closed
2026-03-07 12:20:02,283 INFO [runner] Wrote instructions for 'test-kill-running': 321 chars
2026-03-07 12:20:02,283 INFO [runner] Instructions preview: Code Path: /home/paule/MAD
Context File: /home/paule/MAD/.mad/CONTEXT.md

test prompt

IMPORTANT: Write your complete output as JSON to this file: /home/paule/MAD/.tmp/test-kill-running.output.json
Wr...
2026-03-07 12:20:02,283 INFO Starting kilo in cwd=/home/paule/MAD with cmd: ['kilo', 'run', '--auto', 'Read /home/paule/MAD/.tmp/test-kill-running.instructions and follow the instructions exactly.']
2026-03-07 12:20:02,283 INFO status.feature_slug = 'test-kill-running'
2026-03-07 12:20:02,283 INFO Logging to: /home/paule/MAD/logs/kilo-test-kill-running-1772914802.log
2026-03-07 12:20:02,283 WARNING [runner] Kill requested by user. Terminating agent.
2026-03-07 12:20:02,284 WARNING [runner] No output file found, using stdout
2026-03-07 12:20:02,284 INFO [runner] Log file closed
2026-03-07 12:20:02,285 INFO [runner] Wrote instructions for 'test-kill-lines': 319 chars
2026-03-07 12:20:02,285 INFO [runner] Instructions preview: Code Path: /home/paule/MAD
Context File: /home/paule/MAD/.mad/CONTEXT.md

test prompt

IMPORTANT: Write your complete output as JSON to this file: /home/paule/MAD/.tmp/test-kill-lines.output.json
Writ...
2026-03-07 12:20:02,285 INFO Starting kilo in cwd=/home/paule/MAD with cmd: ['kilo', 'run', '--auto', 'Read /home/paule/MAD/.tmp/test-kill-lines.instructions and follow the instructions exactly.']
2026-03-07 12:20:02,285 INFO status.feature_slug = 'test-kill-lines'
2026-03-07 12:20:02,286 INFO Logging to: /home/paule/MAD/logs/kilo-test-kill-lines-1772914802.log
2026-03-07 12:20:02,286 WARNING [runner] Kill requested by user. Terminating agent.
2026-03-07 12:20:02,286 WARNING [runner] No output file found, using stdout
2026-03-07 12:20:02,286 INFO [runner] Log file closed
2026-03-07 12:20:02,295 INFO [runner] Wrote instructions for 'test-finally': 316 chars
2026-03-07 12:20:02,295 INFO [runner] Instructions preview: Code Path: /home/paule/MAD
Context File: /home/paule/MAD/.mad/CONTEXT.md

test prompt

IMPORTANT: Write your complete output as JSON to this file: /home/paule/MAD/.tmp/test-finally.output.json
Write O...
2026-03-07 12:20:02,295 INFO Starting kilo in cwd=/home/paule/MAD with cmd: ['kilo', 'run', '--auto', 'Read /home/paule/MAD/.tmp/test-finally.instructions and follow the instructions exactly.']
2026-03-07 12:20:02,296 INFO status.feature_slug = 'test-finally'
2026-03-07 12:20:02,296 INFO Logging to: /home/paule/MAD/logs/kilo-test-finally-1772914802.log
2026-03-07 12:20:02,296 WARNING [runner] Kill requested by user. Terminating agent.
2026-03-07 12:20:02,296 WARNING [runner] No output file found, using stdout
2026-03-07 12:20:02,296 INFO [runner] Log file closed
2026-03-07 12:20:02,410 INFO [runner] Wrote instructions for 'test-kill-after-exit': 324 chars
2026-03-07 12:20:02,410 INFO [runner] Instructions preview: Code Path: /home/paule/MAD
Context File: /home/paule/MAD/.mad/CONTEXT.md

test prompt

IMPORTANT: Write your complete output as JSON to this file: /home/paule/MAD/.tmp/test-kill-after-exit.output.json...
2026-03-07 12:20:02,410 INFO Starting kilo in cwd=/home/paule/MAD with cmd: ['kilo', 'run', '--auto', 'Read /home/paule/MAD/.tmp/test-kill-after-exit.instructions and follow the instructions exactly.']
2026-03-07 12:20:02,410 INFO status.feature_slug = 'test-kill-after-exit'
2026-03-07 12:20:02,410 INFO Logging to: /home/paule/MAD/logs/kilo-test-kill-after-exit-1772914802.log
2026-03-07 12:20:02,410 WARNING [runner] Kill requested by user. Terminating agent.
2026-03-07 12:20:02,410 WARNING [runner] No output file found, using stdout
2026-03-07 12:20:02,410 INFO [runner] Log file closed
2026-03-07 12:20:08,621 INFO [runner] Wrote instructions for 'test-kill': 313 chars
2026-03-07 12:20:08,621 INFO [runner] Instructions preview: Code Path: /home/paule/MAD
Context File: /home/paule/MAD/.mad/CONTEXT.md

test prompt

IMPORTANT: Write your complete output as JSON to this file: /home/paule/MAD/.tmp/test-kill.output.json
Write ONLY...
2026-03-07 12:20:08,621 INFO Starting kilo in cwd=/home/paule/MAD with cmd: ['kilo', 'run', '--auto', 'Read /home/paule/MAD/.tmp/test-kill.instructions and follow the instructions exactly.']
2026-03-07 12:20:08,621 INFO status.feature_slug = 'test-kill'
2026-03-07 12:20:08,621 INFO Logging to: /home/paule/MAD/logs/kilo-test-kill-1772914808.log
2026-03-07 12:20:08,621 WARNING [runner] Kill requested by user. Terminating agent.
2026-03-07 12:20:08,621 WARNING [runner] No output file found, using stdout
2026-03-07 12:20:08,621 INFO [runner] Log file closed
2026-03-07 12:20:35,149 INFO [runner] Wrote instructions for 'test-pid': 312 chars
2026-03-07 12:20:35,149 INFO [runner] Instructions preview: Code Path: /home/paule/MAD
Context File: /home/paule/MAD/.mad/CONTEXT.md

test prompt

IMPORTANT: Write your complete output as JSON to this file: /home/paule/MAD/.tmp/test-pid.output.json
Write ONLY ...
2026-03-07 12:20:35,149 INFO Starting kilo in cwd=/home/paule/MAD with cmd: ['kilo', 'run', '--auto', 'Read /home/paule/MAD/.tmp/test-pid.instructions and follow the instructions exactly.']
2026-03-07 12:20:35,149 INFO status.feature_slug = 'test-pid'
2026-03-07 12:20:35,149 INFO Logging to: /home/paule/MAD/logs/kilo-test-pid-1772914835.log
2026-03-07 12:20:35,150 WARNING [runner] No output file found, using stdout
2026-03-07 12:20:35,150 INFO [runner] Log file closed
2026-03-07 12:20:35,151 INFO [runner] Wrote instructions for 'test-pid-reset': 318 chars
2026-03-07 12:20:35,151 INFO [runner] Instructions preview: Code Path: /home/paule/MAD
Context File: /home/paule/MAD/.mad/CONTEXT.md

test prompt

IMPORTANT: Write your complete output as JSON to this file: /home/paule/MAD/.tmp/test-pid-reset.output.json
Write...
2026-03-07 12:20:35,152 INFO Starting kilo in cwd=/home/paule/MAD with cmd: ['kilo', 'run', '--auto', 'Read /home/paule/MAD/.tmp/test-pid-reset.instructions and follow the instructions exactly.']
2026-03-07 12:20:35,152 INFO status.feature_slug = 'test-pid-reset'
2026-03-07 12:20:35,152 INFO Logging to: /home/paule/MAD/logs/kilo-test-pid-reset-1772914835.log
2026-03-07 12:20:35,152 WARNING [runner] No output file found, using stdout
2026-03-07 12:20:35,152 INFO [runner] Log file closed
2026-03-07 12:20:35,154 INFO [runner] Wrote instructions for 'test-activity': 317 chars
2026-03-07 12:20:35,154 INFO [runner] Instructions preview: Code Path: /home/paule/MAD
Context File: /home/paule/MAD/.mad/CONTEXT.md

test prompt

IMPORTANT: Write your complete output as JSON to this file: /home/paule/MAD/.tmp/test-activity.output.json
Write ...
2026-03-07 12:20:35,154 INFO Starting kilo in cwd=/home/paule/MAD with cmd: ['kilo', 'run', '--auto', 'Read /home/paule/MAD/.tmp/test-activity.instructions and follow the instructions exactly.']
2026-03-07 12:20:35,154 INFO status.feature_slug = 'test-activity'
2026-03-07 12:20:35,154 INFO Logging to: /home/paule/MAD/logs/kilo-test-activity-1772914835.log
2026-03-07 12:20:35,155 WARNING [runner] No output file found, using stdout
2026-03-07 12:20:35,155 INFO [runner] Log file closed
2026-03-07 12:20:35,156 INFO [runner] Wrote instructions for 'test-activity-reset': 323 chars
2026-03-07 12:20:35,156 INFO [runner] Instructions preview: Code Path: /home/paule/MAD
Context File: /home/paule/MAD/.mad/CONTEXT.md

test prompt

IMPORTANT: Write your complete output as JSON to this file: /home/paule/MAD/.tmp/test-activity-reset.output.json
...
2026-03-07 12:20:35,156 INFO Starting kilo in cwd=/home/paule/MAD with cmd: ['kilo', 'run', '--auto', 'Read /home/paule/MAD/.tmp/test-activity-reset.instructions and follow the instructions exactly.']
2026-03-07 12:20:35,156 INFO status.feature_slug = 'test-activity-reset'
2026-03-07 12:20:35,157 INFO Logging to: /home/paule/MAD/logs/kilo-test-activity-reset-1772914835.log
2026-03-07 12:20:35,157 WARNING [runner] No output file found, using stdout
2026-03-07 12:20:35,157 INFO [runner] Log file closed
2026-03-07 12:20:35,159 INFO [runner] Wrote instructions for 'test-kill': 313 chars
2026-03-07 12:20:35,159 INFO [runner] Instructions preview: Code Path: /home/paule/MAD
Context File: /home/paule/MAD/.mad/CONTEXT.md

test prompt

IMPORTANT: Write your complete output as JSON to this file: /home/paule/MAD/.tmp/test-kill.output.json
Write ONLY...
2026-03-07 12:20:35,159 INFO Starting kilo in cwd=/home/paule/MAD with cmd: ['kilo', 'run', '--auto', 'Read /home/paule/MAD/.tmp/test-kill.instructions and follow the instructions exactly.']
2026-03-07 12:20:35,159 INFO status.feature_slug = 'test-kill'
2026-03-07 12:20:35,159 INFO Logging to: /home/paule/MAD/logs/kilo-test-kill-1772914835.log
2026-03-07 12:20:35,159 WARNING [runner] Kill requested by user. Terminating agent.
2026-03-07 12:20:35,159 WARNING [runner] No output file found, using stdout
2026-03-07 12:20:35,159 INFO [runner] Log file closed
2026-03-07 12:20:35,172 INFO [runner] Wrote instructions for 'test-kill-running': 321 chars
2026-03-07 12:20:35,173 INFO [runner] Instructions preview: Code Path: /home/paule/MAD
Context File: /home/paule/MAD/.mad/CONTEXT.md

test prompt

IMPORTANT: Write your complete output as JSON to this file: /home/paule/MAD/.tmp/test-kill-running.output.json
Wr...
2026-03-07 12:20:35,173 INFO Starting kilo in cwd=/home/paule/MAD with cmd: ['kilo', 'run', '--auto', 'Read /home/paule/MAD/.tmp/test-kill-running.instructions and follow the instructions exactly.']
2026-03-07 12:20:35,173 INFO status.feature_slug = 'test-kill-running'
2026-03-07 12:20:35,173 INFO Logging to: /home/paule/MAD/logs/kilo-test-kill-running-1772914835.log
2026-03-07 12:20:35,173 WARNING [runner] Kill requested by user. Terminating agent.
2026-03-07 12:20:35,173 WARNING [runner] No output file found, using stdout
2026-03-07 12:20:35,173 INFO [runner] Log file closed
2026-03-07 12:20:35,175 INFO [runner] Wrote instructions for 'test-kill-lines': 319 chars
2026-03-07 12:20:35,175 INFO [runner] Instructions preview: Code Path: /home/paule/MAD
Context File: /home/paule/MAD/.mad/CONTEXT.md

test prompt

IMPORTANT: Write your complete output as JSON to this file: /home/paule/MAD/.tmp/test-kill-lines.output.json
Writ...
2026-03-07 12:20:35,175 INFO Starting kilo in cwd=/home/paule/MAD with cmd: ['kilo', 'run', '--auto', 'Read /home/paule/MAD/.tmp/test-kill-lines.instructions and follow the instructions exactly.']
2026-03-07 12:20:35,175 INFO status.feature_slug = 'test-kill-lines'
2026-03-07 12:20:35,175 INFO Logging to: /home/paule/MAD/logs/kilo-test-kill-lines-1772914835.log
2026-03-07 12:20:35,175 WARNING [runner] Kill requested by user. Terminating agent.
2026-03-07 12:20:35,175 WARNING [runner] No output file found, using stdout
2026-03-07 12:20:35,175 INFO [runner] Log file closed
2026-03-07 12:20:35,177 INFO [runner] Wrote instructions for 'test-finally': 316 chars
2026-03-07 12:20:35,177 INFO [runner] Instructions preview: Code Path: /home/paule/MAD
Context File: /home/paule/MAD/.mad/CONTEXT.md

test prompt

IMPORTANT: Write your complete output as JSON to this file: /home/paule/MAD/.tmp/test-finally.output.json
Write O...
2026-03-07 12:20:35,177 INFO Starting kilo in cwd=/home/paule/MAD with cmd: ['kilo', 'run', '--auto', 'Read /home/paule/MAD/.tmp/test-finally.instructions and follow the instructions exactly.']
2026-03-07 12:20:35,177 INFO status.feature_slug = 'test-finally'
2026-03-07 12:20:35,177 INFO Logging to: /home/paule/MAD/logs/kilo-test-finally-1772914835.log
2026-03-07 12:20:35,177 WARNING [runner] Kill requested by user. Terminating agent.
2026-03-07 12:20:35,178 WARNING [runner] No output file found, using stdout
2026-03-07 12:20:35,178 INFO [runner] Log file closed
2026-03-07 12:20:35,302 INFO [runner] Wrote instructions for 'test-kill-after-exit': 324 chars
2026-03-07 12:20:35,302 INFO [runner] Instructions preview: Code Path: /home/paule/MAD
Context File: /home/paule/MAD/.mad/CONTEXT.md

test prompt

IMPORTANT: Write your complete output as JSON to this file: /home/paule/MAD/.tmp/test-kill-after-exit.output.json...
2026-03-07 12:20:35,302 INFO Starting kilo in cwd=/home/paule/MAD with cmd: ['kilo', 'run', '--auto', 'Read /home/paule/MAD/.tmp/test-kill-after-exit.instructions and follow the instructions exactly.']
2026-03-07 12:20:35,302 INFO status.feature_slug = 'test-kill-after-exit'
2026-03-07 12:20:35,302 INFO Logging to: /home/paule/MAD/logs/kilo-test-kill-after-exit-1772914835.log
2026-03-07 12:20:35,302 WARNING [runner] Kill requested by user. Terminating agent.
2026-03-07 12:20:35,303 WARNING [runner] No output file found, using stdout
2026-03-07 12:20:35,303 INFO [runner] Log file closed
2026-03-07 12:20:48,785 INFO [runner] Wrote instructions for 'test-kill': 313 chars
2026-03-07 12:20:48,785 INFO [runner] Instructions preview: Code Path: /home/paule/MAD
Context File: /home/paule/MAD/.mad/CONTEXT.md

test prompt

IMPORTANT: Write your complete output as JSON to this file: /home/paule/MAD/.tmp/test-kill.output.json
Write ONLY...
2026-03-07 12:20:48,786 INFO Starting kilo in cwd=/home/paule/MAD with cmd: ['kilo', 'run', '--auto', 'Read /home/paule/MAD/.tmp/test-kill.instructions and follow the instructions exactly.']
2026-03-07 12:20:48,786 INFO status.feature_slug = 'test-kill'
2026-03-07 12:20:48,786 INFO Logging to: /home/paule/MAD/logs/kilo-test-kill-1772914848.log
2026-03-07 12:20:48,786 WARNING [runner] Kill requested by user. Terminating agent.
2026-03-07 12:20:48,786 WARNING [runner] No output file found, using stdout
2026-03-07 12:20:48,786 INFO [runner] Log file closed
2026-03-07 12:21:22,963 INFO [runner] Wrote instructions for 'test-pid': 312 chars
2026-03-07 12:21:22,963 INFO [runner] Instructions preview: Code Path: /home/paule/MAD
Context File: /home/paule/MAD/.mad/CONTEXT.md

test prompt

IMPORTANT: Write your complete output as JSON to this file: /home/paule/MAD/.tmp/test-pid.output.json
Write ONLY ...
2026-03-07 12:21:22,964 INFO Starting kilo in cwd=/home/paule/MAD with cmd: ['kilo', 'run', '--auto', 'Read /home/paule/MAD/.tmp/test-pid.instructions and follow the instructions exactly.']
2026-03-07 12:21:22,964 INFO status.feature_slug = 'test-pid'
2026-03-07 12:21:22,964 INFO Logging to: /home/paule/MAD/logs/kilo-test-pid-1772914882.log
2026-03-07 12:21:22,964 WARNING [runner] No output file found, using stdout
2026-03-07 12:21:22,964 INFO [runner] Log file closed
2026-03-07 12:21:22,966 INFO [runner] Wrote instructions for 'test-pid-reset': 318 chars
2026-03-07 12:21:22,966 INFO [runner] Instructions preview: Code Path: /home/paule/MAD
Context File: /home/paule/MAD/.mad/CONTEXT.md

test prompt

IMPORTANT: Write your complete output as JSON to this file: /home/paule/MAD/.tmp/test-pid-reset.output.json
Write...
2026-03-07 12:21:22,966 INFO Starting kilo in cwd=/home/paule/MAD with cmd: ['kilo', 'run', '--auto', 'Read /home/paule/MAD/.tmp/test-pid-reset.instructions and follow the instructions exactly.']
2026-03-07 12:21:22,966 INFO status.feature_slug = 'test-pid-reset'
2026-03-07 12:21:22,966 INFO Logging to: /home/paule/MAD/logs/kilo-test-pid-reset-1772914882.log
2026-03-07 12:21:22,966 WARNING [runner] No output file found, using stdout
2026-03-07 12:21:22,966 INFO [runner] Log file closed
2026-03-07 12:21:22,968 INFO [runner] Wrote instructions for 'test-activity': 317 chars
2026-03-07 12:21:22,968 INFO [runner] Instructions preview: Code Path: /home/paule/MAD
Context File: /home/paule/MAD/.mad/CONTEXT.md

test prompt

IMPORTANT: Write your complete output as JSON to this file: /home/paule/MAD/.tmp/test-activity.output.json
Write ...
2026-03-07 12:21:22,968 INFO Starting kilo in cwd=/home/paule/MAD with cmd: ['kilo', 'run', '--auto', 'Read /home/paule/MAD/.tmp/test-activity.instructions and follow the instructions exactly.']
2026-03-07 12:21:22,968 INFO status.feature_slug = 'test-activity'
2026-03-07 12:21:22,968 INFO Logging to: /home/paule/MAD/logs/kilo-test-activity-1772914882.log
2026-03-07 12:21:22,969 WARNING [runner] No output file found, using stdout
2026-03-07 12:21:22,969 INFO [runner] Log file closed
2026-03-07 12:21:22,971 INFO [runner] Wrote instructions for 'test-activity-reset': 323 chars
2026-03-07 12:21:22,971 INFO [runner] Instructions preview: Code Path: /home/paule/MAD
Context File: /home/paule/MAD/.mad/CONTEXT.md

test prompt

IMPORTANT: Write your complete output as JSON to this file: /home/paule/MAD/.tmp/test-activity-reset.output.json
...
2026-03-07 12:21:22,971 INFO Starting kilo in cwd=/home/paule/MAD with cmd: ['kilo', 'run', '--auto', 'Read /home/paule/MAD/.tmp/test-activity-reset.instructions and follow the instructions exactly.']
2026-03-07 12:21:22,971 INFO status.feature_slug = 'test-activity-reset'
2026-03-07 12:21:22,971 INFO Logging to: /home/paule/MAD/logs/kilo-test-activity-reset-1772914882.log
2026-03-07 12:21:22,971 WARNING [runner] No output file found, using stdout
2026-03-07 12:21:22,971 INFO [runner] Log file closed
2026-03-07 12:21:22,973 INFO [runner] Wrote instructions for 'test-kill': 313 chars
2026-03-07 12:21:22,973 INFO [runner] Instructions preview: Code Path: /home/paule/MAD
Context File: /home/paule/MAD/.mad/CONTEXT.md

test prompt

IMPORTANT: Write your complete output as JSON to this file: /home/paule/MAD/.tmp/test-kill.output.json
Write ONLY...
2026-03-07 12:21:22,973 INFO Starting kilo in cwd=/home/paule/MAD with cmd: ['kilo', 'run', '--auto', 'Read /home/paule/MAD/.tmp/test-kill.instructions and follow the instructions exactly.']
2026-03-07 12:21:22,973 INFO status.feature_slug = 'test-kill'
2026-03-07 12:21:22,973 INFO Logging to: /home/paule/MAD/logs/kilo-test-kill-1772914882.log
2026-03-07 12:21:22,973 WARNING [runner] Kill requested by user. Terminating agent.
2026-03-07 12:21:22,974 WARNING [runner] No output file found, using stdout
2026-03-07 12:21:22,974 INFO [runner] Log file closed
2026-03-07 12:21:22,975 INFO [runner] Wrote instructions for 'test-kill-running': 321 chars
2026-03-07 12:21:22,975 INFO [runner] Instructions preview: Code Path: /home/paule/MAD
Context File: /home/paule/MAD/.mad/CONTEXT.md

test prompt

IMPORTANT: Write your complete output as JSON to this file: /home/paule/MAD/.tmp/test-kill-running.output.json
Wr...
2026-03-07 12:21:22,975 INFO Starting kilo in cwd=/home/paule/MAD with cmd: ['kilo', 'run', '--auto', 'Read /home/paule/MAD/.tmp/test-kill-running.instructions and follow the instructions exactly.']
2026-03-07 12:21:22,975 INFO status.feature_slug = 'test-kill-running'
2026-03-07 12:21:22,976 INFO Logging to: /home/paule/MAD/logs/kilo-test-kill-running-1772914882.log
2026-03-07 12:21:22,976 WARNING [runner] Kill requested by user. Terminating agent.
2026-03-07 12:21:22,976 WARNING [runner] No output file found, using stdout
2026-03-07 12:21:22,976 INFO [runner] Log file closed
2026-03-07 12:21:22,977 INFO [runner] Wrote instructions for 'test-kill-lines': 319 chars
2026-03-07 12:21:22,977 INFO [runner] Instructions preview: Code Path: /home/paule/MAD
Context File: /home/paule/MAD/.mad/CONTEXT.md

test prompt

IMPORTANT: Write your complete output as JSON to this file: /home/paule/MAD/.tmp/test-kill-lines.output.json
Writ...
2026-03-07 12:21:22,977 INFO Starting kilo in cwd=/home/paule/MAD with cmd: ['kilo', 'run', '--auto', 'Read /home/paule/MAD/.tmp/test-kill-lines.instructions and follow the instructions exactly.']
2026-03-07 12:21:22,977 INFO status.feature_slug = 'test-kill-lines'
2026-03-07 12:21:22,978 INFO Logging to: /home/paule/MAD/logs/kilo-test-kill-lines-1772914882.log
2026-03-07 12:21:22,978 WARNING [runner] Kill requested by user. Terminating agent.
2026-03-07 12:21:22,978 WARNING [runner] No output file found, using stdout
2026-03-07 12:21:22,978 INFO [runner] Log file closed
2026-03-07 12:21:22,979 INFO [runner] Wrote instructions for 'test-finally': 316 chars
2026-03-07 12:21:22,979 INFO [runner] Instructions preview: Code Path: /home/paule/MAD
Context File: /home/paule/MAD/.mad/CONTEXT.md

test prompt

IMPORTANT: Write your complete output as JSON to this file: /home/paule/MAD/.tmp/test-finally.output.json
Write O...
2026-03-07 12:21:22,979 INFO Starting kilo in cwd=/home/paule/MAD with cmd: ['kilo', 'run', '--auto', 'Read /home/paule/MAD/.tmp/test-finally.instructions and follow the instructions exactly.']
2026-03-07 12:21:22,979 INFO status.feature_slug = 'test-finally'
2026-03-07 12:21:22,980 INFO Logging to: /home/paule/MAD/logs/kilo-test-finally-1772914882.log
2026-03-07 12:21:22,980 WARNING [runner] Kill requested by user. Terminating agent.
2026-03-07 12:21:22,980 WARNING [runner] No output file found, using stdout
2026-03-07 12:21:22,980 INFO [runner] Log file closed
2026-03-07 12:21:23,104 INFO [runner] Wrote instructions for 'test-kill-after-exit': 324 chars
2026-03-07 12:21:23,104 INFO [runner] Instructions preview: Code Path: /home/paule/MAD
Context File: /home/paule/MAD/.mad/CONTEXT.md

test prompt

IMPORTANT: Write your complete output as JSON to this file: /home/paule/MAD/.tmp/test-kill-after-exit.output.json...
2026-03-07 12:21:23,104 INFO Starting kilo in cwd=/home/paule/MAD with cmd: ['kilo', 'run', '--auto', 'Read /home/paule/MAD/.tmp/test-kill-after-exit.instructions and follow the instructions exactly.']
2026-03-07 12:21:23,104 INFO status.feature_slug = 'test-kill-after-exit'
2026-03-07 12:21:23,104 INFO Logging to: /home/paule/MAD/logs/kilo-test-kill-after-exit-1772914883.log
2026-03-07 12:21:23,104 WARNING [runner] Kill requested by user. Terminating agent.
2026-03-07 12:21:23,104 WARNING [runner] No output file found, using stdout
2026-03-07 12:21:23,104 INFO [runner] Log file closed
2026-03-07 12:22:55,184 INFO [runner] Wrote instructions for 'test-pid': 312 chars
2026-03-07 12:22:55,185 INFO [runner] Instructions preview: Code Path: /home/paule/MAD
Context File: /home/paule/MAD/.mad/CONTEXT.md

test prompt

IMPORTANT: Write your complete output as JSON to this file: /home/paule/MAD/.tmp/test-pid.output.json
Write ONLY ...
2026-03-07 12:22:55,185 INFO Starting kilo in cwd=/home/paule/MAD with cmd: ['kilo', 'run', '--auto', 'Read /home/paule/MAD/.tmp/test-pid.instructions and follow the instructions exactly.']
2026-03-07 12:22:55,185 INFO status.feature_slug = 'test-pid'
2026-03-07 12:22:55,185 INFO Logging to: /home/paule/MAD/logs/kilo-test-pid-1772914975.log
2026-03-07 12:22:55,185 WARNING [runner] No output file found, using stdout
2026-03-07 12:22:55,185 INFO [runner] Log file closed
2026-03-07 12:22:55,188 INFO [runner] Wrote instructions for 'test-pid-reset': 318 chars
2026-03-07 12:22:55,188 INFO [runner] Instructions preview: Code Path: /home/paule/MAD
Context File: /home/paule/MAD/.mad/CONTEXT.md

test prompt

IMPORTANT: Write your complete output as JSON to this file: /home/paule/MAD/.tmp/test-pid-reset.output.json
Write...
2026-03-07 12:22:55,188 INFO Starting kilo in cwd=/home/paule/MAD with cmd: ['kilo', 'run', '--auto', 'Read /home/paule/MAD/.tmp/test-pid-reset.instructions and follow the instructions exactly.']
2026-03-07 12:22:55,188 INFO status.feature_slug = 'test-pid-reset'
2026-03-07 12:22:55,188 INFO Logging to: /home/paule/MAD/logs/kilo-test-pid-reset-1772914975.log
2026-03-07 12:22:55,188 WARNING [runner] No output file found, using stdout
2026-03-07 12:22:55,188 INFO [runner] Log file closed
2026-03-07 12:22:55,190 INFO [runner] Wrote instructions for 'test-activity': 317 chars
2026-03-07 12:22:55,190 INFO [runner] Instructions preview: Code Path: /home/paule/MAD
Context File: /home/paule/MAD/.mad/CONTEXT.md

test prompt

IMPORTANT: Write your complete output as JSON to this file: /home/paule/MAD/.tmp/test-activity.output.json
Write ...
2026-03-07 12:22:55,190 INFO Starting kilo in cwd=/home/paule/MAD with cmd: ['kilo', 'run', '--auto', 'Read /home/paule/MAD/.tmp/test-activity.instructions and follow the instructions exactly.']
2026-03-07 12:22:55,190 INFO status.feature_slug = 'test-activity'
2026-03-07 12:22:55,190 INFO Logging to: /home/paule/MAD/logs/kilo-test-activity-1772914975.log
2026-03-07 12:22:55,191 WARNING [runner] No output file found, using stdout
2026-03-07 12:22:55,191 INFO [runner] Log file closed
2026-03-07 12:22:55,192 INFO [runner] Wrote instructions for 'test-activity-reset': 323 chars
2026-03-07 12:22:55,192 INFO [runner] Instructions preview: Code Path: /home/paule/MAD
Context File: /home/paule/MAD/.mad/CONTEXT.md

test prompt

IMPORTANT: Write your complete output as JSON to this file: /home/paule/MAD/.tmp/test-activity-reset.output.json
...
2026-03-07 12:22:55,193 INFO Starting kilo in cwd=/home/paule/MAD with cmd: ['kilo', 'run', '--auto', 'Read /home/paule/MAD/.tmp/test-activity-reset.instructions and follow the instructions exactly.']
2026-03-07 12:22:55,193 INFO status.feature_slug = 'test-activity-reset'
2026-03-07 12:22:55,193 INFO Logging to: /home/paule/MAD/logs/kilo-test-activity-reset-1772914975.log
2026-03-07 12:22:55,193 WARNING [runner] No output file found, using stdout
2026-03-07 12:22:55,193 INFO [runner] Log file closed
2026-03-07 12:22:55,195 INFO [runner] Wrote instructions for 'test-kill': 313 chars
2026-03-07 12:22:55,195 INFO [runner] Instructions preview: Code Path: /home/paule/MAD
Context File: /home/paule/MAD/.mad/CONTEXT.md

test prompt

IMPORTANT: Write your complete output as JSON to this file: /home/paule/MAD/.tmp/test-kill.output.json
Write ONLY...
2026-03-07 12:22:55,195 INFO Starting kilo in cwd=/home/paule/MAD with cmd: ['kilo', 'run', '--auto', 'Read /home/paule/MAD/.tmp/test-kill.instructions and follow the instructions exactly.']
2026-03-07 12:22:55,195 INFO status.feature_slug = 'test-kill'
2026-03-07 12:22:55,195 INFO Logging to: /home/paule/MAD/logs/kilo-test-kill-1772914975.log
2026-03-07 12:22:55,195 WARNING [runner] Kill requested by user. Terminating agent.
2026-03-07 12:22:55,195 WARNING [runner] No output file found, using stdout
2026-03-07 12:22:55,195 INFO [runner] Log file closed
2026-03-07 12:22:55,197 INFO [runner] Wrote instructions for 'test-kill-running': 321 chars
2026-03-07 12:22:55,197 INFO [runner] Instructions preview: Code Path: /home/paule/MAD
Context File: /home/paule/MAD/.mad/CONTEXT.md

test prompt

IMPORTANT: Write your complete output as JSON to this file: /home/paule/MAD/.tmp/test-kill-running.output.json
Wr...
2026-03-07 12:22:55,197 INFO Starting kilo in cwd=/home/paule/MAD with cmd: ['kilo', 'run', '--auto', 'Read /home/paule/MAD/.tmp/test-kill-running.instructions and follow the instructions exactly.']
2026-03-07 12:22:55,197 INFO status.feature_slug = 'test-kill-running'
2026-03-07 12:22:55,197 INFO Logging to: /home/paule/MAD/logs/kilo-test-kill-running-1772914975.log
2026-03-07 12:22:55,197 WARNING [runner] Kill requested by user. Terminating agent.
2026-03-07 12:22:55,198 WARNING [runner] No output file found, using stdout
2026-03-07 12:22:55,198 INFO [runner] Log file closed
2026-03-07 12:22:55,200 INFO [runner] Wrote instructions for 'test-kill-lines': 319 chars
2026-03-07 12:22:55,200 INFO [runner] Instructions preview: Code Path: /home/paule/MAD
Context File: /home/paule/MAD/.mad/CONTEXT.md

test prompt

IMPORTANT: Write your complete output as JSON to this file: /home/paule/MAD/.tmp/test-kill-lines.output.json
Writ...
2026-03-07 12:22:55,200 INFO Starting kilo in cwd=/home/paule/MAD with cmd: ['kilo', 'run', '--auto', 'Read /home/paule/MAD/.tmp/test-kill-lines.instructions and follow the instructions exactly.']
2026-03-07 12:22:55,200 INFO status.feature_slug = 'test-kill-lines'
2026-03-07 12:22:55,200 INFO Logging to: /home/paule/MAD/logs/kilo-test-kill-lines-1772914975.log
2026-03-07 12:22:55,200 WARNING [runner] Kill requested by user. Terminating agent.
2026-03-07 12:22:55,201 WARNING [runner] No output file found, using stdout
2026-03-07 12:22:55,201 INFO [runner] Log file closed
2026-03-07 12:22:55,202 INFO [runner] Wrote instructions for 'test-finally': 316 chars
2026-03-07 12:22:55,202 INFO [runner] Instructions preview: Code Path: /home/paule/MAD
Context File: /home/paule/MAD/.mad/CONTEXT.md

test prompt

IMPORTANT: Write your complete output as JSON to this file: /home/paule/MAD/.tmp/test-finally.output.json
Write O...
2026-03-07 12:22:55,202 INFO Starting kilo in cwd=/home/paule/MAD with cmd: ['kilo', 'run', '--auto', 'Read /home/paule/MAD/.tmp/test-finally.instructions and follow the instructions exactly.']
2026-03-07 12:22:55,202 INFO status.feature_slug = 'test-finally'
2026-03-07 12:22:55,202 INFO Logging to: /home/paule/MAD/logs/kilo-test-finally-1772914975.log
2026-03-07 12:22:55,202 WARNING [runner] Kill requested by user. Terminating agent.
2026-03-07 12:22:55,203 WARNING [runner] No output file found, using stdout
2026-03-07 12:22:55,203 INFO [runner] Log file closed
2026-03-07 12:22:55,330 INFO [runner] Wrote instructions for 'test-kill-after-exit': 324 chars
2026-03-07 12:22:55,330 INFO [runner] Instructions preview: Code Path: /home/paule/MAD
Context File: /home/paule/MAD/.mad/CONTEXT.md

test prompt

IMPORTANT: Write your complete output as JSON to this file: /home/paule/MAD/.tmp/test-kill-after-exit.output.json...
2026-03-07 12:22:55,330 INFO Starting kilo in cwd=/home/paule/MAD with cmd: ['kilo', 'run', '--auto', 'Read /home/paule/MAD/.tmp/test-kill-after-exit.instructions and follow the instructions exactly.']
2026-03-07 12:22:55,330 INFO status.feature_slug = 'test-kill-after-exit'
2026-03-07 12:22:55,330 INFO Logging to: /home/paule/MAD/logs/kilo-test-kill-after-exit-1772914975.log
2026-03-07 12:22:55,330 WARNING [runner] Kill requested by user. Terminating agent.
2026-03-07 12:22:55,331 WARNING [runner] No output file found, using stdout
2026-03-07 12:22:55,331 INFO [runner] Log file closed
2026-03-07 12:31:35,029 INFO [runner] Wrote instructions for 'kill-hung-agent': 13508 chars
2026-03-07 12:31:35,029 INFO [runner] Instructions preview: Code Path: /home/paule/MAD
Context File: /home/paule/MAD/.mad/CONTEXT.md

Verify tests for the following implemented feature.

Feature: kill-hung-agent

Test Spec (behaviors that must be verified):
# ...
2026-03-07 12:31:35,030 INFO Starting kilo in cwd=/home/paule/MAD with cmd: ['kilo', 'run', '--auto', 'Read /home/paule/MAD/.tmp/kill-hung-agent.instructions and follow the instructions exactly.']
2026-03-07 12:31:35,030 INFO status.feature_slug = 'kill-hung-agent'
2026-03-07 12:31:35,030 INFO Logging to: /home/paule/MAD/logs/kilo-kill-hung-agent-1772915495.log
2026-03-07 12:32:44,833 INFO [runner] Wrote instructions for 'test-pid': 312 chars
2026-03-07 12:32:44,833 INFO [runner] Instructions preview: Code Path: /home/paule/MAD
Context File: /home/paule/MAD/.mad/CONTEXT.md

test prompt

IMPORTANT: Write your complete output as JSON to this file: /home/paule/MAD/.tmp/test-pid.output.json
Write ONLY ...
2026-03-07 12:32:44,833 INFO Starting kilo in cwd=/home/paule/MAD with cmd: ['kilo', 'run', '--auto', 'Read /home/paule/MAD/.tmp/test-pid.instructions and follow the instructions exactly.']
2026-03-07 12:32:44,833 INFO status.feature_slug = 'test-pid'
2026-03-07 12:32:44,834 INFO Logging to: /home/paule/MAD/logs/kilo-test-pid-1772915564.log
2026-03-07 12:32:44,834 WARNING [runner] No output file found, using stdout
2026-03-07 12:32:44,835 INFO [runner] Log file closed
2026-03-07 12:32:44,838 INFO [runner] Wrote instructions for 'test-pid-reset': 318 chars
2026-03-07 12:32:44,838 INFO [runner] Instructions preview: Code Path: /home/paule/MAD
Context File: /home/paule/MAD/.mad/CONTEXT.md

test prompt

IMPORTANT: Write your complete output as JSON to this file: /home/paule/MAD/.tmp/test-pid-reset.output.json
Write...
2026-03-07 12:32:44,838 INFO Starting kilo in cwd=/home/paule/MAD with cmd: ['kilo', 'run', '--auto', 'Read /home/paule/MAD/.tmp/test-pid-reset.instructions and follow the instructions exactly.']
2026-03-07 12:32:44,838 INFO status.feature_slug = 'test-pid-reset'
2026-03-07 12:32:44,839 INFO Logging to: /home/paule/MAD/logs/kilo-test-pid-reset-1772915564.log
2026-03-07 12:32:44,839 WARNING [runner] No output file found, using stdout
2026-03-07 12:32:44,839 INFO [runner] Log file closed
2026-03-07 12:32:44,842 INFO [runner] Wrote instructions for 'test-activity': 317 chars
2026-03-07 12:32:44,842 INFO [runner] Instructions preview: Code Path: /home/paule/MAD
Context File: /home/paule/MAD/.mad/CONTEXT.md

test prompt

IMPORTANT: Write your complete output as JSON to this file: /home/paule/MAD/.tmp/test-activity.output.json
Write ...
2026-03-07 12:32:44,842 INFO Starting kilo in cwd=/home/paule/MAD with cmd: ['kilo', 'run', '--auto', 'Read /home/paule/MAD/.tmp/test-activity.instructions and follow the instructions exactly.']
2026-03-07 12:32:44,842 INFO status.feature_slug = 'test-activity'
2026-03-07 12:32:44,842 INFO Logging to: /home/paule/MAD/logs/kilo-test-activity-1772915564.log
2026-03-07 12:32:44,843 WARNING [runner] No output file found, using stdout
2026-03-07 12:32:44,843 INFO [runner] Log file closed
2026-03-07 12:32:44,845 INFO [runner] Wrote instructions for 'test-activity-reset': 323 chars
2026-03-07 12:32:44,845 INFO [runner] Instructions preview: Code Path: /home/paule/MAD
Context File: /home/paule/MAD/.mad/CONTEXT.md

test prompt

IMPORTANT: Write your complete output as JSON to this file: /home/paule/MAD/.tmp/test-activity-reset.output.json
...
2026-03-07 12:32:44,845 INFO Starting kilo in cwd=/home/paule/MAD with cmd: ['kilo', 'run', '--auto', 'Read /home/paule/MAD/.tmp/test-activity-reset.instructions and follow the instructions exactly.']
2026-03-07 12:32:44,845 INFO status.feature_slug = 'test-activity-reset'
2026-03-07 12:32:44,845 INFO Logging to: /home/paule/MAD/logs/kilo-test-activity-reset-1772915564.log
2026-03-07 12:32:44,845 WARNING [runner] No output file found, using stdout
2026-03-07 12:32:44,846 INFO [runner] Log file closed
2026-03-07 12:32:44,848 INFO [runner] Wrote instructions for 'test-kill': 313 chars
2026-03-07 12:32:44,848 INFO [runner] Instructions preview: Code Path: /home/paule/MAD
Context File: /home/paule/MAD/.mad/CONTEXT.md

test prompt

IMPORTANT: Write your complete output as JSON to this file: /home/paule/MAD/.tmp/test-kill.output.json
Write ONLY...
2026-03-07 12:32:44,848 INFO Starting kilo in cwd=/home/paule/MAD with cmd: ['kilo', 'run', '--auto', 'Read /home/paule/MAD/.tmp/test-kill.instructions and follow the instructions exactly.']
2026-03-07 12:32:44,848 INFO status.feature_slug = 'test-kill'
2026-03-07 12:32:44,848 INFO Logging to: /home/paule/MAD/logs/kilo-test-kill-1772915564.log
2026-03-07 12:32:44,848 WARNING [runner] Kill requested by user. Terminating agent.
2026-03-07 12:32:44,848 WARNING [runner] No output file found, using stdout
2026-03-07 12:32:44,848 INFO [runner] Log file closed
2026-03-07 12:32:44,851 INFO [runner] Wrote instructions for 'test-kill-running': 321 chars
2026-03-07 12:32:44,851 INFO [runner] Instructions preview: Code Path: /home/paule/MAD
Context File: /home/paule/MAD/.mad/CONTEXT.md

test prompt

IMPORTANT: Write your complete output as JSON to this file: /home/paule/MAD/.tmp/test-kill-running.output.json
Wr...
2026-03-07 12:32:44,851 INFO Starting kilo in cwd=/home/paule/MAD with cmd: ['kilo', 'run', '--auto', 'Read /home/paule/MAD/.tmp/test-kill-running.instructions and follow the instructions exactly.']
2026-03-07 12:32:44,851 INFO status.feature_slug = 'test-kill-running'
2026-03-07 12:32:44,851 INFO Logging to: /home/paule/MAD/logs/kilo-test-kill-running-1772915564.log
2026-03-07 12:32:44,851 WARNING [runner] Kill requested by user. Terminating agent.
2026-03-07 12:32:44,851 WARNING [runner] No output file found, using stdout
2026-03-07 12:32:44,851 INFO [runner] Log file closed
2026-03-07 12:32:44,854 INFO [runner] Wrote instructions for 'test-kill-lines': 319 chars
2026-03-07 12:32:44,854 INFO [runner] Instructions preview: Code Path: /home/paule/MAD
Context File: /home/paule/MAD/.mad/CONTEXT.md

test prompt

IMPORTANT: Write your complete output as JSON to this file: /home/paule/MAD/.tmp/test-kill-lines.output.json
Writ...
2026-03-07 12:32:44,854 INFO Starting kilo in cwd=/home/paule/MAD with cmd: ['kilo', 'run', '--auto', 'Read /home/paule/MAD/.tmp/test-kill-lines.instructions and follow the instructions exactly.']
2026-03-07 12:32:44,854 INFO status.feature_slug = 'test-kill-lines'
2026-03-07 12:32:44,854 INFO Logging to: /home/paule/MAD/logs/kilo-test-kill-lines-1772915564.log
2026-03-07 12:32:44,854 WARNING [runner] Kill requested by user. Terminating agent.
2026-03-07 12:32:44,855 WARNING [runner] No output file found, using stdout
2026-03-07 12:32:44,855 INFO [runner] Log file closed
2026-03-07 12:32:44,857 INFO [runner] Wrote instructions for 'test-finally': 316 chars
2026-03-07 12:32:44,857 INFO [runner] Instructions preview: Code Path: /home/paule/MAD
Context File: /home/paule/MAD/.mad/CONTEXT.md

test prompt

IMPORTANT: Write your complete output as JSON to this file: /home/paule/MAD/.tmp/test-finally.output.json
Write O...
2026-03-07 12:32:44,857 INFO Starting kilo in cwd=/home/paule/MAD with cmd: ['kilo', 'run', '--auto', 'Read /home/paule/MAD/.tmp/test-finally.instructions and follow the instructions exactly.']
2026-03-07 12:32:44,857 INFO status.feature_slug = 'test-finally'
2026-03-07 12:32:44,857 INFO Logging to: /home/paule/MAD/logs/kilo-test-finally-1772915564.log
2026-03-07 12:32:44,857 WARNING [runner] Kill requested by user. Terminating agent.
2026-03-07 12:32:44,857 WARNING [runner] No output file found, using stdout
2026-03-07 12:32:44,857 INFO [runner] Log file closed
2026-03-07 12:32:45,005 INFO [runner] Wrote instructions for 'test-kill-after-exit': 324 chars
2026-03-07 12:32:45,005 INFO [runner] Instructions preview: Code Path: /home/paule/MAD
Context File: /home/paule/MAD/.mad/CONTEXT.md

test prompt

IMPORTANT: Write your complete output as JSON to this file: /home/paule/MAD/.tmp/test-kill-after-exit.output.json...
2026-03-07 12:32:45,006 INFO Starting kilo in cwd=/home/paule/MAD with cmd: ['kilo', 'run', '--auto', 'Read /home/paule/MAD/.tmp/test-kill-after-exit.instructions and follow the instructions exactly.']
2026-03-07 12:32:45,006 INFO status.feature_slug = 'test-kill-after-exit'
2026-03-07 12:32:45,006 INFO Logging to: /home/paule/MAD/logs/kilo-test-kill-after-exit-1772915565.log
2026-03-07 12:32:45,006 WARNING [runner] Kill requested by user. Terminating agent.
2026-03-07 12:32:45,007 WARNING [runner] No output file found, using stdout
2026-03-07 12:32:45,007 INFO [runner] Log file closed
2026-03-07 12:33:40,178 INFO [runner] Read 653 chars from output file
2026-03-07 12:33:40,178 INFO [runner] Log file closed
2026-03-07 12:33:40,198 INFO [runner] Wrote instructions for 'kill-hung-agent': 22550 chars
2026-03-07 12:33:40,198 INFO [runner] Instructions preview: Code Path: /home/paule/MAD
Context File: /home/paule/MAD/.mad/CONTEXT.md

You are a senior code reviewer tasked with critically evaluating an implementation.

## Feature: kill-hung-agent

### Original...
2026-03-07 12:33:40,198 INFO Starting claude in cwd=/home/paule/MAD with cmd: ['claude', '-p', 'Read /home/paule/MAD/.tmp/kill-hung-agent.instructions and follow the instructions exactly.', '--dangerously-skip-permissions']
2026-03-07 12:33:40,198 INFO status.feature_slug = 'kill-hung-agent'
2026-03-07 12:33:40,198 INFO Logging to: /home/paule/MAD/logs/claude-kill-hung-agent-1772915620.log
2026-03-07 12:33:41,609 INFO [runner] Read 653 chars from output file
2026-03-07 12:33:41,609 INFO [runner] Log file closed
2026-03-07 12:44:23,976 INFO [runner] Wrote instructions for 'test-pid': 312 chars
2026-03-07 12:44:23,976 INFO [runner] Instructions preview: Code Path: /home/paule/MAD
Context File: /home/paule/MAD/.mad/CONTEXT.md

test prompt

IMPORTANT: Write your complete output as JSON to this file: /home/paule/MAD/.tmp/test-pid.output.json
Write ONLY ...
2026-03-07 12:44:23,976 INFO Starting kilo in cwd=/home/paule/MAD with cmd: ['kilo', 'run', '--auto', 'Read /home/paule/MAD/.tmp/test-pid.instructions and follow the instructions exactly.']
2026-03-07 12:44:23,976 INFO status.feature_slug = 'test-pid'
2026-03-07 12:44:23,976 INFO Logging to: /home/paule/MAD/logs/kilo-test-pid-1772916263.log
2026-03-07 12:44:23,977 WARNING [runner] No output file found, using stdout
2026-03-07 12:44:23,977 INFO [runner] Log file closed
2026-03-07 12:44:23,980 INFO [runner] Wrote instructions for 'test-pid-reset': 318 chars
2026-03-07 12:44:23,980 INFO [runner] Instructions preview: Code Path: /home/paule/MAD
Context File: /home/paule/MAD/.mad/CONTEXT.md

test prompt

IMPORTANT: Write your complete output as JSON to this file: /home/paule/MAD/.tmp/test-pid-reset.output.json
Write...
2026-03-07 12:44:23,980 INFO Starting kilo in cwd=/home/paule/MAD with cmd: ['kilo', 'run', '--auto', 'Read /home/paule/MAD/.tmp/test-pid-reset.instructions and follow the instructions exactly.']
2026-03-07 12:44:23,980 INFO status.feature_slug = 'test-pid-reset'
2026-03-07 12:44:23,980 INFO Logging to: /home/paule/MAD/logs/kilo-test-pid-reset-1772916263.log
2026-03-07 12:44:23,981 WARNING [runner] No output file found, using stdout
2026-03-07 12:44:23,981 INFO [runner] Log file closed
2026-03-07 12:44:23,983 INFO [runner] Wrote instructions for 'test-activity': 317 chars
2026-03-07 12:44:23,983 INFO [runner] Instructions preview: Code Path: /home/paule/MAD
Context File: /home/paule/MAD/.mad/CONTEXT.md

test prompt

IMPORTANT: Write your complete output as JSON to this file: /home/paule/MAD/.tmp/test-activity.output.json
Write ...
2026-03-07 12:44:23,983 INFO Starting kilo in cwd=/home/paule/MAD with cmd: ['kilo', 'run', '--auto', 'Read /home/paule/MAD/.tmp/test-activity.instructions and follow the instructions exactly.']
2026-03-07 12:44:23,983 INFO status.feature_slug = 'test-activity'
2026-03-07 12:44:23,983 INFO Logging to: /home/paule/MAD/logs/kilo-test-activity-1772916263.log
2026-03-07 12:44:23,983 WARNING [runner] No output file found, using stdout
2026-03-07 12:44:23,983 INFO [runner] Log file closed
2026-03-07 12:44:23,985 INFO [runner] Wrote instructions for 'test-activity-reset': 323 chars
2026-03-07 12:44:23,985 INFO [runner] Instructions preview: Code Path: /home/paule/MAD
Context File: /home/paule/MAD/.mad/CONTEXT.md

test prompt

IMPORTANT: Write your complete output as JSON to this file: /home/paule/MAD/.tmp/test-activity-reset.output.json
...
2026-03-07 12:44:23,985 INFO Starting kilo in cwd=/home/paule/MAD with cmd: ['kilo', 'run', '--auto', 'Read /home/paule/MAD/.tmp/test-activity-reset.instructions and follow the instructions exactly.']
2026-03-07 12:44:23,985 INFO status.feature_slug = 'test-activity-reset'
2026-03-07 12:44:23,985 INFO Logging to: /home/paule/MAD/logs/kilo-test-activity-reset-1772916263.log
2026-03-07 12:44:23,986 WARNING [runner] No output file found, using stdout
2026-03-07 12:44:23,986 INFO [runner] Log file closed
2026-03-07 12:44:23,987 INFO [runner] Wrote instructions for 'test-kill': 313 chars
2026-03-07 12:44:23,987 INFO [runner] Instructions preview: Code Path: /home/paule/MAD
Context File: /home/paule/MAD/.mad/CONTEXT.md

test prompt

IMPORTANT: Write your complete output as JSON to this file: /home/paule/MAD/.tmp/test-kill.output.json
Write ONLY...
2026-03-07 12:44:23,987 INFO Starting kilo in cwd=/home/paule/MAD with cmd: ['kilo', 'run', '--auto', 'Read /home/paule/MAD/.tmp/test-kill.instructions and follow the instructions exactly.']
2026-03-07 12:44:23,988 INFO status.feature_slug = 'test-kill'
2026-03-07 12:44:23,988 INFO Logging to: /home/paule/MAD/logs/kilo-test-kill-1772916263.log
2026-03-07 12:44:23,988 WARNING [runner] Kill requested by user. Terminating agent.
2026-03-07 12:44:23,988 WARNING [runner] No output file found, using stdout
2026-03-07 12:44:23,988 INFO [runner] Log file closed
2026-03-07 12:44:23,990 INFO [runner] Wrote instructions for 'test-kill-running': 321 chars
2026-03-07 12:44:23,990 INFO [runner] Instructions preview: Code Path: /home/paule/MAD
Context File: /home/paule/MAD/.mad/CONTEXT.md

test prompt

IMPORTANT: Write your complete output as JSON to this file: /home/paule/MAD/.tmp/test-kill-running.output.json
Wr...
2026-03-07 12:44:23,990 INFO Starting kilo in cwd=/home/paule/MAD with cmd: ['kilo', 'run', '--auto', 'Read /home/paule/MAD/.tmp/test-kill-running.instructions and follow the instructions exactly.']
2026-03-07 12:44:23,990 INFO status.feature_slug = 'test-kill-running'
2026-03-07 12:44:23,990 INFO Logging to: /home/paule/MAD/logs/kilo-test-kill-running-1772916263.log
2026-03-07 12:44:23,990 WARNING [runner] Kill requested by user. Terminating agent.
2026-03-07 12:44:23,990 WARNING [runner] No output file found, using stdout
2026-03-07 12:44:23,990 INFO [runner] Log file closed
2026-03-07 12:44:23,992 INFO [runner] Wrote instructions for 'test-kill-lines': 319 chars
2026-03-07 12:44:23,992 INFO [runner] Instructions preview: Code Path: /home/paule/MAD
Context File: /home/paule/MAD/.mad/CONTEXT.md

test prompt

IMPORTANT: Write your complete output as JSON to this file: /home/paule/MAD/.tmp/test-kill-lines.output.json
Writ...
2026-03-07 12:44:23,992 INFO Starting kilo in cwd=/home/paule/MAD with cmd: ['kilo', 'run', '--auto', 'Read /home/paule/MAD/.tmp/test-kill-lines.instructions and follow the instructions exactly.']
2026-03-07 12:44:23,992 INFO status.feature_slug = 'test-kill-lines'
2026-03-07 12:44:23,992 INFO Logging to: /home/paule/MAD/logs/kilo-test-kill-lines-1772916263.log
2026-03-07 12:44:23,992 WARNING [runner] Kill requested by user. Terminating agent.
2026-03-07 12:44:23,992 WARNING [runner] No output file found, using stdout
2026-03-07 12:44:23,992 INFO [runner] Log file closed
2026-03-07 12:44:23,994 INFO [runner] Wrote instructions for 'test-finally': 316 chars
2026-03-07 12:44:23,994 INFO [runner] Instructions preview: Code Path: /home/paule/MAD
Context File: /home/paule/MAD/.mad/CONTEXT.md

test prompt

IMPORTANT: Write your complete output as JSON to this file: /home/paule/MAD/.tmp/test-finally.output.json
Write O...
2026-03-07 12:44:23,994 INFO Starting kilo in cwd=/home/paule/MAD with cmd: ['kilo', 'run', '--auto', 'Read /home/paule/MAD/.tmp/test-finally.instructions and follow the instructions exactly.']
2026-03-07 12:44:23,994 INFO status.feature_slug = 'test-finally'
2026-03-07 12:44:23,994 INFO Logging to: /home/paule/MAD/logs/kilo-test-finally-1772916263.log
2026-03-07 12:44:23,994 WARNING [runner] Kill requested by user. Terminating agent.
2026-03-07 12:44:23,995 WARNING [runner] No output file found, using stdout
2026-03-07 12:44:23,995 INFO [runner] Log file closed
2026-03-07 12:44:24,144 INFO [runner] Wrote instructions for 'test-kill-after-exit': 324 chars
2026-03-07 12:44:24,145 INFO [runner] Instructions preview: Code Path: /home/paule/MAD
Context File: /home/paule/MAD/.mad/CONTEXT.md

test prompt

IMPORTANT: Write your complete output as JSON to this file: /home/paule/MAD/.tmp/test-kill-after-exit.output.json...
2026-03-07 12:44:24,145 INFO Starting kilo in cwd=/home/paule/MAD with cmd: ['kilo', 'run', '--auto', 'Read /home/paule/MAD/.tmp/test-kill-after-exit.instructions and follow the instructions exactly.']
2026-03-07 12:44:24,145 INFO status.feature_slug = 'test-kill-after-exit'
2026-03-07 12:44:24,145 INFO Logging to: /home/paule/MAD/logs/kilo-test-kill-after-exit-1772916264.log
2026-03-07 12:44:24,145 WARNING [runner] Kill requested by user. Terminating agent.
2026-03-07 12:44:24,145 WARNING [runner] No output file found, using stdout
2026-03-07 12:44:24,145 INFO [runner] Log file closed
2026-03-07 14:26:09,428 INFO [runner] Wrote instructions for 'kill-hung-agent': 22550 chars
2026-03-07 14:26:09,428 INFO [runner] Instructions preview: Code Path: /home/paule/MAD
Context File: /home/paule/MAD/.mad/CONTEXT.md

You are a senior code reviewer tasked with critically evaluating an implementation.

## Feature: kill-hung-agent

### Original...
2026-03-07 14:26:09,429 INFO Starting claude in cwd=/home/paule/MAD with cmd: ['claude', '-p', 'Read /home/paule/MAD/.tmp/kill-hung-agent.instructions and follow the instructions exactly.', '--dangerously-skip-permissions']
2026-03-07 14:26:09,429 INFO status.feature_slug = 'kill-hung-agent'
2026-03-07 14:26:09,430 INFO Logging to: /home/paule/MAD/logs/claude-kill-hung-agent-1772922369.log
2026-03-07 14:26:46,174 INFO [runner] Wrote instructions for 'test-pid': 312 chars
2026-03-07 14:26:46,174 INFO [runner] Instructions preview: Code Path: /home/paule/MAD
Context File: /home/paule/MAD/.mad/CONTEXT.md

test prompt

IMPORTANT: Write your complete output as JSON to this file: /home/paule/MAD/.tmp/test-pid.output.json
Write ONLY ...
2026-03-07 14:26:46,174 INFO Starting kilo in cwd=/home/paule/MAD with cmd: ['kilo', 'run', '--auto', 'Read /home/paule/MAD/.tmp/test-pid.instructions and follow the instructions exactly.']
2026-03-07 14:26:46,174 INFO status.feature_slug = 'test-pid'
2026-03-07 14:26:46,175 INFO Logging to: /home/paule/MAD/logs/kilo-test-pid-1772922406.log
2026-03-07 14:26:46,175 WARNING [runner] No output file found, using stdout
2026-03-07 14:26:46,175 INFO [runner] Log file closed
2026-03-07 14:26:46,178 INFO [runner] Wrote instructions for 'test-pid-reset': 318 chars
2026-03-07 14:26:46,178 INFO [runner] Instructions preview: Code Path: /home/paule/MAD
Context File: /home/paule/MAD/.mad/CONTEXT.md

test prompt

IMPORTANT: Write your complete output as JSON to this file: /home/paule/MAD/.tmp/test-pid-reset.output.json
Write...
2026-03-07 14:26:46,178 INFO Starting kilo in cwd=/home/paule/MAD with cmd: ['kilo', 'run', '--auto', 'Read /home/paule/MAD/.tmp/test-pid-reset.instructions and follow the instructions exactly.']
2026-03-07 14:26:46,178 INFO status.feature_slug = 'test-pid-reset'
2026-03-07 14:26:46,179 INFO Logging to: /home/paule/MAD/logs/kilo-test-pid-reset-1772922406.log
2026-03-07 14:26:46,179 WARNING [runner] No output file found, using stdout
2026-03-07 14:26:46,179 INFO [runner] Log file closed
2026-03-07 14:26:46,181 INFO [runner] Wrote instructions for 'test-activity': 317 chars
2026-03-07 14:26:46,181 INFO [runner] Instructions preview: Code Path: /home/paule/MAD
Context File: /home/paule/MAD/.mad/CONTEXT.md

test prompt

IMPORTANT: Write your complete output as JSON to this file: /home/paule/MAD/.tmp/test-activity.output.json
Write ...
2026-03-07 14:26:46,181 INFO Starting kilo in cwd=/home/paule/MAD with cmd: ['kilo', 'run', '--auto', 'Read /home/paule/MAD/.tmp/test-activity.instructions and follow the instructions exactly.']
2026-03-07 14:26:46,181 INFO status.feature_slug = 'test-activity'
2026-03-07 14:26:46,182 INFO Logging to: /home/paule/MAD/logs/kilo-test-activity-1772922406.log
2026-03-07 14:26:46,182 WARNING [runner] No output file found, using stdout
2026-03-07 14:26:46,182 INFO [runner] Log file closed
2026-03-07 14:26:46,184 INFO [runner] Wrote instructions for 'test-activity-reset': 323 chars
2026-03-07 14:26:46,184 INFO [runner] Instructions preview: Code Path: /home/paule/MAD
Context File: /home/paule/MAD/.mad/CONTEXT.md

test prompt

IMPORTANT: Write your complete output as JSON to this file: /home/paule/MAD/.tmp/test-activity-reset.output.json
...
2026-03-07 14:26:46,184 INFO Starting kilo in cwd=/home/paule/MAD with cmd: ['kilo', 'run', '--auto', 'Read /home/paule/MAD/.tmp/test-activity-reset.instructions and follow the instructions exactly.']
2026-03-07 14:26:46,184 INFO status.feature_slug = 'test-activity-reset'
2026-03-07 14:26:46,184 INFO Logging to: /home/paule/MAD/logs/kilo-test-activity-reset-1772922406.log
2026-03-07 14:26:46,185 WARNING [runner] No output file found, using stdout
2026-03-07 14:26:46,185 INFO [runner] Log file closed
2026-03-07 14:26:46,186 INFO [runner] Wrote instructions for 'test-kill': 313 chars
2026-03-07 14:26:46,186 INFO [runner] Instructions preview: Code Path: /home/paule/MAD
Context File: /home/paule/MAD/.mad/CONTEXT.md

test prompt

IMPORTANT: Write your complete output as JSON to this file: /home/paule/MAD/.tmp/test-kill.output.json
Write ONLY...
2026-03-07 14:26:46,187 INFO Starting kilo in cwd=/home/paule/MAD with cmd: ['kilo', 'run', '--auto', 'Read /home/paule/MAD/.tmp/test-kill.instructions and follow the instructions exactly.']
2026-03-07 14:26:46,187 INFO status.feature_slug = 'test-kill'
2026-03-07 14:26:46,187 INFO Logging to: /home/paule/MAD/logs/kilo-test-kill-1772922406.log
2026-03-07 14:26:46,187 WARNING [runner] Kill requested by user. Terminating agent.
2026-03-07 14:26:46,187 WARNING [runner] No output file found, using stdout
2026-03-07 14:26:46,187 INFO [runner] Log file closed
2026-03-07 14:26:46,189 INFO [runner] Wrote instructions for 'test-kill-running': 321 chars
2026-03-07 14:26:46,189 INFO [runner] Instructions preview: Code Path: /home/paule/MAD
Context File: /home/paule/MAD/.mad/CONTEXT.md

test prompt

IMPORTANT: Write your complete output as JSON to this file: /home/paule/MAD/.tmp/test-kill-running.output.json
Wr...
2026-03-07 14:26:46,189 INFO Starting kilo in cwd=/home/paule/MAD with cmd: ['kilo', 'run', '--auto', 'Read /home/paule/MAD/.tmp/test-kill-running.instructions and follow the instructions exactly.']
2026-03-07 14:26:46,189 INFO status.feature_slug = 'test-kill-running'
2026-03-07 14:26:46,189 INFO Logging to: /home/paule/MAD/logs/kilo-test-kill-running-1772922406.log
2026-03-07 14:26:46,189 WARNING [runner] Kill requested by user. Terminating agent.
2026-03-07 14:26:46,190 WARNING [runner] No output file found, using stdout
2026-03-07 14:26:46,190 INFO [runner] Log file closed
2026-03-07 14:26:46,191 INFO [runner] Wrote instructions for 'test-kill-lines': 319 chars
2026-03-07 14:26:46,191 INFO [runner] Instructions preview: Code Path: /home/paule/MAD
Context File: /home/paule/MAD/.mad/CONTEXT.md

test prompt

IMPORTANT: Write your complete output as JSON to this file: /home/paule/MAD/.tmp/test-kill-lines.output.json
Writ...
2026-03-07 14:26:46,192 INFO Starting kilo in cwd=/home/paule/MAD with cmd: ['kilo', 'run', '--auto', 'Read /home/paule/MAD/.tmp/test-kill-lines.instructions and follow the instructions exactly.']
2026-03-07 14:26:46,192 INFO status.feature_slug = 'test-kill-lines'
2026-03-07 14:26:46,192 INFO Logging to: /home/paule/MAD/logs/kilo-test-kill-lines-1772922406.log
2026-03-07 14:26:46,192 WARNING [runner] Kill requested by user. Terminating agent.
2026-03-07 14:26:46,192 WARNING [runner] No output file found, using stdout
2026-03-07 14:26:46,192 INFO [runner] Log file closed
2026-03-07 14:26:46,194 INFO [runner] Wrote instructions for 'test-finally': 316 chars
2026-03-07 14:26:46,194 INFO [runner] Instructions preview: Code Path: /home/paule/MAD
Context File: /home/paule/MAD/.mad/CONTEXT.md

test prompt

IMPORTANT: Write your complete output as JSON to this file: /home/paule/MAD/.tmp/test-finally.output.json
Write O...
2026-03-07 14:26:46,195 INFO Starting kilo in cwd=/home/paule/MAD with cmd: ['kilo', 'run', '--auto', 'Read /home/paule/MAD/.tmp/test-finally.instructions and follow the instructions exactly.']
2026-03-07 14:26:46,195 INFO status.feature_slug = 'test-finally'
2026-03-07 14:26:46,195 INFO Logging to: /home/paule/MAD/logs/kilo-test-finally-1772922406.log
2026-03-07 14:26:46,195 WARNING [runner] Kill requested by user. Terminating agent.
2026-03-07 14:26:46,195 WARNING [runner] No output file found, using stdout
2026-03-07 14:26:46,195 INFO [runner] Log file closed
2026-03-07 14:26:46,323 INFO [runner] Wrote instructions for 'test-kill-after-exit': 324 chars
2026-03-07 14:26:46,324 INFO [runner] Instructions preview: Code Path: /home/paule/MAD
Context File: /home/paule/MAD/.mad/CONTEXT.md

test prompt

IMPORTANT: Write your complete output as JSON to this file: /home/paule/MAD/.tmp/test-kill-after-exit.output.json...
2026-03-07 14:26:46,324 INFO Starting kilo in cwd=/home/paule/MAD with cmd: ['kilo', 'run', '--auto', 'Read /home/paule/MAD/.tmp/test-kill-after-exit.instructions and follow the instructions exactly.']
2026-03-07 14:26:46,324 INFO status.feature_slug = 'test-kill-after-exit'
2026-03-07 14:26:46,324 INFO Logging to: /home/paule/MAD/logs/kilo-test-kill-after-exit-1772922406.log
2026-03-07 14:26:46,324 WARNING [runner] Kill requested by user. Terminating agent.
2026-03-07 14:26:46,325 WARNING [runner] No output file found, using stdout
2026-03-07 14:26:46,325 INFO [runner] Log file closed
2026-03-07 14:27:12,157 INFO [runner] Read 44 chars from output file
2026-03-07 14:27:12,157 INFO [runner] Log file closed
2026-03-07 14:28:51,109 INFO [runner] Loaded checkpoint for bug-approving-idea-from-webui-doesnt-work: 7 completed steps
2026-03-07 14:28:51,109 INFO [runner] Wrote instructions for 'bug-approving-idea-from-webui-doesnt-work': 4042 chars
2026-03-07 14:28:51,109 INFO [runner] Instructions preview: Code Path: /home/paule/MAD
Context File: /home/paule/MAD/.mad/CONTEXT.md

# Design Planning: bug-approving-idea-from-webui-doesn't-work

**Description:** Approving an idea from the webui doesn't actua...
2026-03-07 14:28:51,110 INFO Starting claude in cwd=/home/paule/MAD with cmd: ['claude', '-p', 'Read /home/paule/MAD/.tmp/bug-approving-idea-from-webui-doesnt-work.instructions and follow the instructions exactly.', '--dangerously-skip-permissions']
2026-03-07 14:28:51,110 INFO status.feature_slug = 'bug-approving-idea-from-webui-doesnt-work'
2026-03-07 14:28:51,111 INFO Logging to: /home/paule/MAD/logs/claude-bug-approving-idea-from-webui-doesnt-work-1772922531.log
2026-03-07 14:28:51,143 INFO [runner] Wrote instructions for 'new-idea-client-specific': 3755 chars
2026-03-07 14:28:51,143 INFO [runner] Instructions preview: Code Path: /home/paule/MAD
Context File: /home/paule/MAD/.mad/CONTEXT.md

You are an implementer breaking down a feature plan into concrete coding tasks.

Feature: new-idea-client-specific

Plan:
## F...
2026-03-07 14:28:51,144 INFO Starting claude in cwd=/home/paule/MAD with cmd: ['claude', '-p', 'Read /home/paule/MAD/.tmp/new-idea-client-specific.instructions and follow the instructions exactly.', '--dangerously-skip-permissions']
2026-03-07 14:28:51,145 INFO status.feature_slug = 'new-idea-client-specific'
2026-03-07 14:28:51,145 INFO Logging to: /home/paule/MAD/logs/claude-new-idea-client-specific-1772922531.log
2026-03-07 14:29:37,203 INFO [runner] Read 1255 chars from output file
2026-03-07 14:29:37,203 INFO [runner] Log file closed
2026-03-07 14:29:37,207 INFO [runner] Wrote instructions for 'new-idea-client-specific': 4190 chars
2026-03-07 14:29:37,207 INFO [runner] Instructions preview: Code Path: /home/paule/MAD
Context File: /home/paule/MAD/.mad/CONTEXT.md

You are a QA engineer writing a test specification from a feature plan.

## Feature: new-idea-client-specific

### Plan:
## Fi...
2026-03-07 14:29:37,208 INFO Starting claude in cwd=/home/paule/MAD with cmd: ['claude', '-p', 'Read /home/paule/MAD/.tmp/new-idea-client-specific.instructions and follow the instructions exactly.', '--dangerously-skip-permissions']
2026-03-07 14:29:37,208 INFO status.feature_slug = 'new-idea-client-specific'
2026-03-07 14:29:37,209 INFO Logging to: /home/paule/MAD/logs/claude-new-idea-client-specific-1772922577.log
2026-03-07 14:31:11,917 INFO [runner] Read 5682 chars from output file
2026-03-07 14:31:11,917 INFO [runner] Log file closed
2026-03-07 14:31:11,935 INFO [runner] Wrote instructions for 'bug-approving-idea-from-webui-doesnt-work': 6881 chars
2026-03-07 14:31:11,935 INFO [runner] Instructions preview: Code Path: /home/paule/MAD
Context File: /home/paule/MAD/.mad/CONTEXT.md

You are a senior software architect reviewing a feature plan.

## Feature: bug-approving-idea-from-webui-doesn't-work

### Ori...
2026-03-07 14:31:11,936 INFO Starting kilo in cwd=/home/paule/MAD with cmd: ['kilo', 'run', '--auto', 'Read /home/paule/MAD/.tmp/bug-approving-idea-from-webui-doesnt-work.instructions and follow the instructions exactly.']
2026-03-07 14:31:11,936 INFO status.feature_slug = 'bug-approving-idea-from-webui-doesnt-work'
2026-03-07 14:31:11,937 INFO Logging to: /home/paule/MAD/logs/kilo-bug-approving-idea-from-webui-doesnt-work-1772922671.log
2026-03-07 14:31:36,666 INFO [runner] Read 5099 chars from output file
2026-03-07 14:31:36,666 INFO [runner] Log file closed
2026-03-07 14:31:36,692 INFO [runner] Wrote instructions for 'new-idea-client-specific': 10108 chars
2026-03-07 14:31:36,692 INFO [runner] Instructions preview: Code Path: /home/paule/MAD
Context File: /home/paule/MAD/.mad/CONTEXT.md

Implement the following feature.

Feature: new-idea-client-specific

Plan:
## Filter Board Dropdown to Current Client on Clien...
2026-03-07 14:31:36,692 INFO Starting kilo in cwd=/home/paule/MAD with cmd: ['kilo', 'run', '--auto', 'Read /home/paule/MAD/.tmp/new-idea-client-specific.instructions and follow the instructions exactly.']
2026-03-07 14:31:36,692 INFO status.feature_slug = 'new-idea-client-specific'
2026-03-07 14:31:36,693 INFO Logging to: /home/paule/MAD/logs/kilo-new-idea-client-specific-1772922696.log
2026-03-07 14:33:40,368 INFO [runner] Read 437 chars from output file
2026-03-07 14:33:40,369 INFO [runner] Log file closed
2026-03-07 14:33:40,399 INFO [runner] Wrote instructions for 'new-idea-client-specific': 7679 chars
2026-03-07 14:33:40,400 INFO [runner] Instructions preview: Code Path: /home/paule/MAD
Context File: /home/paule/MAD/.mad/CONTEXT.md

Verify tests for the following implemented feature.

Feature: new-idea-client-specific

Test Spec (behaviors that must be veri...
2026-03-07 14:33:40,401 INFO Starting kilo in cwd=/home/paule/MAD with cmd: ['kilo', 'run', '--auto', 'Read /home/paule/MAD/.tmp/new-idea-client-specific.instructions and follow the instructions exactly.']
2026-03-07 14:33:40,401 INFO status.feature_slug = 'new-idea-client-specific'
2026-03-07 14:33:40,401 INFO Logging to: /home/paule/MAD/logs/kilo-new-idea-client-specific-1772922820.log
2026-03-07 14:34:09,616 INFO [runner] Read 531 chars from output file
2026-03-07 14:34:09,616 INFO [runner] Log file closed
2026-03-07 14:34:11,229 INFO [runner] Wrote instructions for 'bug-approving-idea-from-webui-doesnt-work': 2923 chars
2026-03-07 14:34:11,229 INFO [runner] Instructions preview: Code Path: /home/paule/MAD
Context File: /home/paule/MAD/.mad/CONTEXT.md

# Design Planning: bug-approving-idea-from-webui-doesn't-work

**Description:** Approving an idea from the webui doesn't actua...
2026-03-07 14:34:11,230 INFO Starting claude in cwd=/home/paule/MAD with cmd: ['claude', '-p', 'Read /home/paule/MAD/.tmp/bug-approving-idea-from-webui-doesnt-work.instructions and follow the instructions exactly.', '--dangerously-skip-permissions']
2026-03-07 14:34:11,230 INFO status.feature_slug = 'bug-approving-idea-from-webui-doesnt-work'
2026-03-07 14:34:11,231 INFO Logging to: /home/paule/MAD/logs/claude-bug-approving-idea-from-webui-doesnt-work-1772922851.log
2026-03-07 14:36:49,787 INFO [runner] Read 6337 chars from output file
2026-03-07 14:36:49,787 INFO [runner] Log file closed
2026-03-07 14:36:49,844 INFO [runner] Wrote instructions for 'bug-approving-idea-from-webui-doesnt-work': 7535 chars
2026-03-07 14:36:49,844 INFO [runner] Instructions preview: Code Path: /home/paule/MAD
Context File: /home/paule/MAD/.mad/CONTEXT.md

You are a senior software architect reviewing a feature plan.

## Feature: bug-approving-idea-from-webui-doesn't-work

### Ori...
2026-03-07 14:36:49,847 INFO Starting kilo in cwd=/home/paule/MAD with cmd: ['kilo', 'run', '--auto', 'Read /home/paule/MAD/.tmp/bug-approving-idea-from-webui-doesnt-work.instructions and follow the instructions exactly.']
2026-03-07 14:36:49,847 INFO status.feature_slug = 'bug-approving-idea-from-webui-doesnt-work'
2026-03-07 14:36:49,847 INFO Logging to: /home/paule/MAD/logs/kilo-bug-approving-idea-from-webui-doesnt-work-1772923009.log
2026-03-07 14:38:57,285 INFO [runner] Read 44 chars from output file
2026-03-07 14:38:57,285 INFO [runner] Log file closed
2026-03-07 14:39:01,288 INFO [runner] Wrote instructions for 'bug-webui-has-truncated-plan-information': 2472 chars
2026-03-07 14:39:01,289 INFO [runner] Instructions preview: Code Path: /home/paule/MAD
Context File: /home/paule/MAD/.mad/CONTEXT.md

# Design Planning: Bug - webui has truncated plan information

**Description:** The webui for MAD appears to have truncated in...
2026-03-07 14:39:01,291 INFO Starting claude in cwd=/home/paule/MAD with cmd: ['claude', '-p', 'Read /home/paule/MAD/.tmp/bug-webui-has-truncated-plan-information.instructions and follow the instructions exactly.', '--dangerously-skip-permissions']
2026-03-07 14:39:01,291 INFO status.feature_slug = 'bug-webui-has-truncated-plan-information'
2026-03-07 14:39:01,293 INFO Logging to: /home/paule/MAD/logs/claude-bug-webui-has-truncated-plan-information-1772923141.log
2026-03-07 14:40:53,278 INFO [runner] Read 2018 chars from output file
2026-03-07 14:40:53,278 INFO [runner] Log file closed
2026-03-07 14:40:53,293 INFO [runner] Wrote instructions for 'bug-webui-has-truncated-plan-information': 3430 chars
2026-03-07 14:40:53,293 INFO [runner] Instructions preview: Code Path: /home/paule/MAD
Context File: /home/paule/MAD/.mad/CONTEXT.md

You are a senior software architect reviewing a feature plan.

## Feature: Bug - webui has truncated plan information

### Ori...
2026-03-07 14:40:53,294 INFO Starting kilo in cwd=/home/paule/MAD with cmd: ['kilo', 'run', '--auto', 'Read /home/paule/MAD/.tmp/bug-webui-has-truncated-plan-information.instructions and follow the instructions exactly.']
2026-03-07 14:40:53,294 INFO status.feature_slug = 'bug-webui-has-truncated-plan-information'
2026-03-07 14:40:53,294 INFO Logging to: /home/paule/MAD/logs/kilo-bug-webui-has-truncated-plan-information-1772923253.log
2026-03-07 14:42:18,494 INFO [runner] Read 507 chars from output file
2026-03-07 14:42:18,494 INFO [runner] Log file closed
2026-03-07 14:42:21,136 INFO [runner] Wrote instructions for 'bug-webui-has-truncated-plan-information': 2998 chars
2026-03-07 14:42:21,136 INFO [runner] Instructions preview: Code Path: /home/paule/MAD
Context File: /home/paule/MAD/.mad/CONTEXT.md

# Design Planning: Bug - webui has truncated plan information

**Description:** The webui for MAD appears to have truncated in...
2026-03-07 14:42:21,137 INFO Starting claude in cwd=/home/paule/MAD with cmd: ['claude', '-p', 'Read /home/paule/MAD/.tmp/bug-webui-has-truncated-plan-information.instructions and follow the instructions exactly.', '--dangerously-skip-permissions']
2026-03-07 14:42:21,137 INFO status.feature_slug = 'bug-webui-has-truncated-plan-information'
2026-03-07 14:42:21,138 INFO Logging to: /home/paule/MAD/logs/claude-bug-webui-has-truncated-plan-information-1772923341.log
2026-03-07 14:44:51,798 INFO [runner] Read 5105 chars from output file
2026-03-07 14:44:51,798 INFO [runner] Log file closed
2026-03-07 14:44:51,850 INFO [runner] Wrote instructions for 'bug-webui-has-truncated-plan-information': 6381 chars
2026-03-07 14:44:51,850 INFO [runner] Instructions preview: Code Path: /home/paule/MAD
Context File: /home/paule/MAD/.mad/CONTEXT.md

You are a senior software architect reviewing a feature plan.

## Feature: Bug - webui has truncated plan information

### Ori...
2026-03-07 14:44:51,856 INFO Starting kilo in cwd=/home/paule/MAD with cmd: ['kilo', 'run', '--auto', 'Read /home/paule/MAD/.tmp/bug-webui-has-truncated-plan-information.instructions and follow the instructions exactly.']
2026-03-07 14:44:51,857 INFO status.feature_slug = 'bug-webui-has-truncated-plan-information'
2026-03-07 14:44:51,857 INFO Logging to: /home/paule/MAD/logs/kilo-bug-webui-has-truncated-plan-information-1772923491.log
2026-03-07 14:46:32,174 INFO [runner] Read 904 chars from output file
2026-03-07 14:46:32,175 INFO [runner] Log file closed
2026-03-07 14:46:41,220 INFO [runner] Wrote instructions for 'bug-webui-has-truncated-plan-information': 3359 chars
2026-03-07 14:46:41,231 INFO [runner] Instructions preview: Code Path: /home/paule/MAD
Context File: /home/paule/MAD/.mad/CONTEXT.md

# Design Planning: Bug - webui has truncated plan information

**Description:** The webui for MAD appears to have truncated in...
2026-03-07 14:46:41,272 INFO Starting claude in cwd=/home/paule/MAD with cmd: ['claude', '-p', 'Read /home/paule/MAD/.tmp/bug-webui-has-truncated-plan-information.instructions and follow the instructions exactly.', '--dangerously-skip-permissions']
2026-03-07 14:46:41,272 INFO status.feature_slug = 'bug-webui-has-truncated-plan-information'
2026-03-07 14:46:41,272 INFO Logging to: /home/paule/MAD/logs/claude-bug-webui-has-truncated-plan-information-1772923601.log
2026-03-07 14:48:40,403 WARNING [runner] No log activity for 900s. Agent may be stuck. Feature: new-idea-client-specific, cwd: /home/paule/MAD
2026-03-07 14:48:40,403 WARNING [runner] Killing agent after 900s of no activity. Feature: new-idea-client-specific
2026-03-07 14:48:40,437 INFO [runner] Read 437 chars from output file
2026-03-07 14:48:40,437 INFO [runner] Log file closed
2026-03-07 14:49:14,680 INFO [runner] Read 5179 chars from output file
2026-03-07 14:49:14,681 INFO [runner] Log file closed
2026-03-07 14:49:14,694 INFO [runner] Wrote instructions for 'bug-webui-has-truncated-plan-information': 6487 chars
2026-03-07 14:49:14,694 INFO [runner] Instructions preview: Code Path: /home/paule/MAD
Context File: /home/paule/MAD/.mad/CONTEXT.md

You are a senior software architect reviewing a feature plan.

## Feature: Bug - webui has truncated plan information

### Ori...
2026-03-07 14:49:14,694 INFO Starting kilo in cwd=/home/paule/MAD with cmd: ['kilo', 'run', '--auto', 'Read /home/paule/MAD/.tmp/bug-webui-has-truncated-plan-information.instructions and follow the instructions exactly.']
2026-03-07 14:49:14,694 INFO status.feature_slug = 'bug-webui-has-truncated-plan-information'
2026-03-07 14:49:14,694 INFO Logging to: /home/paule/MAD/logs/kilo-bug-webui-has-truncated-plan-information-1772923754.log
2026-03-07 14:52:04,993 INFO [runner] Read 744 chars from output file
2026-03-07 14:52:04,993 INFO [runner] Log file closed
2026-03-07 14:52:11,126 INFO [runner] Wrote instructions for 'bug-webui-has-truncated-plan-information': 3232 chars
2026-03-07 14:52:11,126 INFO [runner] Instructions preview: Code Path: /home/paule/MAD
Context File: /home/paule/MAD/.mad/CONTEXT.md

# Design Planning: Bug - webui has truncated plan information

**Description:** The webui for MAD appears to have truncated in...
2026-03-07 14:52:11,127 INFO Starting claude in cwd=/home/paule/MAD with cmd: ['claude', '-p', 'Read /home/paule/MAD/.tmp/bug-webui-has-truncated-plan-information.instructions and follow the instructions exactly.', '--dangerously-skip-permissions']
2026-03-07 14:52:11,127 INFO status.feature_slug = 'bug-webui-has-truncated-plan-information'
2026-03-07 14:52:11,127 INFO Logging to: /home/paule/MAD/logs/claude-bug-webui-has-truncated-plan-information-1772923931.log
2026-03-07 14:55:23,882 INFO [runner] Read 4173 chars from output file
2026-03-07 14:55:23,882 INFO [runner] Log file closed
2026-03-07 14:55:23,897 INFO [runner] Wrote instructions for 'bug-webui-has-truncated-plan-information': 5481 chars
2026-03-07 14:55:23,897 INFO [runner] Instructions preview: Code Path: /home/paule/MAD
Context File: /home/paule/MAD/.mad/CONTEXT.md

You are a senior software architect reviewing a feature plan.

## Feature: Bug - webui has truncated plan information

### Ori...
2026-03-07 14:55:23,898 INFO Starting kilo in cwd=/home/paule/MAD with cmd: ['kilo', 'run', '--auto', 'Read /home/paule/MAD/.tmp/bug-webui-has-truncated-plan-information.instructions and follow the instructions exactly.']
2026-03-07 14:55:23,898 INFO status.feature_slug = 'bug-webui-has-truncated-plan-information'
2026-03-07 14:55:23,898 INFO Logging to: /home/paule/MAD/logs/kilo-bug-webui-has-truncated-plan-information-1772924123.log
2026-03-07 14:56:20,499 INFO [runner] Read 44 chars from output file
2026-03-07 14:56:20,500 INFO [runner] Log file closed
2026-03-07 14:56:21,015 INFO [runner] Wrote instructions for 'planning-questions-review': 2339 chars
2026-03-07 14:56:21,015 INFO [runner] Instructions preview: Code Path: /home/paule/MAD
Context File: /home/paule/MAD/.mad/CONTEXT.md

# Design Planning: Planning questions review

**Description:** Make sure the planning agent is told to ask the user questions ...
2026-03-07 14:56:21,016 INFO Starting claude in cwd=/home/paule/MAD with cmd: ['claude', '-p', 'Read /home/paule/MAD/.tmp/planning-questions-review.instructions and follow the instructions exactly.', '--dangerously-skip-permissions']
2026-03-07 14:56:21,016 INFO status.feature_slug = 'planning-questions-review'
2026-03-07 14:56:21,017 INFO Logging to: /home/paule/MAD/logs/claude-planning-questions-review-1772924181.log
2026-03-07 14:57:27,876 INFO [runner] Read 1666 chars from output file
2026-03-07 14:57:27,876 INFO [runner] Log file closed
2026-03-07 14:57:27,890 INFO [runner] Wrote instructions for 'planning-questions-review': 2997 chars
2026-03-07 14:57:27,890 INFO [runner] Instructions preview: Code Path: /home/paule/MAD
Context File: /home/paule/MAD/.mad/CONTEXT.md

You are a senior software architect reviewing a feature plan.

## Feature: Planning questions review

### Original Description...
2026-03-07 14:57:27,890 INFO Starting kilo in cwd=/home/paule/MAD with cmd: ['kilo', 'run', '--auto', 'Read /home/paule/MAD/.tmp/planning-questions-review.instructions and follow the instructions exactly.']
2026-03-07 14:57:27,891 INFO status.feature_slug = 'planning-questions-review'
2026-03-07 14:57:27,891 INFO Logging to: /home/paule/MAD/logs/kilo-planning-questions-review-1772924247.log
2026-03-07 14:58:15,131 INFO [runner] Read 44 chars from output file
2026-03-07 14:58:15,131 INFO [runner] Log file closed
2026-03-07 14:58:21,009 INFO [runner] Wrote instructions for 'add-review-sections-to-webui': 2332 chars
2026-03-07 14:58:21,009 INFO [runner] Instructions preview: Code Path: /home/paule/MAD
Context File: /home/paule/MAD/.mad/CONTEXT.md

# Design Planning: Add review sections to webui

**Description:** Needs to make sure the new "review" sections are added to th...
2026-03-07 14:58:21,010 INFO Starting claude in cwd=/home/paule/MAD with cmd: ['claude', '-p', 'Read /home/paule/MAD/.tmp/add-review-sections-to-webui.instructions and follow the instructions exactly.', '--dangerously-skip-permissions']
2026-03-07 14:58:21,010 INFO status.feature_slug = 'add-review-sections-to-webui'
2026-03-07 14:58:21,011 INFO Logging to: /home/paule/MAD/logs/claude-add-review-sections-to-webui-1772924301.log
2026-03-07 15:00:28,333 INFO [runner] Read 3709 chars from output file
2026-03-07 15:00:28,333 INFO [runner] Log file closed
2026-03-07 15:00:28,348 INFO [runner] Wrote instructions for 'add-review-sections-to-webui': 4961 chars
2026-03-07 15:00:28,348 INFO [runner] Instructions preview: Code Path: /home/paule/MAD
Context File: /home/paule/MAD/.mad/CONTEXT.md

You are a senior software architect reviewing a feature plan.

## Feature: Add review sections to webui

### Original Descript...
2026-03-07 15:00:28,348 INFO Starting kilo in cwd=/home/paule/MAD with cmd: ['kilo', 'run', '--auto', 'Read /home/paule/MAD/.tmp/add-review-sections-to-webui.instructions and follow the instructions exactly.']
2026-03-07 15:00:28,348 INFO status.feature_slug = 'add-review-sections-to-webui'
2026-03-07 15:00:28,348 INFO Logging to: /home/paule/MAD/logs/kilo-add-review-sections-to-webui-1772924428.log
2026-03-07 15:03:15,676 INFO [runner] Read 44 chars from output file
2026-03-07 15:03:15,676 INFO [runner] Log file closed
2026-03-07 15:03:21,042 INFO [runner] Wrote instructions for 'bug-after-creating-new-idea-button-hangs': 2532 chars
2026-03-07 15:03:21,043 INFO [runner] Instructions preview: Code Path: /home/paule/MAD
Context File: /home/paule/MAD/.mad/CONTEXT.md

# Design Planning: bug-after-creating-new-idea-button-hangs

**Description:** After creating a new idea, the Create Idea butto...
2026-03-07 15:03:21,043 INFO Starting claude in cwd=/home/paule/MAD with cmd: ['claude', '-p', 'Read /home/paule/MAD/.tmp/bug-after-creating-new-idea-button-hangs.instructions and follow the instructions exactly.', '--dangerously-skip-permissions']
2026-03-07 15:03:21,043 INFO status.feature_slug = 'bug-after-creating-new-idea-button-hangs'
2026-03-07 15:03:21,043 INFO Logging to: /home/paule/MAD/logs/claude-bug-after-creating-new-idea-button-hangs-1772924601.log
2026-03-07 15:05:56,009 INFO [runner] Read 1504 chars from output file
2026-03-07 15:05:56,009 INFO [runner] Log file closed
2026-03-07 15:05:56,022 INFO [runner] Wrote instructions for 'bug-after-creating-new-idea-button-hangs': 2990 chars
2026-03-07 15:05:56,022 INFO [runner] Instructions preview: Code Path: /home/paule/MAD
Context File: /home/paule/MAD/.mad/CONTEXT.md

You are a senior software architect reviewing a feature plan.

## Feature: bug-after-creating-new-idea-button-hangs

### Origi...
2026-03-07 15:05:56,023 INFO Starting kilo in cwd=/home/paule/MAD with cmd: ['kilo', 'run', '--auto', 'Read /home/paule/MAD/.tmp/bug-after-creating-new-idea-button-hangs.instructions and follow the instructions exactly.']
2026-03-07 15:05:56,023 INFO status.feature_slug = 'bug-after-creating-new-idea-button-hangs'
2026-03-07 15:05:56,023 INFO Logging to: /home/paule/MAD/logs/kilo-bug-after-creating-new-idea-button-hangs-1772924756.log
2026-03-07 15:07:23,554 INFO [runner] Read 44 chars from output file
2026-03-07 15:07:23,555 INFO [runner] Log file closed
2026-03-07 15:44:35,915 INFO [runner] Loaded checkpoint for new-idea-client-specific: 4 completed steps
2026-03-07 15:44:35,915 INFO [runner] Wrote instructions for 'new-idea-client-specific': 8426 chars
2026-03-07 15:44:35,915 INFO [runner] Instructions preview: Code Path: /home/paule/MAD
Context File: /home/paule/MAD/.mad/CONTEXT.md

Verify tests for the following implemented feature.

Feature: new-idea-client-specific

Test Spec (behaviors that must be veri...
2026-03-07 15:44:35,916 INFO Starting kilo in cwd=/home/paule/MAD with cmd: ['kilo', 'run', '--auto', 'Read /home/paule/MAD/.tmp/new-idea-client-specific.instructions and follow the instructions exactly.']
2026-03-07 15:44:35,916 INFO status.feature_slug = 'new-idea-client-specific'
2026-03-07 15:44:35,916 INFO Logging to: /home/paule/MAD/logs/kilo-new-idea-client-specific-1772927075.log
2026-03-07 15:47:01,013 INFO [runner] Read 731 chars from output file
2026-03-07 15:47:01,013 INFO [runner] Log file closed
2026-03-07 15:47:01,030 INFO [runner] Wrote instructions for 'new-idea-client-specific': 10907 chars
2026-03-07 15:47:01,030 INFO [runner] Instructions preview: Code Path: /home/paule/MAD
Context File: /home/paule/MAD/.mad/CONTEXT.md

You are an AI coding agent tasked with fixing specific issues found in a code review.

## Feature: new-idea-client-specific

#...
2026-03-07 15:47:01,030 INFO Starting kilo in cwd=/home/paule/MAD with cmd: ['kilo', 'run', '--auto', 'Read /home/paule/MAD/.tmp/new-idea-client-specific.instructions and follow the instructions exactly.']
2026-03-07 15:47:01,030 INFO status.feature_slug = 'new-idea-client-specific'
2026-03-07 15:47:01,030 INFO Logging to: /home/paule/MAD/logs/kilo-new-idea-client-specific-1772927221.log
2026-03-07 15:57:40,265 INFO [runner] Loaded checkpoint for new-idea-client-specific: 3 completed steps
2026-03-07 15:57:40,265 INFO [runner] Wrote instructions for 'new-idea-client-specific': 10670 chars
2026-03-07 15:57:40,265 INFO [runner] Instructions preview: Code Path: /home/paule/MAD
Context File: /home/paule/MAD/.mad/CONTEXT.md

You are a senior code reviewer tasked with critically evaluating an implementation.

## Feature: new-idea-client-specific

###...
2026-03-07 15:57:40,266 INFO Starting claude in cwd=/home/paule/MAD with cmd: ['claude', '-p', 'Read /home/paule/MAD/.tmp/new-idea-client-specific.instructions and follow the instructions exactly.', '--dangerously-skip-permissions']
2026-03-07 15:57:40,266 INFO status.feature_slug = 'new-idea-client-specific'
2026-03-07 15:57:40,266 INFO Logging to: /home/paule/MAD/logs/claude-new-idea-client-specific-1772927860.log
2026-03-07 15:58:05,755 INFO [runner] Read 44 chars from output file
2026-03-07 15:58:05,755 INFO [runner] Log file closed
2026-03-07 16:09:31,710 INFO [runner] Wrote instructions for 'move-agent-definitions-to-mad-built-in': 2766 chars
2026-03-07 16:09:31,710 INFO [runner] Instructions preview: Code Path: /home/paule/MAD
Context File: /home/paule/MAD/.mad/CONTEXT.md

# Design Planning: move agent definitions to MAD built-in

**Description:** Agent definitions - how to run kilo or claude - re...
2026-03-07 16:09:31,710 INFO Starting claude in cwd=/home/paule/MAD with cmd: ['claude', '-p', 'Read /home/paule/MAD/.tmp/move-agent-definitions-to-mad-built-in.instructions and follow the instructions exactly.', '--dangerously-skip-permissions']
2026-03-07 16:09:31,710 INFO status.feature_slug = 'move-agent-definitions-to-mad-built-in'
2026-03-07 16:09:31,710 INFO Logging to: /home/paule/MAD/logs/claude-move-agent-definitions-to-mad-built-in-1772928571.log
2026-03-07 16:12:30,060 INFO [runner] Read 8118 chars from output file
2026-03-07 16:12:30,060 INFO [runner] Log file closed
